OrderID,LineID,OrderDate,ProductKey,CustomerKey,RegionKey,Product,Category,Region,Quantity,UnitPrice,Discount,UnitCost,GrossRevenue,NetRevenue,TotalCost,Profit
O00001,1,2022-01-01,3,55,4,Notebook,Stationery,West,4,5.0,0.1,2.0,20.0,18.0,8.0,10.0
O00002,1,2022-01-01,4,40,2,Mouse,Electronics,South,6,25.0,0.15,12.0,150.0,127.5,72.0,55.5
O00002,2,2022-01-01,4,40,2,Mouse,Electronics,South,1,25.0,0.15,12.0,25.0,21.25,12.0,9.25
O00003,1,2022-01-02,2,27,3,Chair,Furniture,East,3,150.0,0.0,90.0,450.0,450.0,270.0,180.0
O00003,2,2022-01-02,2,27,3,Chair,Furniture,East,3,150.0,0.0,90.0,450.0,450.0,270.0,180.0
O00004,1,2022-01-02,3,55,1,Notebook,Stationery,North,1,5.0,0.0,2.0,5.0,5.0,2.0,3.0
O00004,2,2022-01-02,3,55,1,Notebook,Stationery,North,6,5.0,0.05,2.0,30.0,28.5,12.0,16.5
O00004,3,2022-01-02,4,55,1,Mouse,Electronics,North,6,25.0,0.0,12.0,150.0,150.0,72.0,78.0
O00005,1,2022-01-03,4,8,3,Mouse,Electronics,East,1,25.0,0.05,12.0,25.0,23.75,12.0,11.75
O00005,2,2022-01-03,4,8,3,Mouse,Electronics,East,2,25.0,0.0,12.0,50.0,50.0,24.0,26.0
O00006,1,2022-01-03,4,19,3,Mouse,Electronics,East,5,25.0,0.0,12.0,125.0,125.0,60.0,65.0
O00006,2,2022-01-03,3,19,3,Notebook,Stationery,East,3,5.0,0.15,2.0,15.0,12.75,6.0,6.75
O00007,1,2022-01-04,4,7,2,Mouse,Electronics,South,4,25.0,0.0,12.0,100.0,100.0,48.0,52.0
O00007,2,2022-01-04,2,7,2,Chair,Furniture,South,3,150.0,0.15,90.0,450.0,382.5,270.0,112.5
O00007,3,2022-01-04,1,7,2,Laptop,Electronics,South,2,800.0,0.05,500.0,1600.0,1520.0,1000.0,520.0
O00008,1,2022-01-04,4,66,2,Mouse,Electronics,South,5,25.0,0.1,12.0,125.0,112.5,60.0,52.5
O00009,1,2022-01-05,4,3,4,Mouse,Electronics,West,5,25.0,0.05,12.0,125.0,118.75,60.0,58.75
O00009,2,2022-01-05,3,3,4,Notebook,Stationery,West,2,5.0,0.15,2.0,10.0,8.5,4.0,4.5
O00009,3,2022-01-05,2,3,4,Chair,Furniture,West,5,150.0,0.05,90.0,750.0,712.5,450.0,262.5
O00010,1,2022-01-05,2,3,2,Chair,Furniture,South,6,150.0,0.1,90.0,900.0,810.0,540.0,270.0
O00011,1,2022-01-06,3,42,4,Notebook,Stationery,West,3,5.0,0.0,2.0,15.0,15.0,6.0,9.0
O00011,2,2022-01-06,4,42,4,Mouse,Electronics,West,2,25.0,0.05,12.0,50.0,47.5,24.0,23.5
O00012,1,2022-01-06,2,34,1,Chair,Furniture,North,2,150.0,0.0,90.0,300.0,300.0,180.0,120.0
O00012,2,2022-01-06,3,34,1,Notebook,Stationery,North,2,5.0,0.15,2.0,10.0,8.5,4.0,4.5
O00013,1,2022-01-07,1,61,3,Laptop,Electronics,East,2,800.0,0.1,500.0,1600.0,1440.0,1000.0,440.0
O00013,2,2022-01-07,1,61,3,Laptop,Electronics,East,6,800.0,0.0,500.0,4800.0,4800.0,3000.0,1800.0
O00013,3,2022-01-07,1,61,3,Laptop,Electronics,East,3,800.0,0.15,500.0,2400.0,2040.0,1500.0,540.0
O00014,1,2022-01-07,2,48,4,Chair,Furniture,West,6,150.0,0.05,90.0,900.0,855.0,540.0,315.0
O00014,2,2022-01-07,1,48,4,Laptop,Electronics,West,2,800.0,0.15,500.0,1600.0,1360.0,1000.0,360.0
O00014,3,2022-01-07,4,48,4,Mouse,Electronics,West,4,25.0,0.0,12.0,100.0,100.0,48.0,52.0
O00015,1,2022-01-08,4,21,4,Mouse,Electronics,West,2,25.0,0.1,12.0,50.0,45.0,24.0,21.0
O00016,1,2022-01-08,2,36,1,Chair,Furniture,North,4,150.0,0.15,90.0,600.0,510.0,360.0,150.0
O00016,2,2022-01-08,2,36,1,Chair,Furniture,North,2,150.0,0.0,90.0,300.0,300.0,180.0,120.0
O00017,1,2022-01-09,2,33,1,Chair,Furniture,North,3,150.0,0.15,90.0,450.0,382.5,270.0,112.5
O00017,2,2022-01-09,2,33,1,Chair,Furniture,North,6,150.0,0.05,90.0,900.0,855.0,540.0,315.0
O00018,1,2022-01-09,3,50,2,Notebook,Stationery,South,2,5.0,0.05,2.0,10.0,9.5,4.0,5.5
O00018,2,2022-01-09,2,50,2,Chair,Furniture,South,5,150.0,0.1,90.0,750.0,675.0,450.0,225.0
O00018,3,2022-01-09,3,50,2,Notebook,Stationery,South,2,5.0,0.15,2.0,10.0,8.5,4.0,4.5
O00019,1,2022-01-10,4,27,2,Mouse,Electronics,South,1,25.0,0.0,12.0,25.0,25.0,12.0,13.0
O00019,2,2022-01-10,3,27,2,Notebook,Stationery,South,4,5.0,0.0,2.0,20.0,20.0,8.0,12.0
O00019,3,2022-01-10,2,27,2,Chair,Furniture,South,2,150.0,0.0,90.0,300.0,300.0,180.0,120.0
O00020,1,2022-01-10,3,41,2,Notebook,Stationery,South,2,5.0,0.0,2.0,10.0,10.0,4.0,6.0
O00020,2,2022-01-10,3,41,2,Notebook,Stationery,South,6,5.0,0.05,2.0,30.0,28.5,12.0,16.5
O00020,3,2022-01-10,1,41,2,Laptop,Electronics,South,2,800.0,0.05,500.0,1600.0,1520.0,1000.0,520.0
O00021,1,2022-01-11,2,40,3,Chair,Furniture,East,4,150.0,0.15,90.0,600.0,510.0,360.0,150.0
O00021,2,2022-01-11,1,40,3,Laptop,Electronics,East,6,800.0,0.05,500.0,4800.0,4560.0,3000.0,1560.0
O00022,1,2022-01-11,2,49,4,Chair,Furniture,West,5,150.0,0.1,90.0,750.0,675.0,450.0,225.0
O00023,1,2022-01-12,4,3,4,Mouse,Electronics,West,4,25.0,0.15,12.0,100.0,85.0,48.0,37.0
O00023,2,2022-01-12,4,3,4,Mouse,Electronics,West,3,25.0,0.0,12.0,75.0,75.0,36.0,39.0
O00023,3,2022-01-12,4,3,4,Mouse,Electronics,West,5,25.0,0.05,12.0,125.0,118.75,60.0,58.75
O00024,1,2022-01-12,1,47,3,Laptop,Electronics,East,2,800.0,0.0,500.0,1600.0,1600.0,1000.0,600.0
O00024,2,2022-01-12,2,47,3,Chair,Furniture,East,1,150.0,0.15,90.0,150.0,127.5,90.0,37.5
O00025,1,2022-01-13,4,16,4,Mouse,Electronics,West,5,25.0,0.15,12.0,125.0,106.25,60.0,46.25
O00025,2,2022-01-13,2,16,4,Chair,Furniture,West,2,150.0,0.0,90.0,300.0,300.0,180.0,120.0
O00025,3,2022-01-13,1,16,4,Laptop,Electronics,West,5,800.0,0.15,500.0,4000.0,3400.0,2500.0,900.0
O00026,1,2022-01-13,1,31,2,Laptop,Electronics,South,5,800.0,0.15,500.0,4000.0,3400.0,2500.0,900.0
O00026,2,2022-01-13,1,31,2,Laptop,Electronics,South,1,800.0,0.15,500.0,800.0,680.0,500.0,180.0
O00027,1,2022-01-14,1,46,4,Laptop,Electronics,West,3,800.0,0.1,500.0,2400.0,2160.0,1500.0,660.0
O00028,1,2022-01-14,3,79,2,Notebook,Stationery,South,3,5.0,0.1,2.0,15.0,13.5,6.0,7.5
O00028,2,2022-01-14,2,79,2,Chair,Furniture,South,5,150.0,0.05,90.0,750.0,712.5,450.0,262.5
O00029,1,2022-01-15,3,41,2,Notebook,Stationery,South,1,5.0,0.1,2.0,5.0,4.5,2.0,2.5
O00030,1,2022-01-15,2,27,4,Chair,Furniture,West,2,150.0,0.15,90.0,300.0,255.0,180.0,75.0
O00030,2,2022-01-15,3,27,4,Notebook,Stationery,West,6,5.0,0.15,2.0,30.0,25.5,12.0,13.5
O00030,3,2022-01-15,3,27,4,Notebook,Stationery,West,3,5.0,0.05,2.0,15.0,14.25,6.0,8.25
O00031,1,2022-01-16,3,70,1,Notebook,Stationery,North,4,5.0,0.05,2.0,20.0,19.0,8.0,11.0
O00031,2,2022-01-16,1,70,1,Laptop,Electronics,North,5,800.0,0.15,500.0,4000.0,3400.0,2500.0,900.0
O00032,1,2022-01-16,2,72,1,Chair,Furniture,North,6,150.0,0.1,90.0,900.0,810.0,540.0,270.0
O00032,2,2022-01-16,2,72,1,Chair,Furniture,North,1,150.0,0.15,90.0,150.0,127.5,90.0,37.5
O00032,3,2022-01-16,3,72,1,Notebook,Stationery,North,6,5.0,0.1,2.0,30.0,27.0,12.0,15.0
O00033,1,2022-01-17,3,30,1,Notebook,Stationery,North,5,5.0,0.15,2.0,25.0,21.25,10.0,11.25
O00033,2,2022-01-17,3,30,1,Notebook,Stationery,North,3,5.0,0.0,2.0,15.0,15.0,6.0,9.0
O00034,1,2022-01-17,3,6,1,Notebook,Stationery,North,5,5.0,0.0,2.0,25.0,25.0,10.0,15.0
O00034,2,2022-01-17,1,6,1,Laptop,Electronics,North,5,800.0,0.1,500.0,4000.0,3600.0,2500.0,1100.0
O00035,1,2022-01-18,1,12,2,Laptop,Electronics,South,5,800.0,0.15,500.0,4000.0,3400.0,2500.0,900.0
O00036,1,2022-01-18,4,9,2,Mouse,Electronics,South,6,25.0,0.05,12.0,150.0,142.5,72.0,70.5
O00036,2,2022-01-18,2,9,2,Chair,Furniture,South,1,150.0,0.1,90.0,150.0,135.0,90.0,45.0
O00037,1,2022-01-19,3,55,4,Notebook,Stationery,West,5,5.0,0.15,2.0,25.0,21.25,10.0,11.25
O00038,1,2022-01-19,2,56,2,Chair,Furniture,South,5,150.0,0.15,90.0,750.0,637.5,450.0,187.5
O00039,1,2022-01-20,2,45,2,Chair,Furniture,South,5,150.0,0.0,90.0,750.0,750.0,450.0,300.0
O00039,2,2022-01-20,1,45,2,Laptop,Electronics,South,1,800.0,0.0,500.0,800.0,800.0,500.0,300.0
O00039,3,2022-01-20,2,45,2,Chair,Furniture,South,5,150.0,0.0,90.0,750.0,750.0,450.0,300.0
O00040,1,2022-01-20,4,19,2,Mouse,Electronics,South,6,25.0,0.15,12.0,150.0,127.5,72.0,55.5
O00041,1,2022-01-21,1,72,3,Laptop,Electronics,East,6,800.0,0.05,500.0,4800.0,4560.0,3000.0,1560.0
O00041,2,2022-01-21,4,72,3,Mouse,Electronics,East,6,25.0,0.1,12.0,150.0,135.0,72.0,63.0
O00041,3,2022-01-21,2,72,3,Chair,Furniture,East,4,150.0,0.05,90.0,600.0,570.0,360.0,210.0
O00042,1,2022-01-21,4,27,3,Mouse,Electronics,East,5,25.0,0.1,12.0,125.0,112.5,60.0,52.5
O00042,2,2022-01-21,1,27,3,Laptop,Electronics,East,3,800.0,0.1,500.0,2400.0,2160.0,1500.0,660.0
O00042,3,2022-01-21,4,27,3,Mouse,Electronics,East,5,25.0,0.1,12.0,125.0,112.5,60.0,52.5
O00043,1,2022-01-22,2,36,2,Chair,Furniture,South,6,150.0,0.05,90.0,900.0,855.0,540.0,315.0
O00043,2,2022-01-22,4,36,2,Mouse,Electronics,South,2,25.0,0.0,12.0,50.0,50.0,24.0,26.0
O00044,1,2022-01-22,1,38,4,Laptop,Electronics,West,3,800.0,0.0,500.0,2400.0,2400.0,1500.0,900.0
O00044,2,2022-01-22,3,38,4,Notebook,Stationery,West,5,5.0,0.0,2.0,25.0,25.0,10.0,15.0
O00045,1,2022-01-23,2,59,3,Chair,Furniture,East,4,150.0,0.05,90.0,600.0,570.0,360.0,210.0
O00045,2,2022-01-23,3,59,3,Notebook,Stationery,East,5,5.0,0.1,2.0,25.0,22.5,10.0,12.5
O00045,3,2022-01-23,4,59,3,Mouse,Electronics,East,4,25.0,0.05,12.0,100.0,95.0,48.0,47.0
O00046,1,2022-01-23,2,5,4,Chair,Furniture,West,6,150.0,0.0,90.0,900.0,900.0,540.0,360.0
O00047,1,2022-01-24,3,76,2,Notebook,Stationery,South,4,5.0,0.05,2.0,20.0,19.0,8.0,11.0
O00047,2,2022-01-24,1,76,2,Laptop,Electronics,South,3,800.0,0.0,500.0,2400.0,2400.0,1500.0,900.0
O00047,3,2022-01-24,3,76,2,Notebook,Stationery,South,4,5.0,0.05,2.0,20.0,19.0,8.0,11.0
O00048,1,2022-01-24,1,8,1,Laptop,Electronics,North,3,800.0,0.15,500.0,2400.0,2040.0,1500.0,540.0
O00048,2,2022-01-24,2,8,1,Chair,Furniture,North,6,150.0,0.15,90.0,900.0,765.0,540.0,225.0
O00049,1,2022-01-25,1,61,2,Laptop,Electronics,South,5,800.0,0.0,500.0,4000.0,4000.0,2500.0,1500.0
O00050,1,2022-01-25,2,40,4,Chair,Furniture,West,3,150.0,0.1,90.0,450.0,405.0,270.0,135.0
O00050,2,2022-01-25,1,40,4,Laptop,Electronics,West,1,800.0,0.05,500.0,800.0,760.0,500.0,260.0
O00050,3,2022-01-25,3,40,4,Notebook,Stationery,West,4,5.0,0.0,2.0,20.0,20.0,8.0,12.0
O00051,1,2022-01-26,3,48,1,Notebook,Stationery,North,4,5.0,0.1,2.0,20.0,18.0,8.0,10.0
O00051,2,2022-01-26,1,48,1,Laptop,Electronics,North,4,800.0,0.05,500.0,3200.0,3040.0,2000.0,1040.0
O00051,3,2022-01-26,1,48,1,Laptop,Electronics,North,4,800.0,0.0,500.0,3200.0,3200.0,2000.0,1200.0
O00052,1,2022-01-26,1,58,3,Laptop,Electronics,East,1,800.0,0.1,500.0,800.0,720.0,500.0,220.0
O00053,1,2022-01-27,4,22,4,Mouse,Electronics,West,1,25.0,0.0,12.0,25.0,25.0,12.0,13.0
O00053,2,2022-01-27,2,22,4,Chair,Furniture,West,3,150.0,0.15,90.0,450.0,382.5,270.0,112.5
O00053,3,2022-01-27,4,22,4,Mouse,Electronics,West,6,25.0,0.15,12.0,150.0,127.5,72.0,55.5
O00054,1,2022-01-27,1,46,4,Laptop,Electronics,West,5,800.0,0.1,500.0,4000.0,3600.0,2500.0,1100.0
O00054,2,2022-01-27,3,46,4,Notebook,Stationery,West,4,5.0,0.1,2.0,20.0,18.0,8.0,10.0
O00054,3,2022-01-27,1,46,4,Laptop,Electronics,West,4,800.0,0.05,500.0,3200.0,3040.0,2000.0,1040.0
O00055,1,2022-01-28,4,2,2,Mouse,Electronics,South,3,25.0,0.15,12.0,75.0,63.75,36.0,27.75
O00055,2,2022-01-28,4,2,2,Mouse,Electronics,South,5,25.0,0.0,12.0,125.0,125.0,60.0,65.0
O00055,3,2022-01-28,1,2,2,Laptop,Electronics,South,4,800.0,0.05,500.0,3200.0,3040.0,2000.0,1040.0
O00056,1,2022-01-28,3,47,1,Notebook,Stationery,North,5,5.0,0.1,2.0,25.0,22.5,10.0,12.5
O00056,2,2022-01-28,3,47,1,Notebook,Stationery,North,1,5.0,0.1,2.0,5.0,4.5,2.0,2.5
O00057,1,2022-01-29,4,24,4,Mouse,Electronics,West,5,25.0,0.0,12.0,125.0,125.0,60.0,65.0
O00057,2,2022-01-29,4,24,4,Mouse,Electronics,West,5,25.0,0.15,12.0,125.0,106.25,60.0,46.25
O00057,3,2022-01-29,4,24,4,Mouse,Electronics,West,3,25.0,0.15,12.0,75.0,63.75,36.0,27.75
O00058,1,2022-01-29,4,20,3,Mouse,Electronics,East,2,25.0,0.15,12.0,50.0,42.5,24.0,18.5
O00058,2,2022-01-29,2,20,3,Chair,Furniture,East,6,150.0,0.15,90.0,900.0,765.0,540.0,225.0
O00059,1,2022-01-30,3,77,3,Notebook,Stationery,East,2,5.0,0.1,2.0,10.0,9.0,4.0,5.0
O00059,2,2022-01-30,4,77,3,Mouse,Electronics,East,6,25.0,0.1,12.0,150.0,135.0,72.0,63.0
O00060,1,2022-01-30,4,42,4,Mouse,Electronics,West,5,25.0,0.15,12.0,125.0,106.25,60.0,46.25
O00060,2,2022-01-30,2,42,4,Chair,Furniture,West,3,150.0,0.15,90.0,450.0,382.5,270.0,112.5
O00060,3,2022-01-30,1,42,4,Laptop,Electronics,West,5,800.0,0.05,500.0,4000.0,3800.0,2500.0,1300.0
O00061,1,2022-01-31,2,32,2,Chair,Furniture,South,6,150.0,0.0,90.0,900.0,900.0,540.0,360.0
O00061,2,2022-01-31,1,32,2,Laptop,Electronics,South,4,800.0,0.15,500.0,3200.0,2720.0,2000.0,720.0
O00062,1,2022-01-31,4,7,2,Mouse,Electronics,South,5,25.0,0.1,12.0,125.0,112.5,60.0,52.5
O00062,2,2022-01-31,1,7,2,Laptop,Electronics,South,5,800.0,0.05,500.0,4000.0,3800.0,2500.0,1300.0
O00063,1,2022-02-01,2,8,4,Chair,Furniture,West,2,150.0,0.05,90.0,300.0,285.0,180.0,105.0
O00063,2,2022-02-01,3,8,4,Notebook,Stationery,West,1,5.0,0.1,2.0,5.0,4.5,2.0,2.5
O00064,1,2022-02-01,3,19,3,Notebook,Stationery,East,1,5.0,0.05,2.0,5.0,4.75,2.0,2.75
O00064,2,2022-02-01,2,19,3,Chair,Furniture,East,1,150.0,0.15,90.0,150.0,127.5,90.0,37.5
O00065,1,2022-02-02,1,72,4,Laptop,Electronics,West,5,800.0,0.05,500.0,4000.0,3800.0,2500.0,1300.0
O00065,2,2022-02-02,3,72,4,Notebook,Stationery,West,3,5.0,0.15,2.0,15.0,12.75,6.0,6.75
O00066,1,2022-02-02,3,52,3,Notebook,Stationery,East,4,5.0,0.1,2.0,20.0,18.0,8.0,10.0
O00066,2,2022-02-02,2,52,3,Chair,Furniture,East,1,150.0,0.15,90.0,150.0,127.5,90.0,37.5
O00066,3,2022-02-02,2,52,3,Chair,Furniture,East,5,150.0,0.0,90.0,750.0,750.0,450.0,300.0
O00067,1,2022-02-03,3,80,2,Notebook,Stationery,South,4,5.0,0.0,2.0,20.0,20.0,8.0,12.0
O00067,2,2022-02-03,2,80,2,Chair,Furniture,South,1,150.0,0.1,90.0,150.0,135.0,90.0,45.0
O00068,1,2022-02-03,1,50,1,Laptop,Electronics,North,3,800.0,0.05,500.0,2400.0,2280.0,1500.0,780.0
O00068,2,2022-02-03,3,50,1,Notebook,Stationery,North,2,5.0,0.0,2.0,10.0,10.0,4.0,6.0
O00069,1,2022-02-04,4,52,3,Mouse,Electronics,East,1,25.0,0.15,12.0,25.0,21.25,12.0,9.25
O00070,1,2022-02-04,1,28,3,Laptop,Electronics,East,3,800.0,0.05,500.0,2400.0,2280.0,1500.0,780.0
O00070,2,2022-02-04,2,28,3,Chair,Furniture,East,1,150.0,0.0,90.0,150.0,150.0,90.0,60.0
O00070,3,2022-02-04,3,28,3,Notebook,Stationery,East,1,5.0,0.0,2.0,5.0,5.0,2.0,3.0
O00071,1,2022-02-05,4,29,1,Mouse,Electronics,North,3,25.0,0.05,12.0,75.0,71.25,36.0,35.25
O00072,1,2022-02-05,4,62,4,Mouse,Electronics,West,6,25.0,0.15,12.0,150.0,127.5,72.0,55.5
O00072,2,2022-02-05,2,62,4,Chair,Furniture,West,2,150.0,0.1,90.0,300.0,270.0,180.0,90.0
O00073,1,2022-02-06,1,28,2,Laptop,Electronics,South,3,800.0,0.15,500.0,2400.0,2040.0,1500.0,540.0
O00073,2,2022-02-06,3,28,2,Notebook,Stationery,South,1,5.0,0.1,2.0,5.0,4.5,2.0,2.5
O00073,3,2022-02-06,1,28,2,Laptop,Electronics,South,6,800.0,0.0,500.0,4800.0,4800.0,3000.0,1800.0
O00074,1,2022-02-06,3,22,3,Notebook,Stationery,East,1,5.0,0.15,2.0,5.0,4.25,2.0,2.25
O00075,1,2022-02-07,2,12,2,Chair,Furniture,South,3,150.0,0.1,90.0,450.0,405.0,270.0,135.0
O00076,1,2022-02-07,1,47,3,Laptop,Electronics,East,5,800.0,0.15,500.0,4000.0,3400.0,2500.0,900.0
O00076,2,2022-02-07,4,47,3,Mouse,Electronics,East,3,25.0,0.1,12.0,75.0,67.5,36.0,31.5
O00077,1,2022-02-08,4,14,1,Mouse,Electronics,North,4,25.0,0.0,12.0,100.0,100.0,48.0,52.0
O00078,1,2022-02-08,1,35,3,Laptop,Electronics,East,5,800.0,0.15,500.0,4000.0,3400.0,2500.0,900.0
O00078,2,2022-02-08,3,35,3,Notebook,Stationery,East,6,5.0,0.1,2.0,30.0,27.0,12.0,15.0
O00079,1,2022-02-09,1,12,3,Laptop,Electronics,East,4,800.0,0.1,500.0,3200.0,2880.0,2000.0,880.0
O00080,1,2022-02-09,3,62,1,Notebook,Stationery,North,1,5.0,0.15,2.0,5.0,4.25,2.0,2.25
O00080,2,2022-02-09,4,62,1,Mouse,Electronics,North,2,25.0,0.0,12.0,50.0,50.0,24.0,26.0
O00081,1,2022-02-10,3,57,4,Notebook,Stationery,West,6,5.0,0.0,2.0,30.0,30.0,12.0,18.0
O00081,2,2022-02-10,4,57,4,Mouse,Electronics,West,5,25.0,0.1,12.0,125.0,112.5,60.0,52.5
O00081,3,2022-02-10,1,57,4,Laptop,Electronics,West,5,800.0,0.1,500.0,4000.0,3600.0,2500.0,1100.0
O00082,1,2022-02-10,2,48,1,Chair,Furniture,North,6,150.0,0.0,90.0,900.0,900.0,540.0,360.0
O00083,1,2022-02-11,2,68,2,Chair,Furniture,South,3,150.0,0.05,90.0,450.0,427.5,270.0,157.5
O00084,1,2022-02-11,4,65,3,Mouse,Electronics,East,6,25.0,0.15,12.0,150.0,127.5,72.0,55.5
O00084,2,2022-02-11,2,65,3,Chair,Furniture,East,5,150.0,0.0,90.0,750.0,750.0,450.0,300.0
O00084,3,2022-02-11,1,65,3,Laptop,Electronics,East,5,800.0,0.1,500.0,4000.0,3600.0,2500.0,1100.0
O00085,1,2022-02-12,2,68,2,Chair,Furniture,South,1,150.0,0.15,90.0,150.0,127.5,90.0,37.5
O00086,1,2022-02-12,3,13,1,Notebook,Stationery,North,1,5.0,0.15,2.0,5.0,4.25,2.0,2.25
O00087,1,2022-02-13,1,54,1,Laptop,Electronics,North,1,800.0,0.05,500.0,800.0,760.0,500.0,260.0
O00087,2,2022-02-13,2,54,1,Chair,Furniture,North,6,150.0,0.15,90.0,900.0,765.0,540.0,225.0
O00087,3,2022-02-13,3,54,1,Notebook,Stationery,North,2,5.0,0.1,2.0,10.0,9.0,4.0,5.0
O00088,1,2022-02-13,1,70,2,Laptop,Electronics,South,3,800.0,0.0,500.0,2400.0,2400.0,1500.0,900.0
O00088,2,2022-02-13,2,70,2,Chair,Furniture,South,5,150.0,0.1,90.0,750.0,675.0,450.0,225.0
O00088,3,2022-02-13,1,70,2,Laptop,Electronics,South,2,800.0,0.05,500.0,1600.0,1520.0,1000.0,520.0
O00089,1,2022-02-14,4,39,2,Mouse,Electronics,South,2,25.0,0.1,12.0,50.0,45.0,24.0,21.0
O00089,2,2022-02-14,4,39,2,Mouse,Electronics,South,3,25.0,0.15,12.0,75.0,63.75,36.0,27.75
O00090,1,2022-02-14,4,14,3,Mouse,Electronics,East,2,25.0,0.0,12.0,50.0,50.0,24.0,26.0
O00090,2,2022-02-14,4,14,3,Mouse,Electronics,East,1,25.0,0.1,12.0,25.0,22.5,12.0,10.5
O00090,3,2022-02-14,2,14,3,Chair,Furniture,East,2,150.0,0.0,90.0,300.0,300.0,180.0,120.0
O00091,1,2022-02-15,3,59,1,Notebook,Stationery,North,3,5.0,0.15,2.0,15.0,12.75,6.0,6.75
O00092,1,2022-02-15,2,14,4,Chair,Furniture,West,1,150.0,0.1,90.0,150.0,135.0,90.0,45.0
O00093,1,2022-02-16,1,70,2,Laptop,Electronics,South,6,800.0,0.1,500.0,4800.0,4320.0,3000.0,1320.0
O00093,2,2022-02-16,3,70,2,Notebook,Stationery,South,6,5.0,0.15,2.0,30.0,25.5,12.0,13.5
O00094,1,2022-02-16,3,20,1,Notebook,Stationery,North,2,5.0,0.15,2.0,10.0,8.5,4.0,4.5
O00094,2,2022-02-16,2,20,1,Chair,Furniture,North,6,150.0,0.15,90.0,900.0,765.0,540.0,225.0
O00095,1,2022-02-17,3,38,1,Notebook,Stationery,North,4,5.0,0.05,2.0,20.0,19.0,8.0,11.0
O00095,2,2022-02-17,3,38,1,Notebook,Stationery,North,4,5.0,0.15,2.0,20.0,17.0,8.0,9.0
O00096,1,2022-02-17,3,24,1,Notebook,Stationery,North,3,5.0,0.1,2.0,15.0,13.5,6.0,7.5
O00097,1,2022-02-18,3,70,2,Notebook,Stationery,South,1,5.0,0.15,2.0,5.0,4.25,2.0,2.25
O00097,2,2022-02-18,1,70,2,Laptop,Electronics,South,3,800.0,0.0,500.0,2400.0,2400.0,1500.0,900.0
O00097,3,2022-02-18,1,70,2,Laptop,Electronics,South,4,800.0,0.05,500.0,3200.0,3040.0,2000.0,1040.0
O00098,1,2022-02-18,3,45,2,Notebook,Stationery,South,6,5.0,0.1,2.0,30.0,27.0,12.0,15.0
O00099,1,2022-02-19,2,5,3,Chair,Furniture,East,5,150.0,0.15,90.0,750.0,637.5,450.0,187.5
O00099,2,2022-02-19,4,5,3,Mouse,Electronics,East,1,25.0,0.15,12.0,25.0,21.25,12.0,9.25
O00100,1,2022-02-19,2,45,1,Chair,Furniture,North,4,150.0,0.0,90.0,600.0,600.0,360.0,240.0
O00101,1,2022-02-20,3,58,2,Notebook,Stationery,South,3,5.0,0.15,2.0,15.0,12.75,6.0,6.75
O00101,2,2022-02-20,3,58,2,Notebook,Stationery,South,2,5.0,0.15,2.0,10.0,8.5,4.0,4.5
O00101,3,2022-02-20,2,58,2,Chair,Furniture,South,5,150.0,0.0,90.0,750.0,750.0,450.0,300.0
O00102,1,2022-02-20,4,61,4,Mouse,Electronics,West,1,25.0,0.05,12.0,25.0,23.75,12.0,11.75
O00102,2,2022-02-20,3,61,4,Notebook,Stationery,West,5,5.0,0.15,2.0,25.0,21.25,10.0,11.25
O00102,3,2022-02-20,1,61,4,Laptop,Electronics,West,1,800.0,0.05,500.0,800.0,760.0,500.0,260.0
O00103,1,2022-02-21,2,55,4,Chair,Furniture,West,5,150.0,0.0,90.0,750.0,750.0,450.0,300.0
O00104,1,2022-02-21,1,80,2,Laptop,Electronics,South,6,800.0,0.0,500.0,4800.0,4800.0,3000.0,1800.0
O00104,2,2022-02-21,4,80,2,Mouse,Electronics,South,4,25.0,0.15,12.0,100.0,85.0,48.0,37.0
O00105,1,2022-02-22,3,9,2,Notebook,Stationery,South,6,5.0,0.05,2.0,30.0,28.5,12.0,16.5
O00105,2,2022-02-22,4,9,2,Mouse,Electronics,South,6,25.0,0.05,12.0,150.0,142.5,72.0,70.5
O00106,1,2022-02-22,3,6,1,Notebook,Stationery,North,5,5.0,0.1,2.0,25.0,22.5,10.0,12.5
O00107,1,2022-02-23,3,22,2,Notebook,Stationery,South,3,5.0,0.05,2.0,15.0,14.25,6.0,8.25
O00107,2,2022-02-23,4,22,2,Mouse,Electronics,South,4,25.0,0.1,12.0,100.0,90.0,48.0,42.0
O00108,1,2022-02-23,1,45,3,Laptop,Electronics,East,4,800.0,0.0,500.0,3200.0,3200.0,2000.0,1200.0
O00109,1,2022-02-24,4,23,1,Mouse,Electronics,North,6,25.0,0.05,12.0,150.0,142.5,72.0,70.5
O00109,2,2022-02-24,4,23,1,Mouse,Electronics,North,6,25.0,0.15,12.0,150.0,127.5,72.0,55.5
O00110,1,2022-02-24,4,13,1,Mouse,Electronics,North,6,25.0,0.0,12.0,150.0,150.0,72.0,78.0
O00110,2,2022-02-24,3,13,1,Notebook,Stationery,North,1,5.0,0.05,2.0,5.0,4.75,2.0,2.75
O00110,3,2022-02-24,4,13,1,Mouse,Electronics,North,2,25.0,0.0,12.0,50.0,50.0,24.0,26.0
O00111,1,2022-02-25,4,44,1,Mouse,Electronics,North,1,25.0,0.1,12.0,25.0,22.5,12.0,10.5
O00111,2,2022-02-25,2,44,1,Chair,Furniture,North,4,150.0,0.15,90.0,600.0,510.0,360.0,150.0
O00111,3,2022-02-25,2,44,1,Chair,Furniture,North,2,150.0,0.1,90.0,300.0,270.0,180.0,90.0
O00112,1,2022-02-25,3,24,2,Notebook,Stationery,South,3,5.0,0.05,2.0,15.0,14.25,6.0,8.25
O00112,2,2022-02-25,3,24,2,Notebook,Stationery,South,2,5.0,0.0,2.0,10.0,10.0,4.0,6.0
O00113,1,2022-02-26,3,21,4,Notebook,Stationery,West,5,5.0,0.1,2.0,25.0,22.5,10.0,12.5
O00114,1,2022-02-26,2,61,1,Chair,Furniture,North,5,150.0,0.1,90.0,750.0,675.0,450.0,225.0
O00114,2,2022-02-26,3,61,1,Notebook,Stationery,North,3,5.0,0.15,2.0,15.0,12.75,6.0,6.75
O00114,3,2022-02-26,1,61,1,Laptop,Electronics,North,2,800.0,0.1,500.0,1600.0,1440.0,1000.0,440.0
O00115,1,2022-02-27,4,11,3,Mouse,Electronics,East,1,25.0,0.15,12.0,25.0,21.25,12.0,9.25
O00115,2,2022-02-27,4,11,3,Mouse,Electronics,East,2,25.0,0.15,12.0,50.0,42.5,24.0,18.5
O00115,3,2022-02-27,1,11,3,Laptop,Electronics,East,2,800.0,0.05,500.0,1600.0,1520.0,1000.0,520.0
O00116,1,2022-02-27,4,51,1,Mouse,Electronics,North,3,25.0,0.0,12.0,75.0,75.0,36.0,39.0
O00117,1,2022-02-28,3,2,1,Notebook,Stationery,North,2,5.0,0.15,2.0,10.0,8.5,4.0,4.5
O00118,1,2022-02-28,2,57,3,Chair,Furniture,East,3,150.0,0.0,90.0,450.0,450.0,270.0,180.0
O00118,2,2022-02-28,2,57,3,Chair,Furniture,East,1,150.0,0.05,90.0,150.0,142.5,90.0,52.5
O00119,1,2022-03-01,2,52,4,Chair,Furniture,West,3,150.0,0.0,90.0,450.0,450.0,270.0,180.0
O00120,1,2022-03-01,1,23,1,Laptop,Electronics,North,1,800.0,0.15,500.0,800.0,680.0,500.0,180.0
O00121,1,2022-03-02,3,68,1,Notebook,Stationery,North,6,5.0,0.05,2.0,30.0,28.5,12.0,16.5
O00121,2,2022-03-02,1,68,1,Laptop,Electronics,North,4,800.0,0.15,500.0,3200.0,2720.0,2000.0,720.0
O00122,1,2022-03-02,2,67,1,Chair,Furniture,North,3,150.0,0.05,90.0,450.0,427.5,270.0,157.5
O00122,2,2022-03-02,3,67,1,Notebook,Stationery,North,5,5.0,0.0,2.0,25.0,25.0,10.0,15.0
O00123,1,2022-03-03,1,48,1,Laptop,Electronics,North,4,800.0,0.15,500.0,3200.0,2720.0,2000.0,720.0
O00123,2,2022-03-03,2,48,1,Chair,Furniture,North,2,150.0,0.05,90.0,300.0,285.0,180.0,105.0
O00124,1,2022-03-03,4,62,1,Mouse,Electronics,North,5,25.0,0.15,12.0,125.0,106.25,60.0,46.25
O00125,1,2022-03-04,1,51,1,Laptop,Electronics,North,3,800.0,0.05,500.0,2400.0,2280.0,1500.0,780.0
O00125,2,2022-03-04,4,51,1,Mouse,Electronics,North,4,25.0,0.1,12.0,100.0,90.0,48.0,42.0
O00125,3,2022-03-04,4,51,1,Mouse,Electronics,North,5,25.0,0.1,12.0,125.0,112.5,60.0,52.5
O00126,1,2022-03-04,4,50,4,Mouse,Electronics,West,4,25.0,0.1,12.0,100.0,90.0,48.0,42.0
O00126,2,2022-03-04,1,50,4,Laptop,Electronics,West,4,800.0,0.15,500.0,3200.0,2720.0,2000.0,720.0
O00126,3,2022-03-04,3,50,4,Notebook,Stationery,West,6,5.0,0.05,2.0,30.0,28.5,12.0,16.5
O00127,1,2022-03-05,2,62,2,Chair,Furniture,South,3,150.0,0.15,90.0,450.0,382.5,270.0,112.5
O00127,2,2022-03-05,2,62,2,Chair,Furniture,South,3,150.0,0.0,90.0,450.0,450.0,270.0,180.0
O00128,1,2022-03-05,1,29,4,Laptop,Electronics,West,1,800.0,0.05,500.0,800.0,760.0,500.0,260.0
O00128,2,2022-03-05,1,29,4,Laptop,Electronics,West,2,800.0,0.1,500.0,1600.0,1440.0,1000.0,440.0
O00128,3,2022-03-05,2,29,4,Chair,Furniture,West,3,150.0,0.15,90.0,450.0,382.5,270.0,112.5
O00129,1,2022-03-06,4,28,1,Mouse,Electronics,North,2,25.0,0.05,12.0,50.0,47.5,24.0,23.5
O00129,2,2022-03-06,4,28,1,Mouse,Electronics,North,2,25.0,0.15,12.0,50.0,42.5,24.0,18.5
O00129,3,2022-03-06,2,28,1,Chair,Furniture,North,1,150.0,0.0,90.0,150.0,150.0,90.0,60.0
O00130,1,2022-03-06,3,74,3,Notebook,Stationery,East,2,5.0,0.15,2.0,10.0,8.5,4.0,4.5
O00131,1,2022-03-07,2,77,3,Chair,Furniture,East,5,150.0,0.15,90.0,750.0,637.5,450.0,187.5
O00131,2,2022-03-07,3,77,3,Notebook,Stationery,East,5,5.0,0.15,2.0,25.0,21.25,10.0,11.25
O00131,3,2022-03-07,1,77,3,Laptop,Electronics,East,2,800.0,0.15,500.0,1600.0,1360.0,1000.0,360.0
O00132,1,2022-03-07,2,79,4,Chair,Furniture,West,5,150.0,0.15,90.0,750.0,637.5,450.0,187.5
O00132,2,2022-03-07,3,79,4,Notebook,Stationery,West,1,5.0,0.05,2.0,5.0,4.75,2.0,2.75
O00132,3,2022-03-07,1,79,4,Laptop,Electronics,West,5,800.0,0.15,500.0,4000.0,3400.0,2500.0,900.0
O00133,1,2022-03-08,2,39,4,Chair,Furniture,West,3,150.0,0.15,90.0,450.0,382.5,270.0,112.5
O00134,1,2022-03-08,2,50,3,Chair,Furniture,East,4,150.0,0.15,90.0,600.0,510.0,360.0,150.0
O00134,2,2022-03-08,3,50,3,Notebook,Stationery,East,6,5.0,0.05,2.0,30.0,28.5,12.0,16.5
O00135,1,2022-03-09,2,24,3,Chair,Furniture,East,3,150.0,0.1,90.0,450.0,405.0,270.0,135.0
O00135,2,2022-03-09,1,24,3,Laptop,Electronics,East,2,800.0,0.1,500.0,1600.0,1440.0,1000.0,440.0
O00136,1,2022-03-09,1,22,3,Laptop,Electronics,East,6,800.0,0.0,500.0,4800.0,4800.0,3000.0,1800.0
O00137,1,2022-03-10,2,53,3,Chair,Furniture,East,6,150.0,0.15,90.0,900.0,765.0,540.0,225.0
O00137,2,2022-03-10,2,53,3,Chair,Furniture,East,4,150.0,0.05,90.0,600.0,570.0,360.0,210.0
O00138,1,2022-03-10,4,23,1,Mouse,Electronics,North,1,25.0,0.05,12.0,25.0,23.75,12.0,11.75
O00138,2,2022-03-10,3,23,1,Notebook,Stationery,North,5,5.0,0.1,2.0,25.0,22.5,10.0,12.5
O00139,1,2022-03-11,4,8,3,Mouse,Electronics,East,3,25.0,0.1,12.0,75.0,67.5,36.0,31.5
O00140,1,2022-03-11,1,63,2,Laptop,Electronics,South,1,800.0,0.05,500.0,800.0,760.0,500.0,260.0
O00140,2,2022-03-11,3,63,2,Notebook,Stationery,South,5,5.0,0.1,2.0,25.0,22.5,10.0,12.5
O00141,1,2022-03-12,4,49,1,Mouse,Electronics,North,4,25.0,0.1,12.0,100.0,90.0,48.0,42.0
O00141,2,2022-03-12,1,49,1,Laptop,Electronics,North,4,800.0,0.1,500.0,3200.0,2880.0,2000.0,880.0
O00142,1,2022-03-12,2,2,1,Chair,Furniture,North,2,150.0,0.0,90.0,300.0,300.0,180.0,120.0
O00142,2,2022-03-12,2,2,1,Chair,Furniture,North,6,150.0,0.0,90.0,900.0,900.0,540.0,360.0
O00143,1,2022-03-13,1,44,4,Laptop,Electronics,West,4,800.0,0.0,500.0,3200.0,3200.0,2000.0,1200.0
O00143,2,2022-03-13,2,44,4,Chair,Furniture,West,6,150.0,0.1,90.0,900.0,810.0,540.0,270.0
O00143,3,2022-03-13,4,44,4,Mouse,Electronics,West,3,25.0,0.0,12.0,75.0,75.0,36.0,39.0
O00144,1,2022-03-13,3,6,3,Notebook,Stationery,East,2,5.0,0.15,2.0,10.0,8.5,4.0,4.5
O00145,1,2022-03-14,3,51,1,Notebook,Stationery,North,6,5.0,0.05,2.0,30.0,28.5,12.0,16.5
O00146,1,2022-03-14,2,56,4,Chair,Furniture,West,3,150.0,0.15,90.0,450.0,382.5,270.0,112.5
O00147,1,2022-03-15,1,29,1,Laptop,Electronics,North,5,800.0,0.1,500.0,4000.0,3600.0,2500.0,1100.0
O00148,1,2022-03-15,1,47,3,Laptop,Electronics,East,4,800.0,0.0,500.0,3200.0,3200.0,2000.0,1200.0
O00148,2,2022-03-15,4,47,3,Mouse,Electronics,East,4,25.0,0.1,12.0,100.0,90.0,48.0,42.0
O00149,1,2022-03-16,1,64,2,Laptop,Electronics,South,6,800.0,0.0,500.0,4800.0,4800.0,3000.0,1800.0
O00150,1,2022-03-16,4,23,4,Mouse,Electronics,West,3,25.0,0.15,12.0,75.0,63.75,36.0,27.75
O00150,2,2022-03-16,2,23,4,Chair,Furniture,West,4,150.0,0.15,90.0,600.0,510.0,360.0,150.0
O00151,1,2022-03-17,4,53,4,Mouse,Electronics,West,1,25.0,0.0,12.0,25.0,25.0,12.0,13.0
O00151,2,2022-03-17,4,53,4,Mouse,Electronics,West,4,25.0,0.05,12.0,100.0,95.0,48.0,47.0
O00151,3,2022-03-17,2,53,4,Chair,Furniture,West,1,150.0,0.0,90.0,150.0,150.0,90.0,60.0
O00152,1,2022-03-17,4,53,3,Mouse,Electronics,East,4,25.0,0.1,12.0,100.0,90.0,48.0,42.0
O00153,1,2022-03-18,2,45,2,Chair,Furniture,South,5,150.0,0.0,90.0,750.0,750.0,450.0,300.0
O00154,1,2022-03-18,1,37,3,Laptop,Electronics,East,3,800.0,0.0,500.0,2400.0,2400.0,1500.0,900.0
O00154,2,2022-03-18,2,37,3,Chair,Furniture,East,2,150.0,0.0,90.0,300.0,300.0,180.0,120.0
O00155,1,2022-03-19,4,8,4,Mouse,Electronics,West,1,25.0,0.05,12.0,25.0,23.75,12.0,11.75
O00155,2,2022-03-19,3,8,4,Notebook,Stationery,West,4,5.0,0.1,2.0,20.0,18.0,8.0,10.0
O00156,1,2022-03-19,3,59,3,Notebook,Stationery,East,6,5.0,0.15,2.0,30.0,25.5,12.0,13.5
O00156,2,2022-03-19,1,59,3,Laptop,Electronics,East,5,800.0,0.15,500.0,4000.0,3400.0,2500.0,900.0
O00156,3,2022-03-19,1,59,3,Laptop,Electronics,East,4,800.0,0.1,500.0,3200.0,2880.0,2000.0,880.0
O00157,1,2022-03-20,4,76,3,Mouse,Electronics,East,4,25.0,0.05,12.0,100.0,95.0,48.0,47.0
O00157,2,2022-03-20,3,76,3,Notebook,Stationery,East,2,5.0,0.05,2.0,10.0,9.5,4.0,5.5
O00158,1,2022-03-20,4,26,4,Mouse,Electronics,West,4,25.0,0.0,12.0,100.0,100.0,48.0,52.0
O00159,1,2022-03-21,4,3,4,Mouse,Electronics,West,6,25.0,0.1,12.0,150.0,135.0,72.0,63.0
O00159,2,2022-03-21,1,3,4,Laptop,Electronics,West,4,800.0,0.05,500.0,3200.0,3040.0,2000.0,1040.0
O00159,3,2022-03-21,1,3,4,Laptop,Electronics,West,6,800.0,0.15,500.0,4800.0,4080.0,3000.0,1080.0
O00160,1,2022-03-21,2,25,1,Chair,Furniture,North,4,150.0,0.1,90.0,600.0,540.0,360.0,180.0
O00160,2,2022-03-21,3,25,1,Notebook,Stationery,North,4,5.0,0.1,2.0,20.0,18.0,8.0,10.0
O00161,1,2022-03-22,3,5,1,Notebook,Stationery,North,3,5.0,0.1,2.0,15.0,13.5,6.0,7.5
O00161,2,2022-03-22,1,5,1,Laptop,Electronics,North,3,800.0,0.05,500.0,2400.0,2280.0,1500.0,780.0
O00161,3,2022-03-22,4,5,1,Mouse,Electronics,North,5,25.0,0.05,12.0,125.0,118.75,60.0,58.75
O00162,1,2022-03-22,1,76,2,Laptop,Electronics,South,1,800.0,0.05,500.0,800.0,760.0,500.0,260.0
O00162,2,2022-03-22,2,76,2,Chair,Furniture,South,3,150.0,0.1,90.0,450.0,405.0,270.0,135.0
O00162,3,2022-03-22,2,76,2,Chair,Furniture,South,2,150.0,0.15,90.0,300.0,255.0,180.0,75.0
O00163,1,2022-03-23,2,79,4,Chair,Furniture,West,1,150.0,0.1,90.0,150.0,135.0,90.0,45.0
O00163,2,2022-03-23,2,79,4,Chair,Furniture,West,4,150.0,0.1,90.0,600.0,540.0,360.0,180.0
O00164,1,2022-03-23,4,50,1,Mouse,Electronics,North,4,25.0,0.05,12.0,100.0,95.0,48.0,47.0
O00164,2,2022-03-23,4,50,1,Mouse,Electronics,North,5,25.0,0.15,12.0,125.0,106.25,60.0,46.25
O00165,1,2022-03-24,1,28,1,Laptop,Electronics,North,2,800.0,0.0,500.0,1600.0,1600.0,1000.0,600.0
O00165,2,2022-03-24,2,28,1,Chair,Furniture,North,3,150.0,0.0,90.0,450.0,450.0,270.0,180.0
O00165,3,2022-03-24,1,28,1,Laptop,Electronics,North,2,800.0,0.05,500.0,1600.0,1520.0,1000.0,520.0
O00166,1,2022-03-24,1,60,4,Laptop,Electronics,West,6,800.0,0.15,500.0,4800.0,4080.0,3000.0,1080.0
O00166,2,2022-03-24,3,60,4,Notebook,Stationery,West,6,5.0,0.05,2.0,30.0,28.5,12.0,16.5
O00167,1,2022-03-25,2,18,3,Chair,Furniture,East,3,150.0,0.05,90.0,450.0,427.5,270.0,157.5
O00168,1,2022-03-25,1,80,1,Laptop,Electronics,North,4,800.0,0.05,500.0,3200.0,3040.0,2000.0,1040.0
O00168,2,2022-03-25,3,80,1,Notebook,Stationery,North,5,5.0,0.05,2.0,25.0,23.75,10.0,13.75
O00169,1,2022-03-26,2,11,1,Chair,Furniture,North,6,150.0,0.05,90.0,900.0,855.0,540.0,315.0
O00170,1,2022-03-26,2,9,3,Chair,Furniture,East,1,150.0,0.15,90.0,150.0,127.5,90.0,37.5
O00170,2,2022-03-26,3,9,3,Notebook,Stationery,East,4,5.0,0.05,2.0,20.0,19.0,8.0,11.0
O00171,1,2022-03-27,4,54,4,Mouse,Electronics,West,6,25.0,0.15,12.0,150.0,127.5,72.0,55.5
O00171,2,2022-03-27,1,54,4,Laptop,Electronics,West,2,800.0,0.05,500.0,1600.0,1520.0,1000.0,520.0
O00172,1,2022-03-27,1,73,4,Laptop,Electronics,West,2,800.0,0.15,500.0,1600.0,1360.0,1000.0,360.0
O00172,2,2022-03-27,1,73,4,Laptop,Electronics,West,6,800.0,0.1,500.0,4800.0,4320.0,3000.0,1320.0
O00173,1,2022-03-28,3,17,3,Notebook,Stationery,East,4,5.0,0.1,2.0,20.0,18.0,8.0,10.0
O00173,2,2022-03-28,1,17,3,Laptop,Electronics,East,2,800.0,0.1,500.0,1600.0,1440.0,1000.0,440.0
O00173,3,2022-03-28,2,17,3,Chair,Furniture,East,3,150.0,0.1,90.0,450.0,405.0,270.0,135.0
O00174,1,2022-03-28,2,62,1,Chair,Furniture,North,4,150.0,0.15,90.0,600.0,510.0,360.0,150.0
O00174,2,2022-03-28,3,62,1,Notebook,Stationery,North,1,5.0,0.15,2.0,5.0,4.25,2.0,2.25
O00175,1,2022-03-29,2,54,4,Chair,Furniture,West,2,150.0,0.0,90.0,300.0,300.0,180.0,120.0
O00176,1,2022-03-29,1,14,1,Laptop,Electronics,North,2,800.0,0.0,500.0,1600.0,1600.0,1000.0,600.0
O00176,2,2022-03-29,3,14,1,Notebook,Stationery,North,4,5.0,0.1,2.0,20.0,18.0,8.0,10.0
O00177,1,2022-03-30,1,49,3,Laptop,Electronics,East,6,800.0,0.15,500.0,4800.0,4080.0,3000.0,1080.0
O00177,2,2022-03-30,3,49,3,Notebook,Stationery,East,3,5.0,0.0,2.0,15.0,15.0,6.0,9.0
O00178,1,2022-03-30,1,63,3,Laptop,Electronics,East,2,800.0,0.05,500.0,1600.0,1520.0,1000.0,520.0
O00179,1,2022-03-31,4,55,3,Mouse,Electronics,East,6,25.0,0.15,12.0,150.0,127.5,72.0,55.5
O00180,1,2022-03-31,4,11,4,Mouse,Electronics,West,4,25.0,0.1,12.0,100.0,90.0,48.0,42.0
O00180,2,2022-03-31,1,11,4,Laptop,Electronics,West,3,800.0,0.15,500.0,2400.0,2040.0,1500.0,540.0
O00180,3,2022-03-31,4,11,4,Mouse,Electronics,West,3,25.0,0.15,12.0,75.0,63.75,36.0,27.75
O00181,1,2022-04-01,3,75,3,Notebook,Stationery,East,5,5.0,0.15,2.0,25.0,21.25,10.0,11.25
O00182,1,2022-04-01,3,72,3,Notebook,Stationery,East,1,5.0,0.05,2.0,5.0,4.75,2.0,2.75
O00183,1,2022-04-02,3,65,3,Notebook,Stationery,East,3,5.0,0.15,2.0,15.0,12.75,6.0,6.75
O00183,2,2022-04-02,1,65,3,Laptop,Electronics,East,4,800.0,0.0,500.0,3200.0,3200.0,2000.0,1200.0
O00183,3,2022-04-02,3,65,3,Notebook,Stationery,East,5,5.0,0.15,2.0,25.0,21.25,10.0,11.25
O00184,1,2022-04-02,1,73,4,Laptop,Electronics,West,1,800.0,0.0,500.0,800.0,800.0,500.0,300.0
O00185,1,2022-04-03,1,43,1,Laptop,Electronics,North,1,800.0,0.15,500.0,800.0,680.0,500.0,180.0
O00185,2,2022-04-03,1,43,1,Laptop,Electronics,North,5,800.0,0.15,500.0,4000.0,3400.0,2500.0,900.0
O00185,3,2022-04-03,2,43,1,Chair,Furniture,North,3,150.0,0.0,90.0,450.0,450.0,270.0,180.0
O00186,1,2022-04-03,1,28,1,Laptop,Electronics,North,3,800.0,0.05,500.0,2400.0,2280.0,1500.0,780.0
O00187,1,2022-04-04,3,64,2,Notebook,Stationery,South,5,5.0,0.15,2.0,25.0,21.25,10.0,11.25
O00188,1,2022-04-04,4,48,1,Mouse,Electronics,North,5,25.0,0.05,12.0,125.0,118.75,60.0,58.75
O00189,1,2022-04-05,3,48,1,Notebook,Stationery,North,5,5.0,0.15,2.0,25.0,21.25,10.0,11.25
O00189,2,2022-04-05,3,48,1,Notebook,Stationery,North,5,5.0,0.15,2.0,25.0,21.25,10.0,11.25
O00189,3,2022-04-05,4,48,1,Mouse,Electronics,North,5,25.0,0.0,12.0,125.0,125.0,60.0,65.0
O00190,1,2022-04-05,2,67,1,Chair,Furniture,North,1,150.0,0.05,90.0,150.0,142.5,90.0,52.5
O00191,1,2022-04-06,1,73,2,Laptop,Electronics,South,6,800.0,0.15,500.0,4800.0,4080.0,3000.0,1080.0
O00191,2,2022-04-06,3,73,2,Notebook,Stationery,South,2,5.0,0.05,2.0,10.0,9.5,4.0,5.5
O00191,3,2022-04-06,4,73,2,Mouse,Electronics,South,6,25.0,0.15,12.0,150.0,127.5,72.0,55.5
O00192,1,2022-04-06,1,56,1,Laptop,Electronics,North,3,800.0,0.15,500.0,2400.0,2040.0,1500.0,540.0
O00192,2,2022-04-06,3,56,1,Notebook,Stationery,North,6,5.0,0.0,2.0,30.0,30.0,12.0,18.0
O00192,3,2022-04-06,4,56,1,Mouse,Electronics,North,6,25.0,0.1,12.0,150.0,135.0,72.0,63.0
O00193,1,2022-04-07,2,71,1,Chair,Furniture,North,6,150.0,0.0,90.0,900.0,900.0,540.0,360.0
O00193,2,2022-04-07,3,71,1,Notebook,Stationery,North,3,5.0,0.05,2.0,15.0,14.25,6.0,8.25
O00193,3,2022-04-07,4,71,1,Mouse,Electronics,North,3,25.0,0.1,12.0,75.0,67.5,36.0,31.5
O00194,1,2022-04-07,1,36,4,Laptop,Electronics,West,5,800.0,0.1,500.0,4000.0,3600.0,2500.0,1100.0
O00194,2,2022-04-07,3,36,4,Notebook,Stationery,West,6,5.0,0.15,2.0,30.0,25.5,12.0,13.5
O00195,1,2022-04-08,1,17,2,Laptop,Electronics,South,5,800.0,0.15,500.0,4000.0,3400.0,2500.0,900.0
O00195,2,2022-04-08,1,17,2,Laptop,Electronics,South,5,800.0,0.1,500.0,4000.0,3600.0,2500.0,1100.0
O00196,1,2022-04-08,3,69,1,Notebook,Stationery,North,3,5.0,0.1,2.0,15.0,13.5,6.0,7.5
O00196,2,2022-04-08,1,69,1,Laptop,Electronics,North,5,800.0,0.0,500.0,4000.0,4000.0,2500.0,1500.0
O00197,1,2022-04-09,1,2,2,Laptop,Electronics,South,2,800.0,0.1,500.0,1600.0,1440.0,1000.0,440.0
O00197,2,2022-04-09,3,2,2,Notebook,Stationery,South,2,5.0,0.15,2.0,10.0,8.5,4.0,4.5
O00198,1,2022-04-09,4,21,4,Mouse,Electronics,West,4,25.0,0.1,12.0,100.0,90.0,48.0,42.0
O00198,2,2022-04-09,4,21,4,Mouse,Electronics,West,1,25.0,0.05,12.0,25.0,23.75,12.0,11.75
O00199,1,2022-04-10,4,67,3,Mouse,Electronics,East,5,25.0,0.1,12.0,125.0,112.5,60.0,52.5
O00199,2,2022-04-10,3,67,3,Notebook,Stationery,East,3,5.0,0.05,2.0,15.0,14.25,6.0,8.25
O00199,3,2022-04-10,4,67,3,Mouse,Electronics,East,4,25.0,0.15,12.0,100.0,85.0,48.0,37.0
O00200,1,2022-04-10,4,63,3,Mouse,Electronics,East,4,25.0,0.1,12.0,100.0,90.0,48.0,42.0
O00200,2,2022-04-10,3,63,3,Notebook,Stationery,East,2,5.0,0.0,2.0,10.0,10.0,4.0,6.0
O00200,3,2022-04-10,1,63,3,Laptop,Electronics,East,1,800.0,0.15,500.0,800.0,680.0,500.0,180.0
O00201,1,2022-04-11,1,55,3,Laptop,Electronics,East,3,800.0,0.1,500.0,2400.0,2160.0,1500.0,660.0
O00202,1,2022-04-11,4,65,2,Mouse,Electronics,South,4,25.0,0.0,12.0,100.0,100.0,48.0,52.0
O00203,1,2022-04-12,2,48,3,Chair,Furniture,East,1,150.0,0.15,90.0,150.0,127.5,90.0,37.5
O00204,1,2022-04-12,3,8,2,Notebook,Stationery,South,3,5.0,0.15,2.0,15.0,12.75,6.0,6.75
O00205,1,2022-04-13,1,39,2,Laptop,Electronics,South,1,800.0,0.15,500.0,800.0,680.0,500.0,180.0
O00206,1,2022-04-13,2,61,4,Chair,Furniture,West,1,150.0,0.05,90.0,150.0,142.5,90.0,52.5
O00206,2,2022-04-13,4,61,4,Mouse,Electronics,West,5,25.0,0.05,12.0,125.0,118.75,60.0,58.75
O00206,3,2022-04-13,2,61,4,Chair,Furniture,West,6,150.0,0.0,90.0,900.0,900.0,540.0,360.0
O00207,1,2022-04-14,1,33,1,Laptop,Electronics,North,2,800.0,0.05,500.0,1600.0,1520.0,1000.0,520.0
O00207,2,2022-04-14,2,33,1,Chair,Furniture,North,3,150.0,0.15,90.0,450.0,382.5,270.0,112.5
O00208,1,2022-04-14,2,40,3,Chair,Furniture,East,6,150.0,0.15,90.0,900.0,765.0,540.0,225.0
O00209,1,2022-04-15,4,2,1,Mouse,Electronics,North,3,25.0,0.05,12.0,75.0,71.25,36.0,35.25
O00210,1,2022-04-15,3,60,1,Notebook,Stationery,North,4,5.0,0.1,2.0,20.0,18.0,8.0,10.0
O00210,2,2022-04-15,2,60,1,Chair,Furniture,North,4,150.0,0.05,90.0,600.0,570.0,360.0,210.0
O00210,3,2022-04-15,4,60,1,Mouse,Electronics,North,1,25.0,0.05,12.0,25.0,23.75,12.0,11.75
O00211,1,2022-04-16,1,63,3,Laptop,Electronics,East,3,800.0,0.0,500.0,2400.0,2400.0,1500.0,900.0
O00212,1,2022-04-16,4,53,4,Mouse,Electronics,West,6,25.0,0.05,12.0,150.0,142.5,72.0,70.5
O00213,1,2022-04-17,1,73,1,Laptop,Electronics,North,6,800.0,0.1,500.0,4800.0,4320.0,3000.0,1320.0
O00214,1,2022-04-17,2,22,2,Chair,Furniture,South,5,150.0,0.0,90.0,750.0,750.0,450.0,300.0
O00214,2,2022-04-17,3,22,2,Notebook,Stationery,South,1,5.0,0.1,2.0,5.0,4.5,2.0,2.5
O00215,1,2022-04-18,2,1,3,Chair,Furniture,East,4,150.0,0.05,90.0,600.0,570.0,360.0,210.0
O00215,2,2022-04-18,1,1,3,Laptop,Electronics,East,5,800.0,0.1,500.0,4000.0,3600.0,2500.0,1100.0
O00215,3,2022-04-18,3,1,3,Notebook,Stationery,East,4,5.0,0.0,2.0,20.0,20.0,8.0,12.0
O00216,1,2022-04-18,1,79,1,Laptop,Electronics,North,4,800.0,0.05,500.0,3200.0,3040.0,2000.0,1040.0
O00216,2,2022-04-18,3,79,1,Notebook,Stationery,North,2,5.0,0.15,2.0,10.0,8.5,4.0,4.5
O00216,3,2022-04-18,2,79,1,Chair,Furniture,North,1,150.0,0.1,90.0,150.0,135.0,90.0,45.0
O00217,1,2022-04-19,3,73,1,Notebook,Stationery,North,5,5.0,0.1,2.0,25.0,22.5,10.0,12.5
O00218,1,2022-04-19,1,44,3,Laptop,Electronics,East,6,800.0,0.05,500.0,4800.0,4560.0,3000.0,1560.0
O00218,2,2022-04-19,4,44,3,Mouse,Electronics,East,6,25.0,0.05,12.0,150.0,142.5,72.0,70.5
O00218,3,2022-04-19,3,44,3,Notebook,Stationery,East,1,5.0,0.1,2.0,5.0,4.5,2.0,2.5
O00219,1,2022-04-20,3,18,2,Notebook,Stationery,South,4,5.0,0.15,2.0,20.0,17.0,8.0,9.0
O00219,2,2022-04-20,1,18,2,Laptop,Electronics,South,5,800.0,0.15,500.0,4000.0,3400.0,2500.0,900.0
O00219,3,2022-04-20,3,18,2,Notebook,Stationery,South,1,5.0,0.1,2.0,5.0,4.5,2.0,2.5
O00220,1,2022-04-20,4,10,2,Mouse,Electronics,South,3,25.0,0.1,12.0,75.0,67.5,36.0,31.5
O00220,2,2022-04-20,2,10,2,Chair,Furniture,South,6,150.0,0.0,90.0,900.0,900.0,540.0,360.0
O00221,1,2022-04-21,3,68,3,Notebook,Stationery,East,1,5.0,0.05,2.0,5.0,4.75,2.0,2.75
O00221,2,2022-04-21,3,68,3,Notebook,Stationery,East,2,5.0,0.15,2.0,10.0,8.5,4.0,4.5
O00221,3,2022-04-21,2,68,3,Chair,Furniture,East,4,150.0,0.15,90.0,600.0,510.0,360.0,150.0
O00222,1,2022-04-21,3,80,4,Notebook,Stationery,West,4,5.0,0.0,2.0,20.0,20.0,8.0,12.0
O00223,1,2022-04-22,3,45,2,Notebook,Stationery,South,5,5.0,0.15,2.0,25.0,21.25,10.0,11.25
O00223,2,2022-04-22,3,45,2,Notebook,Stationery,South,6,5.0,0.0,2.0,30.0,30.0,12.0,18.0
O00224,1,2022-04-22,1,39,2,Laptop,Electronics,South,1,800.0,0.05,500.0,800.0,760.0,500.0,260.0
O00225,1,2022-04-23,3,69,3,Notebook,Stationery,East,1,5.0,0.1,2.0,5.0,4.5,2.0,2.5
O00225,2,2022-04-23,1,69,3,Laptop,Electronics,East,4,800.0,0.05,500.0,3200.0,3040.0,2000.0,1040.0
O00225,3,2022-04-23,2,69,3,Chair,Furniture,East,3,150.0,0.0,90.0,450.0,450.0,270.0,180.0
O00226,1,2022-04-23,1,77,1,Laptop,Electronics,North,1,800.0,0.1,500.0,800.0,720.0,500.0,220.0
O00226,2,2022-04-23,1,77,1,Laptop,Electronics,North,5,800.0,0.15,500.0,4000.0,3400.0,2500.0,900.0
O00227,1,2022-04-24,4,53,4,Mouse,Electronics,West,1,25.0,0.05,12.0,25.0,23.75,12.0,11.75
O00228,1,2022-04-24,4,48,3,Mouse,Electronics,East,5,25.0,0.15,12.0,125.0,106.25,60.0,46.25
O00228,2,2022-04-24,3,48,3,Notebook,Stationery,East,1,5.0,0.0,2.0,5.0,5.0,2.0,3.0
O00228,3,2022-04-24,1,48,3,Laptop,Electronics,East,5,800.0,0.15,500.0,4000.0,3400.0,2500.0,900.0
O00229,1,2022-04-25,1,11,2,Laptop,Electronics,South,1,800.0,0.1,500.0,800.0,720.0,500.0,220.0
O00230,1,2022-04-25,4,40,2,Mouse,Electronics,South,6,25.0,0.05,12.0,150.0,142.5,72.0,70.5
O00231,1,2022-04-26,4,56,4,Mouse,Electronics,West,4,25.0,0.1,12.0,100.0,90.0,48.0,42.0
O00231,2,2022-04-26,1,56,4,Laptop,Electronics,West,5,800.0,0.15,500.0,4000.0,3400.0,2500.0,900.0
O00231,3,2022-04-26,4,56,4,Mouse,Electronics,West,1,25.0,0.0,12.0,25.0,25.0,12.0,13.0
O00232,1,2022-04-26,1,25,3,Laptop,Electronics,East,4,800.0,0.15,500.0,3200.0,2720.0,2000.0,720.0
O00233,1,2022-04-27,4,9,4,Mouse,Electronics,West,3,25.0,0.0,12.0,75.0,75.0,36.0,39.0
O00233,2,2022-04-27,4,9,4,Mouse,Electronics,West,4,25.0,0.15,12.0,100.0,85.0,48.0,37.0
O00234,1,2022-04-27,1,45,2,Laptop,Electronics,South,1,800.0,0.0,500.0,800.0,800.0,500.0,300.0
O00234,2,2022-04-27,4,45,2,Mouse,Electronics,South,4,25.0,0.15,12.0,100.0,85.0,48.0,37.0
O00234,3,2022-04-27,3,45,2,Notebook,Stationery,South,4,5.0,0.1,2.0,20.0,18.0,8.0,10.0
O00235,1,2022-04-28,3,33,2,Notebook,Stationery,South,6,5.0,0.0,2.0,30.0,30.0,12.0,18.0
O00236,1,2022-04-28,4,25,1,Mouse,Electronics,North,3,25.0,0.1,12.0,75.0,67.5,36.0,31.5
O00236,2,2022-04-28,3,25,1,Notebook,Stationery,North,2,5.0,0.05,2.0,10.0,9.5,4.0,5.5
O00237,1,2022-04-29,4,24,3,Mouse,Electronics,East,1,25.0,0.05,12.0,25.0,23.75,12.0,11.75
O00237,2,2022-04-29,2,24,3,Chair,Furniture,East,1,150.0,0.1,90.0,150.0,135.0,90.0,45.0
O00237,3,2022-04-29,3,24,3,Notebook,Stationery,East,2,5.0,0.1,2.0,10.0,9.0,4.0,5.0
O00238,1,2022-04-29,3,31,4,Notebook,Stationery,West,1,5.0,0.0,2.0,5.0,5.0,2.0,3.0
O00238,2,2022-04-29,1,31,4,Laptop,Electronics,West,5,800.0,0.1,500.0,4000.0,3600.0,2500.0,1100.0
O00239,1,2022-04-30,1,44,1,Laptop,Electronics,North,6,800.0,0.15,500.0,4800.0,4080.0,3000.0,1080.0
O00239,2,2022-04-30,4,44,1,Mouse,Electronics,North,3,25.0,0.15,12.0,75.0,63.75,36.0,27.75
O00239,3,2022-04-30,3,44,1,Notebook,Stationery,North,3,5.0,0.1,2.0,15.0,13.5,6.0,7.5
O00240,1,2022-04-30,1,69,4,Laptop,Electronics,West,2,800.0,0.1,500.0,1600.0,1440.0,1000.0,440.0
O00240,2,2022-04-30,1,69,4,Laptop,Electronics,West,2,800.0,0.0,500.0,1600.0,1600.0,1000.0,600.0
O00240,3,2022-04-30,2,69,4,Chair,Furniture,West,4,150.0,0.05,90.0,600.0,570.0,360.0,210.0
O00241,1,2022-05-01,2,25,3,Chair,Furniture,East,6,150.0,0.0,90.0,900.0,900.0,540.0,360.0
O00241,2,2022-05-01,2,25,3,Chair,Furniture,East,2,150.0,0.0,90.0,300.0,300.0,180.0,120.0
O00242,1,2022-05-01,3,27,4,Notebook,Stationery,West,4,5.0,0.0,2.0,20.0,20.0,8.0,12.0
O00242,2,2022-05-01,1,27,4,Laptop,Electronics,West,4,800.0,0.05,500.0,3200.0,3040.0,2000.0,1040.0
O00243,1,2022-05-02,4,56,1,Mouse,Electronics,North,4,25.0,0.05,12.0,100.0,95.0,48.0,47.0
O00244,1,2022-05-02,1,30,1,Laptop,Electronics,North,2,800.0,0.15,500.0,1600.0,1360.0,1000.0,360.0
O00244,2,2022-05-02,3,30,1,Notebook,Stationery,North,3,5.0,0.0,2.0,15.0,15.0,6.0,9.0
O00245,1,2022-05-03,2,69,3,Chair,Furniture,East,2,150.0,0.0,90.0,300.0,300.0,180.0,120.0
O00246,1,2022-05-03,4,15,4,Mouse,Electronics,West,1,25.0,0.15,12.0,25.0,21.25,12.0,9.25
O00247,1,2022-05-04,3,19,2,Notebook,Stationery,South,3,5.0,0.05,2.0,15.0,14.25,6.0,8.25
O00247,2,2022-05-04,3,19,2,Notebook,Stationery,South,5,5.0,0.05,2.0,25.0,23.75,10.0,13.75
O00247,3,2022-05-04,4,19,2,Mouse,Electronics,South,6,25.0,0.1,12.0,150.0,135.0,72.0,63.0
O00248,1,2022-05-04,2,76,2,Chair,Furniture,South,6,150.0,0.15,90.0,900.0,765.0,540.0,225.0
O00248,2,2022-05-04,4,76,2,Mouse,Electronics,South,2,25.0,0.15,12.0,50.0,42.5,24.0,18.5
O00248,3,2022-05-04,2,76,2,Chair,Furniture,South,6,150.0,0.1,90.0,900.0,810.0,540.0,270.0
O00249,1,2022-05-05,3,25,4,Notebook,Stationery,West,2,5.0,0.15,2.0,10.0,8.5,4.0,4.5
O00249,2,2022-05-05,1,25,4,Laptop,Electronics,West,3,800.0,0.15,500.0,2400.0,2040.0,1500.0,540.0
O00250,1,2022-05-05,2,76,1,Chair,Furniture,North,3,150.0,0.0,90.0,450.0,450.0,270.0,180.0
O00250,2,2022-05-05,2,76,1,Chair,Furniture,North,4,150.0,0.05,90.0,600.0,570.0,360.0,210.0
O00251,1,2022-05-06,1,9,4,Laptop,Electronics,West,3,800.0,0.05,500.0,2400.0,2280.0,1500.0,780.0
O00251,2,2022-05-06,2,9,4,Chair,Furniture,West,4,150.0,0.0,90.0,600.0,600.0,360.0,240.0
O00251,3,2022-05-06,3,9,4,Notebook,Stationery,West,2,5.0,0.1,2.0,10.0,9.0,4.0,5.0
O00252,1,2022-05-06,4,57,4,Mouse,Electronics,West,6,25.0,0.0,12.0,150.0,150.0,72.0,78.0
O00252,2,2022-05-06,1,57,4,Laptop,Electronics,West,6,800.0,0.05,500.0,4800.0,4560.0,3000.0,1560.0
O00252,3,2022-05-06,3,57,4,Notebook,Stationery,West,5,5.0,0.0,2.0,25.0,25.0,10.0,15.0
O00253,1,2022-05-07,2,25,1,Chair,Furniture,North,4,150.0,0.1,90.0,600.0,540.0,360.0,180.0
O00253,2,2022-05-07,3,25,1,Notebook,Stationery,North,4,5.0,0.05,2.0,20.0,19.0,8.0,11.0
O00254,1,2022-05-07,4,13,4,Mouse,Electronics,West,3,25.0,0.15,12.0,75.0,63.75,36.0,27.75
O00254,2,2022-05-07,3,13,4,Notebook,Stationery,West,4,5.0,0.15,2.0,20.0,17.0,8.0,9.0
O00254,3,2022-05-07,3,13,4,Notebook,Stationery,West,6,5.0,0.1,2.0,30.0,27.0,12.0,15.0
O00255,1,2022-05-08,4,22,3,Mouse,Electronics,East,5,25.0,0.05,12.0,125.0,118.75,60.0,58.75
O00255,2,2022-05-08,1,22,3,Laptop,Electronics,East,6,800.0,0.1,500.0,4800.0,4320.0,3000.0,1320.0
O00255,3,2022-05-08,2,22,3,Chair,Furniture,East,6,150.0,0.0,90.0,900.0,900.0,540.0,360.0
O00256,1,2022-05-08,4,32,4,Mouse,Electronics,West,4,25.0,0.05,12.0,100.0,95.0,48.0,47.0
O00256,2,2022-05-08,3,32,4,Notebook,Stationery,West,6,5.0,0.05,2.0,30.0,28.5,12.0,16.5
O00256,3,2022-05-08,1,32,4,Laptop,Electronics,West,3,800.0,0.05,500.0,2400.0,2280.0,1500.0,780.0
O00257,1,2022-05-09,3,27,2,Notebook,Stationery,South,2,5.0,0.1,2.0,10.0,9.0,4.0,5.0
O00257,2,2022-05-09,2,27,2,Chair,Furniture,South,2,150.0,0.0,90.0,300.0,300.0,180.0,120.0
O00258,1,2022-05-09,2,23,4,Chair,Furniture,West,1,150.0,0.15,90.0,150.0,127.5,90.0,37.5
O00258,2,2022-05-09,3,23,4,Notebook,Stationery,West,3,5.0,0.05,2.0,15.0,14.25,6.0,8.25
O00259,1,2022-05-10,3,76,1,Notebook,Stationery,North,2,5.0,0.0,2.0,10.0,10.0,4.0,6.0
O00259,2,2022-05-10,3,76,1,Notebook,Stationery,North,6,5.0,0.05,2.0,30.0,28.5,12.0,16.5
O00259,3,2022-05-10,1,76,1,Laptop,Electronics,North,3,800.0,0.05,500.0,2400.0,2280.0,1500.0,780.0
O00260,1,2022-05-10,3,77,1,Notebook,Stationery,North,1,5.0,0.05,2.0,5.0,4.75,2.0,2.75
O00260,2,2022-05-10,2,77,1,Chair,Furniture,North,5,150.0,0.0,90.0,750.0,750.0,450.0,300.0
O00260,3,2022-05-10,4,77,1,Mouse,Electronics,North,1,25.0,0.0,12.0,25.0,25.0,12.0,13.0
O00261,1,2022-05-11,4,53,3,Mouse,Electronics,East,6,25.0,0.05,12.0,150.0,142.5,72.0,70.5
O00261,2,2022-05-11,3,53,3,Notebook,Stationery,East,6,5.0,0.05,2.0,30.0,28.5,12.0,16.5
O00262,1,2022-05-11,1,42,1,Laptop,Electronics,North,1,800.0,0.15,500.0,800.0,680.0,500.0,180.0
O00262,2,2022-05-11,1,42,1,Laptop,Electronics,North,1,800.0,0.1,500.0,800.0,720.0,500.0,220.0
O00262,3,2022-05-11,4,42,1,Mouse,Electronics,North,2,25.0,0.1,12.0,50.0,45.0,24.0,21.0
O00263,1,2022-05-12,1,57,4,Laptop,Electronics,West,6,800.0,0.05,500.0,4800.0,4560.0,3000.0,1560.0
O00263,2,2022-05-12,2,57,4,Chair,Furniture,West,2,150.0,0.0,90.0,300.0,300.0,180.0,120.0
O00263,3,2022-05-12,4,57,4,Mouse,Electronics,West,6,25.0,0.05,12.0,150.0,142.5,72.0,70.5
O00264,1,2022-05-12,4,56,4,Mouse,Electronics,West,1,25.0,0.0,12.0,25.0,25.0,12.0,13.0
O00265,1,2022-05-13,2,65,2,Chair,Furniture,South,6,150.0,0.15,90.0,900.0,765.0,540.0,225.0
O00265,2,2022-05-13,4,65,2,Mouse,Electronics,South,1,25.0,0.1,12.0,25.0,22.5,12.0,10.5
O00266,1,2022-05-13,4,6,2,Mouse,Electronics,South,3,25.0,0.0,12.0,75.0,75.0,36.0,39.0
O00266,2,2022-05-13,2,6,2,Chair,Furniture,South,5,150.0,0.15,90.0,750.0,637.5,450.0,187.5
O00266,3,2022-05-13,2,6,2,Chair,Furniture,South,2,150.0,0.15,90.0,300.0,255.0,180.0,75.0
O00267,1,2022-05-14,1,17,3,Laptop,Electronics,East,6,800.0,0.0,500.0,4800.0,4800.0,3000.0,1800.0
O00267,2,2022-05-14,4,17,3,Mouse,Electronics,East,1,25.0,0.15,12.0,25.0,21.25,12.0,9.25
O00267,3,2022-05-14,3,17,3,Notebook,Stationery,East,4,5.0,0.1,2.0,20.0,18.0,8.0,10.0
O00268,1,2022-05-14,3,78,2,Notebook,Stationery,South,6,5.0,0.1,2.0,30.0,27.0,12.0,15.0
O00268,2,2022-05-14,4,78,2,Mouse,Electronics,South,1,25.0,0.05,12.0,25.0,23.75,12.0,11.75
O00268,3,2022-05-14,4,78,2,Mouse,Electronics,South,1,25.0,0.05,12.0,25.0,23.75,12.0,11.75
O00269,1,2022-05-15,1,22,2,Laptop,Electronics,South,4,800.0,0.1,500.0,3200.0,2880.0,2000.0,880.0
O00269,2,2022-05-15,2,22,2,Chair,Furniture,South,4,150.0,0.1,90.0,600.0,540.0,360.0,180.0
O00270,1,2022-05-15,2,31,2,Chair,Furniture,South,5,150.0,0.1,90.0,750.0,675.0,450.0,225.0
O00270,2,2022-05-15,2,31,2,Chair,Furniture,South,5,150.0,0.1,90.0,750.0,675.0,450.0,225.0
O00271,1,2022-05-16,2,76,2,Chair,Furniture,South,1,150.0,0.1,90.0,150.0,135.0,90.0,45.0
O00271,2,2022-05-16,2,76,2,Chair,Furniture,South,6,150.0,0.15,90.0,900.0,765.0,540.0,225.0
O00271,3,2022-05-16,1,76,2,Laptop,Electronics,South,1,800.0,0.15,500.0,800.0,680.0,500.0,180.0
O00272,1,2022-05-16,3,59,4,Notebook,Stationery,West,1,5.0,0.05,2.0,5.0,4.75,2.0,2.75
O00272,2,2022-05-16,3,59,4,Notebook,Stationery,West,1,5.0,0.05,2.0,5.0,4.75,2.0,2.75
O00273,1,2022-05-17,4,74,1,Mouse,Electronics,North,4,25.0,0.1,12.0,100.0,90.0,48.0,42.0
O00273,2,2022-05-17,2,74,1,Chair,Furniture,North,3,150.0,0.1,90.0,450.0,405.0,270.0,135.0
O00274,1,2022-05-17,4,66,4,Mouse,Electronics,West,4,25.0,0.0,12.0,100.0,100.0,48.0,52.0
O00275,1,2022-05-18,1,21,3,Laptop,Electronics,East,6,800.0,0.0,500.0,4800.0,4800.0,3000.0,1800.0
O00275,2,2022-05-18,1,21,3,Laptop,Electronics,East,6,800.0,0.15,500.0,4800.0,4080.0,3000.0,1080.0
O00275,3,2022-05-18,4,21,3,Mouse,Electronics,East,5,25.0,0.05,12.0,125.0,118.75,60.0,58.75
O00276,1,2022-05-18,4,4,3,Mouse,Electronics,East,2,25.0,0.0,12.0,50.0,50.0,24.0,26.0
O00276,2,2022-05-18,2,4,3,Chair,Furniture,East,4,150.0,0.05,90.0,600.0,570.0,360.0,210.0
O00276,3,2022-05-18,3,4,3,Notebook,Stationery,East,6,5.0,0.05,2.0,30.0,28.5,12.0,16.5
O00277,1,2022-05-19,4,62,3,Mouse,Electronics,East,2,25.0,0.0,12.0,50.0,50.0,24.0,26.0
O00277,2,2022-05-19,1,62,3,Laptop,Electronics,East,3,800.0,0.15,500.0,2400.0,2040.0,1500.0,540.0
O00277,3,2022-05-19,1,62,3,Laptop,Electronics,East,2,800.0,0.0,500.0,1600.0,1600.0,1000.0,600.0
O00278,1,2022-05-19,4,22,4,Mouse,Electronics,West,2,25.0,0.05,12.0,50.0,47.5,24.0,23.5
O00279,1,2022-05-20,4,50,1,Mouse,Electronics,North,4,25.0,0.1,12.0,100.0,90.0,48.0,42.0
O00279,2,2022-05-20,4,50,1,Mouse,Electronics,North,3,25.0,0.0,12.0,75.0,75.0,36.0,39.0
O00280,1,2022-05-20,4,67,2,Mouse,Electronics,South,4,25.0,0.05,12.0,100.0,95.0,48.0,47.0
O00280,2,2022-05-20,3,67,2,Notebook,Stationery,South,6,5.0,0.05,2.0,30.0,28.5,12.0,16.5
O00281,1,2022-05-21,4,13,1,Mouse,Electronics,North,3,25.0,0.1,12.0,75.0,67.5,36.0,31.5
O00281,2,2022-05-21,3,13,1,Notebook,Stationery,North,5,5.0,0.0,2.0,25.0,25.0,10.0,15.0
O00281,3,2022-05-21,3,13,1,Notebook,Stationery,North,5,5.0,0.1,2.0,25.0,22.5,10.0,12.5
O00282,1,2022-05-21,2,42,3,Chair,Furniture,East,4,150.0,0.1,90.0,600.0,540.0,360.0,180.0
O00283,1,2022-05-22,2,71,4,Chair,Furniture,West,1,150.0,0.05,90.0,150.0,142.5,90.0,52.5
O00283,2,2022-05-22,1,71,4,Laptop,Electronics,West,1,800.0,0.0,500.0,800.0,800.0,500.0,300.0
O00283,3,2022-05-22,4,71,4,Mouse,Electronics,West,6,25.0,0.05,12.0,150.0,142.5,72.0,70.5
O00284,1,2022-05-22,1,38,4,Laptop,Electronics,West,4,800.0,0.05,500.0,3200.0,3040.0,2000.0,1040.0
O00284,2,2022-05-22,1,38,4,Laptop,Electronics,West,6,800.0,0.15,500.0,4800.0,4080.0,3000.0,1080.0
O00285,1,2022-05-23,1,65,1,Laptop,Electronics,North,1,800.0,0.15,500.0,800.0,680.0,500.0,180.0
O00286,1,2022-05-23,1,26,2,Laptop,Electronics,South,2,800.0,0.0,500.0,1600.0,1600.0,1000.0,600.0
O00286,2,2022-05-23,4,26,2,Mouse,Electronics,South,5,25.0,0.1,12.0,125.0,112.5,60.0,52.5
O00286,3,2022-05-23,3,26,2,Notebook,Stationery,South,3,5.0,0.0,2.0,15.0,15.0,6.0,9.0
O00287,1,2022-05-24,1,78,1,Laptop,Electronics,North,2,800.0,0.0,500.0,1600.0,1600.0,1000.0,600.0
O00288,1,2022-05-24,1,35,2,Laptop,Electronics,South,3,800.0,0.1,500.0,2400.0,2160.0,1500.0,660.0
O00288,2,2022-05-24,4,35,2,Mouse,Electronics,South,1,25.0,0.1,12.0,25.0,22.5,12.0,10.5
O00289,1,2022-05-25,3,51,1,Notebook,Stationery,North,3,5.0,0.1,2.0,15.0,13.5,6.0,7.5
O00289,2,2022-05-25,3,51,1,Notebook,Stationery,North,5,5.0,0.1,2.0,25.0,22.5,10.0,12.5
O00289,3,2022-05-25,3,51,1,Notebook,Stationery,North,2,5.0,0.0,2.0,10.0,10.0,4.0,6.0
O00290,1,2022-05-25,3,24,4,Notebook,Stationery,West,4,5.0,0.15,2.0,20.0,17.0,8.0,9.0
O00290,2,2022-05-25,2,24,4,Chair,Furniture,West,1,150.0,0.1,90.0,150.0,135.0,90.0,45.0
O00290,3,2022-05-25,3,24,4,Notebook,Stationery,West,5,5.0,0.15,2.0,25.0,21.25,10.0,11.25
O00291,1,2022-05-26,4,7,4,Mouse,Electronics,West,4,25.0,0.0,12.0,100.0,100.0,48.0,52.0
O00292,1,2022-05-26,1,79,2,Laptop,Electronics,South,5,800.0,0.0,500.0,4000.0,4000.0,2500.0,1500.0
O00292,2,2022-05-26,1,79,2,Laptop,Electronics,South,4,800.0,0.05,500.0,3200.0,3040.0,2000.0,1040.0
O00293,1,2022-05-27,2,20,2,Chair,Furniture,South,6,150.0,0.1,90.0,900.0,810.0,540.0,270.0
O00294,1,2022-05-27,2,60,1,Chair,Furniture,North,3,150.0,0.1,90.0,450.0,405.0,270.0,135.0
O00294,2,2022-05-27,1,60,1,Laptop,Electronics,North,1,800.0,0.05,500.0,800.0,760.0,500.0,260.0
O00295,1,2022-05-28,4,14,1,Mouse,Electronics,North,3,25.0,0.05,12.0,75.0,71.25,36.0,35.25
O00295,2,2022-05-28,3,14,1,Notebook,Stationery,North,6,5.0,0.0,2.0,30.0,30.0,12.0,18.0
O00295,3,2022-05-28,3,14,1,Notebook,Stationery,North,3,5.0,0.1,2.0,15.0,13.5,6.0,7.5
O00296,1,2022-05-28,4,60,1,Mouse,Electronics,North,2,25.0,0.0,12.0,50.0,50.0,24.0,26.0
O00296,2,2022-05-28,1,60,1,Laptop,Electronics,North,5,800.0,0.05,500.0,4000.0,3800.0,2500.0,1300.0
O00296,3,2022-05-28,2,60,1,Chair,Furniture,North,5,150.0,0.0,90.0,750.0,750.0,450.0,300.0
O00297,1,2022-05-29,2,73,1,Chair,Furniture,North,2,150.0,0.15,90.0,300.0,255.0,180.0,75.0
O00298,1,2022-05-29,2,31,3,Chair,Furniture,East,1,150.0,0.15,90.0,150.0,127.5,90.0,37.5
O00298,2,2022-05-29,2,31,3,Chair,Furniture,East,4,150.0,0.0,90.0,600.0,600.0,360.0,240.0
O00299,1,2022-05-30,1,19,4,Laptop,Electronics,West,4,800.0,0.1,500.0,3200.0,2880.0,2000.0,880.0
O00299,2,2022-05-30,2,19,4,Chair,Furniture,West,5,150.0,0.1,90.0,750.0,675.0,450.0,225.0
O00299,3,2022-05-30,4,19,4,Mouse,Electronics,West,6,25.0,0.0,12.0,150.0,150.0,72.0,78.0
O00300,1,2022-05-30,3,5,3,Notebook,Stationery,East,2,5.0,0.0,2.0,10.0,10.0,4.0,6.0
O00300,2,2022-05-30,2,5,3,Chair,Furniture,East,5,150.0,0.1,90.0,750.0,675.0,450.0,225.0
O00300,3,2022-05-30,3,5,3,Notebook,Stationery,East,2,5.0,0.05,2.0,10.0,9.5,4.0,5.5
O00301,1,2022-05-31,4,16,3,Mouse,Electronics,East,5,25.0,0.0,12.0,125.0,125.0,60.0,65.0
O00301,2,2022-05-31,3,16,3,Notebook,Stationery,East,1,5.0,0.1,2.0,5.0,4.5,2.0,2.5
O00302,1,2022-05-31,3,44,3,Notebook,Stationery,East,4,5.0,0.0,2.0,20.0,20.0,8.0,12.0
O00302,2,2022-05-31,1,44,3,Laptop,Electronics,East,3,800.0,0.0,500.0,2400.0,2400.0,1500.0,900.0
O00302,3,2022-05-31,4,44,3,Mouse,Electronics,East,3,25.0,0.05,12.0,75.0,71.25,36.0,35.25
O00303,1,2022-06-01,4,37,4,Mouse,Electronics,West,5,25.0,0.05,12.0,125.0,118.75,60.0,58.75
O00304,1,2022-06-01,3,78,2,Notebook,Stationery,South,4,5.0,0.1,2.0,20.0,18.0,8.0,10.0
O00304,2,2022-06-01,3,78,2,Notebook,Stationery,South,5,5.0,0.05,2.0,25.0,23.75,10.0,13.75
O00305,1,2022-06-02,2,39,3,Chair,Furniture,East,4,150.0,0.15,90.0,600.0,510.0,360.0,150.0
O00305,2,2022-06-02,2,39,3,Chair,Furniture,East,3,150.0,0.0,90.0,450.0,450.0,270.0,180.0
O00306,1,2022-06-02,3,37,3,Notebook,Stationery,East,6,5.0,0.1,2.0,30.0,27.0,12.0,15.0
O00307,1,2022-06-03,3,59,1,Notebook,Stationery,North,3,5.0,0.05,2.0,15.0,14.25,6.0,8.25
O00307,2,2022-06-03,3,59,1,Notebook,Stationery,North,4,5.0,0.05,2.0,20.0,19.0,8.0,11.0
O00307,3,2022-06-03,4,59,1,Mouse,Electronics,North,6,25.0,0.15,12.0,150.0,127.5,72.0,55.5
O00308,1,2022-06-03,3,1,2,Notebook,Stationery,South,2,5.0,0.0,2.0,10.0,10.0,4.0,6.0
O00308,2,2022-06-03,3,1,2,Notebook,Stationery,South,5,5.0,0.1,2.0,25.0,22.5,10.0,12.5
O00308,3,2022-06-03,2,1,2,Chair,Furniture,South,4,150.0,0.05,90.0,600.0,570.0,360.0,210.0
O00309,1,2022-06-04,1,23,1,Laptop,Electronics,North,3,800.0,0.0,500.0,2400.0,2400.0,1500.0,900.0
O00310,1,2022-06-04,2,3,1,Chair,Furniture,North,6,150.0,0.15,90.0,900.0,765.0,540.0,225.0
O00311,1,2022-06-05,4,13,3,Mouse,Electronics,East,6,25.0,0.0,12.0,150.0,150.0,72.0,78.0
O00311,2,2022-06-05,4,13,3,Mouse,Electronics,East,6,25.0,0.0,12.0,150.0,150.0,72.0,78.0
O00312,1,2022-06-05,2,76,4,Chair,Furniture,West,1,150.0,0.05,90.0,150.0,142.5,90.0,52.5
O00313,1,2022-06-06,1,46,2,Laptop,Electronics,South,5,800.0,0.1,500.0,4000.0,3600.0,2500.0,1100.0
O00314,1,2022-06-06,4,4,3,Mouse,Electronics,East,1,25.0,0.05,12.0,25.0,23.75,12.0,11.75
O00315,1,2022-06-07,2,39,3,Chair,Furniture,East,1,150.0,0.1,90.0,150.0,135.0,90.0,45.0
O00316,1,2022-06-07,3,11,1,Notebook,Stationery,North,1,5.0,0.15,2.0,5.0,4.25,2.0,2.25
O00316,2,2022-06-07,1,11,1,Laptop,Electronics,North,2,800.0,0.0,500.0,1600.0,1600.0,1000.0,600.0
O00317,1,2022-06-08,4,17,3,Mouse,Electronics,East,6,25.0,0.0,12.0,150.0,150.0,72.0,78.0
O00317,2,2022-06-08,3,17,3,Notebook,Stationery,East,6,5.0,0.15,2.0,30.0,25.5,12.0,13.5
O00318,1,2022-06-08,3,16,2,Notebook,Stationery,South,1,5.0,0.0,2.0,5.0,5.0,2.0,3.0
O00318,2,2022-06-08,4,16,2,Mouse,Electronics,South,5,25.0,0.05,12.0,125.0,118.75,60.0,58.75
O00318,3,2022-06-08,4,16,2,Mouse,Electronics,South,6,25.0,0.1,12.0,150.0,135.0,72.0,63.0
O00319,1,2022-06-09,2,10,1,Chair,Furniture,North,6,150.0,0.15,90.0,900.0,765.0,540.0,225.0
O00320,1,2022-06-09,1,79,4,Laptop,Electronics,West,2,800.0,0.1,500.0,1600.0,1440.0,1000.0,440.0
O00320,2,2022-06-09,1,79,4,Laptop,Electronics,West,4,800.0,0.0,500.0,3200.0,3200.0,2000.0,1200.0
O00320,3,2022-06-09,2,79,4,Chair,Furniture,West,3,150.0,0.0,90.0,450.0,450.0,270.0,180.0
O00321,1,2022-06-10,3,55,2,Notebook,Stationery,South,6,5.0,0.15,2.0,30.0,25.5,12.0,13.5
O00321,2,2022-06-10,4,55,2,Mouse,Electronics,South,6,25.0,0.0,12.0,150.0,150.0,72.0,78.0
O00321,3,2022-06-10,3,55,2,Notebook,Stationery,South,1,5.0,0.1,2.0,5.0,4.5,2.0,2.5
O00322,1,2022-06-10,2,50,4,Chair,Furniture,West,2,150.0,0.1,90.0,300.0,270.0,180.0,90.0
O00322,2,2022-06-10,4,50,4,Mouse,Electronics,West,1,25.0,0.1,12.0,25.0,22.5,12.0,10.5
O00323,1,2022-06-11,1,61,2,Laptop,Electronics,South,5,800.0,0.1,500.0,4000.0,3600.0,2500.0,1100.0
O00323,2,2022-06-11,2,61,2,Chair,Furniture,South,4,150.0,0.0,90.0,600.0,600.0,360.0,240.0
O00323,3,2022-06-11,3,61,2,Notebook,Stationery,South,5,5.0,0.15,2.0,25.0,21.25,10.0,11.25
O00324,1,2022-06-11,1,10,3,Laptop,Electronics,East,2,800.0,0.0,500.0,1600.0,1600.0,1000.0,600.0
O00325,1,2022-06-12,1,28,1,Laptop,Electronics,North,3,800.0,0.05,500.0,2400.0,2280.0,1500.0,780.0
O00325,2,2022-06-12,3,28,1,Notebook,Stationery,North,6,5.0,0.1,2.0,30.0,27.0,12.0,15.0
O00325,3,2022-06-12,4,28,1,Mouse,Electronics,North,6,25.0,0.0,12.0,150.0,150.0,72.0,78.0
O00326,1,2022-06-12,4,18,3,Mouse,Electronics,East,5,25.0,0.0,12.0,125.0,125.0,60.0,65.0
O00326,2,2022-06-12,4,18,3,Mouse,Electronics,East,6,25.0,0.05,12.0,150.0,142.5,72.0,70.5
O00326,3,2022-06-12,1,18,3,Laptop,Electronics,East,5,800.0,0.1,500.0,4000.0,3600.0,2500.0,1100.0
O00327,1,2022-06-13,3,34,2,Notebook,Stationery,South,5,5.0,0.1,2.0,25.0,22.5,10.0,12.5
O00327,2,2022-06-13,4,34,2,Mouse,Electronics,South,5,25.0,0.15,12.0,125.0,106.25,60.0,46.25
O00328,1,2022-06-13,2,40,4,Chair,Furniture,West,2,150.0,0.15,90.0,300.0,255.0,180.0,75.0
O00328,2,2022-06-13,4,40,4,Mouse,Electronics,West,4,25.0,0.05,12.0,100.0,95.0,48.0,47.0
O00328,3,2022-06-13,4,40,4,Mouse,Electronics,West,3,25.0,0.05,12.0,75.0,71.25,36.0,35.25
O00329,1,2022-06-14,1,76,2,Laptop,Electronics,South,2,800.0,0.15,500.0,1600.0,1360.0,1000.0,360.0
O00329,2,2022-06-14,3,76,2,Notebook,Stationery,South,6,5.0,0.0,2.0,30.0,30.0,12.0,18.0
O00329,3,2022-06-14,2,76,2,Chair,Furniture,South,6,150.0,0.0,90.0,900.0,900.0,540.0,360.0
O00330,1,2022-06-14,1,29,4,Laptop,Electronics,West,3,800.0,0.15,500.0,2400.0,2040.0,1500.0,540.0
O00330,2,2022-06-14,4,29,4,Mouse,Electronics,West,5,25.0,0.05,12.0,125.0,118.75,60.0,58.75
O00330,3,2022-06-14,1,29,4,Laptop,Electronics,West,1,800.0,0.0,500.0,800.0,800.0,500.0,300.0
O00331,1,2022-06-15,4,68,1,Mouse,Electronics,North,2,25.0,0.05,12.0,50.0,47.5,24.0,23.5
O00331,2,2022-06-15,2,68,1,Chair,Furniture,North,1,150.0,0.15,90.0,150.0,127.5,90.0,37.5
O00332,1,2022-06-15,1,10,1,Laptop,Electronics,North,3,800.0,0.05,500.0,2400.0,2280.0,1500.0,780.0
O00333,1,2022-06-16,4,76,2,Mouse,Electronics,South,6,25.0,0.05,12.0,150.0,142.5,72.0,70.5
O00333,2,2022-06-16,1,76,2,Laptop,Electronics,South,4,800.0,0.05,500.0,3200.0,3040.0,2000.0,1040.0
O00333,3,2022-06-16,4,76,2,Mouse,Electronics,South,3,25.0,0.15,12.0,75.0,63.75,36.0,27.75
O00334,1,2022-06-16,4,1,1,Mouse,Electronics,North,2,25.0,0.0,12.0,50.0,50.0,24.0,26.0
O00334,2,2022-06-16,3,1,1,Notebook,Stationery,North,3,5.0,0.0,2.0,15.0,15.0,6.0,9.0
O00334,3,2022-06-16,1,1,1,Laptop,Electronics,North,2,800.0,0.1,500.0,1600.0,1440.0,1000.0,440.0
O00335,1,2022-06-17,3,18,1,Notebook,Stationery,North,2,5.0,0.15,2.0,10.0,8.5,4.0,4.5
O00335,2,2022-06-17,3,18,1,Notebook,Stationery,North,3,5.0,0.1,2.0,15.0,13.5,6.0,7.5
O00335,3,2022-06-17,4,18,1,Mouse,Electronics,North,4,25.0,0.0,12.0,100.0,100.0,48.0,52.0
O00336,1,2022-06-17,2,28,2,Chair,Furniture,South,4,150.0,0.05,90.0,600.0,570.0,360.0,210.0
O00337,1,2022-06-18,1,75,2,Laptop,Electronics,South,3,800.0,0.15,500.0,2400.0,2040.0,1500.0,540.0
O00338,1,2022-06-18,3,62,2,Notebook,Stationery,South,1,5.0,0.05,2.0,5.0,4.75,2.0,2.75
O00338,2,2022-06-18,4,62,2,Mouse,Electronics,South,1,25.0,0.0,12.0,25.0,25.0,12.0,13.0
O00339,1,2022-06-19,1,41,4,Laptop,Electronics,West,4,800.0,0.05,500.0,3200.0,3040.0,2000.0,1040.0
O00339,2,2022-06-19,2,41,4,Chair,Furniture,West,3,150.0,0.05,90.0,450.0,427.5,270.0,157.5
O00340,1,2022-06-19,4,23,3,Mouse,Electronics,East,1,25.0,0.15,12.0,25.0,21.25,12.0,9.25
O00341,1,2022-06-20,3,67,4,Notebook,Stationery,West,6,5.0,0.15,2.0,30.0,25.5,12.0,13.5
O00341,2,2022-06-20,2,67,4,Chair,Furniture,West,6,150.0,0.05,90.0,900.0,855.0,540.0,315.0
O00341,3,2022-06-20,1,67,4,Laptop,Electronics,West,6,800.0,0.1,500.0,4800.0,4320.0,3000.0,1320.0
O00342,1,2022-06-20,4,75,3,Mouse,Electronics,East,6,25.0,0.15,12.0,150.0,127.5,72.0,55.5
O00342,2,2022-06-20,3,75,3,Notebook,Stationery,East,5,5.0,0.0,2.0,25.0,25.0,10.0,15.0
O00343,1,2022-06-21,3,48,4,Notebook,Stationery,West,1,5.0,0.1,2.0,5.0,4.5,2.0,2.5
O00343,2,2022-06-21,2,48,4,Chair,Furniture,West,5,150.0,0.15,90.0,750.0,637.5,450.0,187.5
O00344,1,2022-06-21,2,25,2,Chair,Furniture,South,6,150.0,0.15,90.0,900.0,765.0,540.0,225.0
O00345,1,2022-06-22,3,15,4,Notebook,Stationery,West,1,5.0,0.05,2.0,5.0,4.75,2.0,2.75
O00346,1,2022-06-22,1,15,4,Laptop,Electronics,West,5,800.0,0.05,500.0,4000.0,3800.0,2500.0,1300.0
O00346,2,2022-06-22,1,15,4,Laptop,Electronics,West,6,800.0,0.15,500.0,4800.0,4080.0,3000.0,1080.0
O00346,3,2022-06-22,4,15,4,Mouse,Electronics,West,1,25.0,0.05,12.0,25.0,23.75,12.0,11.75
O00347,1,2022-06-23,3,44,4,Notebook,Stationery,West,5,5.0,0.1,2.0,25.0,22.5,10.0,12.5
O00347,2,2022-06-23,2,44,4,Chair,Furniture,West,5,150.0,0.15,90.0,750.0,637.5,450.0,187.5
O00348,1,2022-06-23,4,36,1,Mouse,Electronics,North,5,25.0,0.1,12.0,125.0,112.5,60.0,52.5
O00349,1,2022-06-24,2,65,3,Chair,Furniture,East,2,150.0,0.1,90.0,300.0,270.0,180.0,90.0
O00350,1,2022-06-24,4,19,2,Mouse,Electronics,South,2,25.0,0.1,12.0,50.0,45.0,24.0,21.0
O00351,1,2022-06-25,4,80,4,Mouse,Electronics,West,4,25.0,0.0,12.0,100.0,100.0,48.0,52.0
O00351,2,2022-06-25,3,80,4,Notebook,Stationery,West,3,5.0,0.05,2.0,15.0,14.25,6.0,8.25
O00352,1,2022-06-25,4,37,3,Mouse,Electronics,East,3,25.0,0.05,12.0,75.0,71.25,36.0,35.25
O00353,1,2022-06-26,2,32,1,Chair,Furniture,North,5,150.0,0.05,90.0,750.0,712.5,450.0,262.5
O00353,2,2022-06-26,3,32,1,Notebook,Stationery,North,2,5.0,0.05,2.0,10.0,9.5,4.0,5.5
O00353,3,2022-06-26,4,32,1,Mouse,Electronics,North,5,25.0,0.1,12.0,125.0,112.5,60.0,52.5
O00354,1,2022-06-26,2,69,2,Chair,Furniture,South,4,150.0,0.0,90.0,600.0,600.0,360.0,240.0
O00355,1,2022-06-27,3,57,4,Notebook,Stationery,West,4,5.0,0.1,2.0,20.0,18.0,8.0,10.0
O00356,1,2022-06-27,2,52,1,Chair,Furniture,North,3,150.0,0.1,90.0,450.0,405.0,270.0,135.0
O00357,1,2022-06-28,3,10,4,Notebook,Stationery,West,2,5.0,0.0,2.0,10.0,10.0,4.0,6.0
O00358,1,2022-06-28,3,43,4,Notebook,Stationery,West,3,5.0,0.1,2.0,15.0,13.5,6.0,7.5
O00358,2,2022-06-28,4,43,4,Mouse,Electronics,West,2,25.0,0.0,12.0,50.0,50.0,24.0,26.0
O00359,1,2022-06-29,4,36,1,Mouse,Electronics,North,6,25.0,0.1,12.0,150.0,135.0,72.0,63.0
O00359,2,2022-06-29,3,36,1,Notebook,Stationery,North,4,5.0,0.0,2.0,20.0,20.0,8.0,12.0
O00359,3,2022-06-29,4,36,1,Mouse,Electronics,North,4,25.0,0.1,12.0,100.0,90.0,48.0,42.0
O00360,1,2022-06-29,2,78,1,Chair,Furniture,North,5,150.0,0.15,90.0,750.0,637.5,450.0,187.5
O00360,2,2022-06-29,3,78,1,Notebook,Stationery,North,3,5.0,0.15,2.0,15.0,12.75,6.0,6.75
O00360,3,2022-06-29,1,78,1,Laptop,Electronics,North,6,800.0,0.1,500.0,4800.0,4320.0,3000.0,1320.0
O00361,1,2022-06-30,3,55,2,Notebook,Stationery,South,1,5.0,0.05,2.0,5.0,4.75,2.0,2.75
O00362,1,2022-06-30,2,60,4,Chair,Furniture,West,1,150.0,0.05,90.0,150.0,142.5,90.0,52.5
O00362,2,2022-06-30,4,60,4,Mouse,Electronics,West,3,25.0,0.0,12.0,75.0,75.0,36.0,39.0
O00363,1,2022-07-01,3,52,2,Notebook,Stationery,South,5,5.0,0.1,2.0,25.0,22.5,10.0,12.5
O00363,2,2022-07-01,4,52,2,Mouse,Electronics,South,6,25.0,0.1,12.0,150.0,135.0,72.0,63.0
O00363,3,2022-07-01,4,52,2,Mouse,Electronics,South,6,25.0,0.15,12.0,150.0,127.5,72.0,55.5
O00364,1,2022-07-01,3,71,3,Notebook,Stationery,East,3,5.0,0.1,2.0,15.0,13.5,6.0,7.5
O00364,2,2022-07-01,4,71,3,Mouse,Electronics,East,3,25.0,0.05,12.0,75.0,71.25,36.0,35.25
O00365,1,2022-07-02,4,73,1,Mouse,Electronics,North,4,25.0,0.0,12.0,100.0,100.0,48.0,52.0
O00365,2,2022-07-02,1,73,1,Laptop,Electronics,North,4,800.0,0.1,500.0,3200.0,2880.0,2000.0,880.0
O00365,3,2022-07-02,3,73,1,Notebook,Stationery,North,1,5.0,0.1,2.0,5.0,4.5,2.0,2.5
O00366,1,2022-07-02,2,72,3,Chair,Furniture,East,1,150.0,0.1,90.0,150.0,135.0,90.0,45.0
O00367,1,2022-07-03,4,76,3,Mouse,Electronics,East,5,25.0,0.15,12.0,125.0,106.25,60.0,46.25
O00367,2,2022-07-03,4,76,3,Mouse,Electronics,East,3,25.0,0.05,12.0,75.0,71.25,36.0,35.25
O00368,1,2022-07-03,4,64,4,Mouse,Electronics,West,4,25.0,0.1,12.0,100.0,90.0,48.0,42.0
O00368,2,2022-07-03,4,64,4,Mouse,Electronics,West,2,25.0,0.05,12.0,50.0,47.5,24.0,23.5
O00368,3,2022-07-03,4,64,4,Mouse,Electronics,West,5,25.0,0.1,12.0,125.0,112.5,60.0,52.5
O00369,1,2022-07-04,3,48,3,Notebook,Stationery,East,6,5.0,0.0,2.0,30.0,30.0,12.0,18.0
O00369,2,2022-07-04,4,48,3,Mouse,Electronics,East,2,25.0,0.15,12.0,50.0,42.5,24.0,18.5
O00369,3,2022-07-04,1,48,3,Laptop,Electronics,East,1,800.0,0.15,500.0,800.0,680.0,500.0,180.0
O00370,1,2022-07-04,2,40,4,Chair,Furniture,West,5,150.0,0.1,90.0,750.0,675.0,450.0,225.0
O00370,2,2022-07-04,1,40,4,Laptop,Electronics,West,4,800.0,0.0,500.0,3200.0,3200.0,2000.0,1200.0
O00370,3,2022-07-04,2,40,4,Chair,Furniture,West,4,150.0,0.1,90.0,600.0,540.0,360.0,180.0
O00371,1,2022-07-05,4,1,4,Mouse,Electronics,West,3,25.0,0.1,12.0,75.0,67.5,36.0,31.5
O00371,2,2022-07-05,3,1,4,Notebook,Stationery,West,3,5.0,0.05,2.0,15.0,14.25,6.0,8.25
O00372,1,2022-07-05,4,17,2,Mouse,Electronics,South,2,25.0,0.1,12.0,50.0,45.0,24.0,21.0
O00372,2,2022-07-05,1,17,2,Laptop,Electronics,South,6,800.0,0.1,500.0,4800.0,4320.0,3000.0,1320.0
O00373,1,2022-07-06,3,21,3,Notebook,Stationery,East,5,5.0,0.1,2.0,25.0,22.5,10.0,12.5
O00373,2,2022-07-06,2,21,3,Chair,Furniture,East,6,150.0,0.1,90.0,900.0,810.0,540.0,270.0
O00373,3,2022-07-06,2,21,3,Chair,Furniture,East,5,150.0,0.0,90.0,750.0,750.0,450.0,300.0
O00374,1,2022-07-06,1,19,4,Laptop,Electronics,West,2,800.0,0.1,500.0,1600.0,1440.0,1000.0,440.0
O00375,1,2022-07-07,1,58,3,Laptop,Electronics,East,4,800.0,0.0,500.0,3200.0,3200.0,2000.0,1200.0
O00375,2,2022-07-07,4,58,3,Mouse,Electronics,East,3,25.0,0.0,12.0,75.0,75.0,36.0,39.0
O00376,1,2022-07-07,3,59,2,Notebook,Stationery,South,3,5.0,0.1,2.0,15.0,13.5,6.0,7.5
O00377,1,2022-07-08,1,80,2,Laptop,Electronics,South,6,800.0,0.1,500.0,4800.0,4320.0,3000.0,1320.0
O00377,2,2022-07-08,4,80,2,Mouse,Electronics,South,1,25.0,0.1,12.0,25.0,22.5,12.0,10.5
O00378,1,2022-07-08,2,21,4,Chair,Furniture,West,3,150.0,0.15,90.0,450.0,382.5,270.0,112.5
O00378,2,2022-07-08,3,21,4,Notebook,Stationery,West,6,5.0,0.0,2.0,30.0,30.0,12.0,18.0
O00378,3,2022-07-08,1,21,4,Laptop,Electronics,West,2,800.0,0.15,500.0,1600.0,1360.0,1000.0,360.0
O00379,1,2022-07-09,2,67,3,Chair,Furniture,East,2,150.0,0.15,90.0,300.0,255.0,180.0,75.0
O00380,1,2022-07-09,4,13,2,Mouse,Electronics,South,1,25.0,0.0,12.0,25.0,25.0,12.0,13.0
O00380,2,2022-07-09,3,13,2,Notebook,Stationery,South,1,5.0,0.05,2.0,5.0,4.75,2.0,2.75
O00380,3,2022-07-09,1,13,2,Laptop,Electronics,South,1,800.0,0.1,500.0,800.0,720.0,500.0,220.0
O00381,1,2022-07-10,1,56,1,Laptop,Electronics,North,4,800.0,0.0,500.0,3200.0,3200.0,2000.0,1200.0
O00382,1,2022-07-10,1,10,1,Laptop,Electronics,North,4,800.0,0.05,500.0,3200.0,3040.0,2000.0,1040.0
O00382,2,2022-07-10,1,10,1,Laptop,Electronics,North,6,800.0,0.1,500.0,4800.0,4320.0,3000.0,1320.0
O00382,3,2022-07-10,2,10,1,Chair,Furniture,North,4,150.0,0.0,90.0,600.0,600.0,360.0,240.0
O00383,1,2022-07-11,3,61,2,Notebook,Stationery,South,3,5.0,0.1,2.0,15.0,13.5,6.0,7.5
O00383,2,2022-07-11,3,61,2,Notebook,Stationery,South,5,5.0,0.0,2.0,25.0,25.0,10.0,15.0
O00383,3,2022-07-11,3,61,2,Notebook,Stationery,South,5,5.0,0.15,2.0,25.0,21.25,10.0,11.25
O00384,1,2022-07-11,4,2,4,Mouse,Electronics,West,3,25.0,0.15,12.0,75.0,63.75,36.0,27.75
O00385,1,2022-07-12,1,63,4,Laptop,Electronics,West,5,800.0,0.0,500.0,4000.0,4000.0,2500.0,1500.0
O00385,2,2022-07-12,4,63,4,Mouse,Electronics,West,1,25.0,0.15,12.0,25.0,21.25,12.0,9.25
O00385,3,2022-07-12,3,63,4,Notebook,Stationery,West,3,5.0,0.15,2.0,15.0,12.75,6.0,6.75
O00386,1,2022-07-12,3,68,4,Notebook,Stationery,West,5,5.0,0.05,2.0,25.0,23.75,10.0,13.75
O00387,1,2022-07-13,3,23,4,Notebook,Stationery,West,3,5.0,0.05,2.0,15.0,14.25,6.0,8.25
O00388,1,2022-07-13,2,61,3,Chair,Furniture,East,1,150.0,0.0,90.0,150.0,150.0,90.0,60.0
O00388,2,2022-07-13,1,61,3,Laptop,Electronics,East,3,800.0,0.15,500.0,2400.0,2040.0,1500.0,540.0
O00389,1,2022-07-14,4,52,2,Mouse,Electronics,South,4,25.0,0.15,12.0,100.0,85.0,48.0,37.0
O00389,2,2022-07-14,3,52,2,Notebook,Stationery,South,2,5.0,0.15,2.0,10.0,8.5,4.0,4.5
O00389,3,2022-07-14,1,52,2,Laptop,Electronics,South,4,800.0,0.1,500.0,3200.0,2880.0,2000.0,880.0
O00390,1,2022-07-14,3,62,3,Notebook,Stationery,East,1,5.0,0.0,2.0,5.0,5.0,2.0,3.0
O00391,1,2022-07-15,4,31,3,Mouse,Electronics,East,6,25.0,0.0,12.0,150.0,150.0,72.0,78.0
O00391,2,2022-07-15,3,31,3,Notebook,Stationery,East,2,5.0,0.1,2.0,10.0,9.0,4.0,5.0
O00392,1,2022-07-15,4,80,4,Mouse,Electronics,West,3,25.0,0.15,12.0,75.0,63.75,36.0,27.75
O00392,2,2022-07-15,1,80,4,Laptop,Electronics,West,6,800.0,0.05,500.0,4800.0,4560.0,3000.0,1560.0
O00393,1,2022-07-16,1,2,3,Laptop,Electronics,East,5,800.0,0.15,500.0,4000.0,3400.0,2500.0,900.0
O00393,2,2022-07-16,2,2,3,Chair,Furniture,East,2,150.0,0.1,90.0,300.0,270.0,180.0,90.0
O00394,1,2022-07-16,4,36,2,Mouse,Electronics,South,5,25.0,0.1,12.0,125.0,112.5,60.0,52.5
O00394,2,2022-07-16,3,36,2,Notebook,Stationery,South,4,5.0,0.15,2.0,20.0,17.0,8.0,9.0
O00394,3,2022-07-16,1,36,2,Laptop,Electronics,South,5,800.0,0.15,500.0,4000.0,3400.0,2500.0,900.0
O00395,1,2022-07-17,4,11,4,Mouse,Electronics,West,2,25.0,0.15,12.0,50.0,42.5,24.0,18.5
O00396,1,2022-07-17,3,37,1,Notebook,Stationery,North,1,5.0,0.0,2.0,5.0,5.0,2.0,3.0
O00396,2,2022-07-17,1,37,1,Laptop,Electronics,North,2,800.0,0.0,500.0,1600.0,1600.0,1000.0,600.0
O00396,3,2022-07-17,3,37,1,Notebook,Stationery,North,1,5.0,0.1,2.0,5.0,4.5,2.0,2.5
O00397,1,2022-07-18,1,55,4,Laptop,Electronics,West,4,800.0,0.0,500.0,3200.0,3200.0,2000.0,1200.0
O00398,1,2022-07-18,3,75,2,Notebook,Stationery,South,3,5.0,0.1,2.0,15.0,13.5,6.0,7.5
O00399,1,2022-07-19,1,4,2,Laptop,Electronics,South,4,800.0,0.1,500.0,3200.0,2880.0,2000.0,880.0
O00400,1,2022-07-19,4,10,2,Mouse,Electronics,South,5,25.0,0.0,12.0,125.0,125.0,60.0,65.0
O00400,2,2022-07-19,2,10,2,Chair,Furniture,South,4,150.0,0.0,90.0,600.0,600.0,360.0,240.0
O00400,3,2022-07-19,1,10,2,Laptop,Electronics,South,4,800.0,0.0,500.0,3200.0,3200.0,2000.0,1200.0
O00401,1,2022-07-20,3,32,2,Notebook,Stationery,South,4,5.0,0.0,2.0,20.0,20.0,8.0,12.0
O00401,2,2022-07-20,3,32,2,Notebook,Stationery,South,3,5.0,0.05,2.0,15.0,14.25,6.0,8.25
O00402,1,2022-07-20,4,46,4,Mouse,Electronics,West,3,25.0,0.15,12.0,75.0,63.75,36.0,27.75
O00402,2,2022-07-20,2,46,4,Chair,Furniture,West,6,150.0,0.0,90.0,900.0,900.0,540.0,360.0
O00403,1,2022-07-21,3,9,2,Notebook,Stationery,South,1,5.0,0.0,2.0,5.0,5.0,2.0,3.0
O00404,1,2022-07-21,3,54,1,Notebook,Stationery,North,3,5.0,0.0,2.0,15.0,15.0,6.0,9.0
O00405,1,2022-07-22,2,33,2,Chair,Furniture,South,5,150.0,0.0,90.0,750.0,750.0,450.0,300.0
O00406,1,2022-07-22,1,64,2,Laptop,Electronics,South,2,800.0,0.0,500.0,1600.0,1600.0,1000.0,600.0
O00406,2,2022-07-22,4,64,2,Mouse,Electronics,South,5,25.0,0.05,12.0,125.0,118.75,60.0,58.75
O00407,1,2022-07-23,1,49,4,Laptop,Electronics,West,2,800.0,0.1,500.0,1600.0,1440.0,1000.0,440.0
O00407,2,2022-07-23,4,49,4,Mouse,Electronics,West,3,25.0,0.0,12.0,75.0,75.0,36.0,39.0
O00408,1,2022-07-23,2,17,1,Chair,Furniture,North,4,150.0,0.15,90.0,600.0,510.0,360.0,150.0
O00409,1,2022-07-24,1,77,3,Laptop,Electronics,East,1,800.0,0.05,500.0,800.0,760.0,500.0,260.0
O00410,1,2022-07-24,3,75,2,Notebook,Stationery,South,2,5.0,0.1,2.0,10.0,9.0,4.0,5.0
O00410,2,2022-07-24,2,75,2,Chair,Furniture,South,2,150.0,0.0,90.0,300.0,300.0,180.0,120.0
O00410,3,2022-07-24,4,75,2,Mouse,Electronics,South,4,25.0,0.1,12.0,100.0,90.0,48.0,42.0
O00411,1,2022-07-25,2,75,3,Chair,Furniture,East,1,150.0,0.15,90.0,150.0,127.5,90.0,37.5
O00411,2,2022-07-25,1,75,3,Laptop,Electronics,East,3,800.0,0.1,500.0,2400.0,2160.0,1500.0,660.0
O00412,1,2022-07-25,1,33,4,Laptop,Electronics,West,1,800.0,0.1,500.0,800.0,720.0,500.0,220.0
O00413,1,2022-07-26,3,57,4,Notebook,Stationery,West,1,5.0,0.15,2.0,5.0,4.25,2.0,2.25
O00414,1,2022-07-26,4,69,1,Mouse,Electronics,North,3,25.0,0.15,12.0,75.0,63.75,36.0,27.75
O00415,1,2022-07-27,2,16,2,Chair,Furniture,South,6,150.0,0.15,90.0,900.0,765.0,540.0,225.0
O00415,2,2022-07-27,4,16,2,Mouse,Electronics,South,2,25.0,0.05,12.0,50.0,47.5,24.0,23.5
O00415,3,2022-07-27,3,16,2,Notebook,Stationery,South,3,5.0,0.15,2.0,15.0,12.75,6.0,6.75
O00416,1,2022-07-27,1,54,4,Laptop,Electronics,West,2,800.0,0.0,500.0,1600.0,1600.0,1000.0,600.0
O00417,1,2022-07-28,4,39,2,Mouse,Electronics,South,2,25.0,0.15,12.0,50.0,42.5,24.0,18.5
O00417,2,2022-07-28,3,39,2,Notebook,Stationery,South,5,5.0,0.05,2.0,25.0,23.75,10.0,13.75
O00418,1,2022-07-28,3,70,3,Notebook,Stationery,East,4,5.0,0.0,2.0,20.0,20.0,8.0,12.0
O00419,1,2022-07-29,4,49,1,Mouse,Electronics,North,2,25.0,0.1,12.0,50.0,45.0,24.0,21.0
O00419,2,2022-07-29,3,49,1,Notebook,Stationery,North,5,5.0,0.0,2.0,25.0,25.0,10.0,15.0
O00420,1,2022-07-29,2,27,3,Chair,Furniture,East,3,150.0,0.0,90.0,450.0,450.0,270.0,180.0
O00420,2,2022-07-29,4,27,3,Mouse,Electronics,East,2,25.0,0.05,12.0,50.0,47.5,24.0,23.5
O00420,3,2022-07-29,2,27,3,Chair,Furniture,East,5,150.0,0.05,90.0,750.0,712.5,450.0,262.5
O00421,1,2022-07-30,2,72,3,Chair,Furniture,East,3,150.0,0.0,90.0,450.0,450.0,270.0,180.0
O00422,1,2022-07-30,1,38,2,Laptop,Electronics,South,3,800.0,0.05,500.0,2400.0,2280.0,1500.0,780.0
O00422,2,2022-07-30,3,38,2,Notebook,Stationery,South,2,5.0,0.15,2.0,10.0,8.5,4.0,4.5
O00423,1,2022-07-31,4,31,1,Mouse,Electronics,North,1,25.0,0.0,12.0,25.0,25.0,12.0,13.0
O00423,2,2022-07-31,4,31,1,Mouse,Electronics,North,5,25.0,0.05,12.0,125.0,118.75,60.0,58.75
O00424,1,2022-07-31,3,8,2,Notebook,Stationery,South,3,5.0,0.0,2.0,15.0,15.0,6.0,9.0
O00424,2,2022-07-31,3,8,2,Notebook,Stationery,South,6,5.0,0.0,2.0,30.0,30.0,12.0,18.0
O00425,1,2022-08-01,1,49,1,Laptop,Electronics,North,5,800.0,0.05,500.0,4000.0,3800.0,2500.0,1300.0
O00425,2,2022-08-01,3,49,1,Notebook,Stationery,North,1,5.0,0.1,2.0,5.0,4.5,2.0,2.5
O00425,3,2022-08-01,1,49,1,Laptop,Electronics,North,6,800.0,0.15,500.0,4800.0,4080.0,3000.0,1080.0
O00426,1,2022-08-01,3,1,1,Notebook,Stationery,North,4,5.0,0.05,2.0,20.0,19.0,8.0,11.0
O00426,2,2022-08-01,2,1,1,Chair,Furniture,North,6,150.0,0.05,90.0,900.0,855.0,540.0,315.0
O00427,1,2022-08-02,2,53,3,Chair,Furniture,East,2,150.0,0.1,90.0,300.0,270.0,180.0,90.0
O00427,2,2022-08-02,4,53,3,Mouse,Electronics,East,5,25.0,0.0,12.0,125.0,125.0,60.0,65.0
O00428,1,2022-08-02,1,37,3,Laptop,Electronics,East,6,800.0,0.1,500.0,4800.0,4320.0,3000.0,1320.0
O00429,1,2022-08-03,4,63,4,Mouse,Electronics,West,1,25.0,0.05,12.0,25.0,23.75,12.0,11.75
O00429,2,2022-08-03,3,63,4,Notebook,Stationery,West,4,5.0,0.0,2.0,20.0,20.0,8.0,12.0
O00430,1,2022-08-03,2,31,3,Chair,Furniture,East,6,150.0,0.15,90.0,900.0,765.0,540.0,225.0
O00430,2,2022-08-03,2,31,3,Chair,Furniture,East,3,150.0,0.15,90.0,450.0,382.5,270.0,112.5
O00430,3,2022-08-03,4,31,3,Mouse,Electronics,East,1,25.0,0.1,12.0,25.0,22.5,12.0,10.5
O00431,1,2022-08-04,1,75,1,Laptop,Electronics,North,2,800.0,0.0,500.0,1600.0,1600.0,1000.0,600.0
O00431,2,2022-08-04,4,75,1,Mouse,Electronics,North,2,25.0,0.1,12.0,50.0,45.0,24.0,21.0
O00431,3,2022-08-04,2,75,1,Chair,Furniture,North,2,150.0,0.15,90.0,300.0,255.0,180.0,75.0
O00432,1,2022-08-04,1,15,4,Laptop,Electronics,West,2,800.0,0.0,500.0,1600.0,1600.0,1000.0,600.0
O00432,2,2022-08-04,2,15,4,Chair,Furniture,West,6,150.0,0.0,90.0,900.0,900.0,540.0,360.0
O00433,1,2022-08-05,3,28,3,Notebook,Stationery,East,3,5.0,0.0,2.0,15.0,15.0,6.0,9.0
O00433,2,2022-08-05,2,28,3,Chair,Furniture,East,6,150.0,0.05,90.0,900.0,855.0,540.0,315.0
O00433,3,2022-08-05,4,28,3,Mouse,Electronics,East,6,25.0,0.15,12.0,150.0,127.5,72.0,55.5
O00434,1,2022-08-05,1,53,4,Laptop,Electronics,West,4,800.0,0.05,500.0,3200.0,3040.0,2000.0,1040.0
O00435,1,2022-08-06,2,11,2,Chair,Furniture,South,3,150.0,0.05,90.0,450.0,427.5,270.0,157.5
O00436,1,2022-08-06,3,36,4,Notebook,Stationery,West,5,5.0,0.15,2.0,25.0,21.25,10.0,11.25
O00437,1,2022-08-07,3,69,2,Notebook,Stationery,South,5,5.0,0.15,2.0,25.0,21.25,10.0,11.25
O00437,2,2022-08-07,3,69,2,Notebook,Stationery,South,6,5.0,0.1,2.0,30.0,27.0,12.0,15.0
O00437,3,2022-08-07,4,69,2,Mouse,Electronics,South,3,25.0,0.15,12.0,75.0,63.75,36.0,27.75
O00438,1,2022-08-07,3,68,4,Notebook,Stationery,West,6,5.0,0.05,2.0,30.0,28.5,12.0,16.5
O00438,2,2022-08-07,4,68,4,Mouse,Electronics,West,3,25.0,0.1,12.0,75.0,67.5,36.0,31.5
O00438,3,2022-08-07,4,68,4,Mouse,Electronics,West,6,25.0,0.05,12.0,150.0,142.5,72.0,70.5
O00439,1,2022-08-08,2,10,2,Chair,Furniture,South,2,150.0,0.15,90.0,300.0,255.0,180.0,75.0
O00439,2,2022-08-08,4,10,2,Mouse,Electronics,South,5,25.0,0.05,12.0,125.0,118.75,60.0,58.75
O00439,3,2022-08-08,3,10,2,Notebook,Stationery,South,2,5.0,0.15,2.0,10.0,8.5,4.0,4.5
O00440,1,2022-08-08,4,27,1,Mouse,Electronics,North,6,25.0,0.1,12.0,150.0,135.0,72.0,63.0
O00441,1,2022-08-09,3,45,2,Notebook,Stationery,South,1,5.0,0.05,2.0,5.0,4.75,2.0,2.75
O00441,2,2022-08-09,1,45,2,Laptop,Electronics,South,4,800.0,0.0,500.0,3200.0,3200.0,2000.0,1200.0
O00441,3,2022-08-09,2,45,2,Chair,Furniture,South,1,150.0,0.1,90.0,150.0,135.0,90.0,45.0
O00442,1,2022-08-09,3,30,3,Notebook,Stationery,East,6,5.0,0.1,2.0,30.0,27.0,12.0,15.0
O00443,1,2022-08-10,4,35,4,Mouse,Electronics,West,1,25.0,0.0,12.0,25.0,25.0,12.0,13.0
O00444,1,2022-08-10,3,57,1,Notebook,Stationery,North,5,5.0,0.15,2.0,25.0,21.25,10.0,11.25
O00445,1,2022-08-11,3,17,3,Notebook,Stationery,East,2,5.0,0.15,2.0,10.0,8.5,4.0,4.5
O00446,1,2022-08-11,2,16,1,Chair,Furniture,North,3,150.0,0.15,90.0,450.0,382.5,270.0,112.5
O00447,1,2022-08-12,2,28,1,Chair,Furniture,North,4,150.0,0.15,90.0,600.0,510.0,360.0,150.0
O00448,1,2022-08-12,2,46,2,Chair,Furniture,South,6,150.0,0.15,90.0,900.0,765.0,540.0,225.0
O00449,1,2022-08-13,1,32,1,Laptop,Electronics,North,6,800.0,0.15,500.0,4800.0,4080.0,3000.0,1080.0
O00449,2,2022-08-13,3,32,1,Notebook,Stationery,North,4,5.0,0.1,2.0,20.0,18.0,8.0,10.0
O00449,3,2022-08-13,4,32,1,Mouse,Electronics,North,2,25.0,0.0,12.0,50.0,50.0,24.0,26.0
O00450,1,2022-08-13,4,30,2,Mouse,Electronics,South,4,25.0,0.15,12.0,100.0,85.0,48.0,37.0
O00451,1,2022-08-14,2,35,3,Chair,Furniture,East,6,150.0,0.05,90.0,900.0,855.0,540.0,315.0
O00451,2,2022-08-14,1,35,3,Laptop,Electronics,East,4,800.0,0.0,500.0,3200.0,3200.0,2000.0,1200.0
O00452,1,2022-08-14,2,62,2,Chair,Furniture,South,5,150.0,0.0,90.0,750.0,750.0,450.0,300.0
O00452,2,2022-08-14,3,62,2,Notebook,Stationery,South,5,5.0,0.0,2.0,25.0,25.0,10.0,15.0
O00453,1,2022-08-15,4,11,2,Mouse,Electronics,South,1,25.0,0.05,12.0,25.0,23.75,12.0,11.75
O00453,2,2022-08-15,2,11,2,Chair,Furniture,South,4,150.0,0.0,90.0,600.0,600.0,360.0,240.0
O00453,3,2022-08-15,4,11,2,Mouse,Electronics,South,4,25.0,0.15,12.0,100.0,85.0,48.0,37.0
O00454,1,2022-08-15,1,1,2,Laptop,Electronics,South,1,800.0,0.1,500.0,800.0,720.0,500.0,220.0
O00455,1,2022-08-16,1,3,3,Laptop,Electronics,East,2,800.0,0.15,500.0,1600.0,1360.0,1000.0,360.0
O00455,2,2022-08-16,1,3,3,Laptop,Electronics,East,6,800.0,0.15,500.0,4800.0,4080.0,3000.0,1080.0
O00456,1,2022-08-16,3,64,2,Notebook,Stationery,South,4,5.0,0.0,2.0,20.0,20.0,8.0,12.0
O00456,2,2022-08-16,4,64,2,Mouse,Electronics,South,6,25.0,0.0,12.0,150.0,150.0,72.0,78.0
O00457,1,2022-08-17,1,66,3,Laptop,Electronics,East,3,800.0,0.05,500.0,2400.0,2280.0,1500.0,780.0
O00457,2,2022-08-17,4,66,3,Mouse,Electronics,East,4,25.0,0.15,12.0,100.0,85.0,48.0,37.0
O00458,1,2022-08-17,3,58,1,Notebook,Stationery,North,5,5.0,0.05,2.0,25.0,23.75,10.0,13.75
O00458,2,2022-08-17,1,58,1,Laptop,Electronics,North,2,800.0,0.1,500.0,1600.0,1440.0,1000.0,440.0
O00458,3,2022-08-17,2,58,1,Chair,Furniture,North,5,150.0,0.15,90.0,750.0,637.5,450.0,187.5
O00459,1,2022-08-18,3,63,2,Notebook,Stationery,South,6,5.0,0.15,2.0,30.0,25.5,12.0,13.5
O00460,1,2022-08-18,4,64,1,Mouse,Electronics,North,3,25.0,0.15,12.0,75.0,63.75,36.0,27.75
O00460,2,2022-08-18,3,64,1,Notebook,Stationery,North,2,5.0,0.1,2.0,10.0,9.0,4.0,5.0
O00461,1,2022-08-19,2,2,2,Chair,Furniture,South,2,150.0,0.15,90.0,300.0,255.0,180.0,75.0
O00462,1,2022-08-19,3,44,2,Notebook,Stationery,South,6,5.0,0.0,2.0,30.0,30.0,12.0,18.0
O00462,2,2022-08-19,1,44,2,Laptop,Electronics,South,3,800.0,0.05,500.0,2400.0,2280.0,1500.0,780.0
O00463,1,2022-08-20,3,41,4,Notebook,Stationery,West,2,5.0,0.0,2.0,10.0,10.0,4.0,6.0
O00463,2,2022-08-20,1,41,4,Laptop,Electronics,West,1,800.0,0.1,500.0,800.0,720.0,500.0,220.0
O00463,3,2022-08-20,3,41,4,Notebook,Stationery,West,4,5.0,0.15,2.0,20.0,17.0,8.0,9.0
O00464,1,2022-08-20,1,9,2,Laptop,Electronics,South,6,800.0,0.15,500.0,4800.0,4080.0,3000.0,1080.0
O00464,2,2022-08-20,2,9,2,Chair,Furniture,South,5,150.0,0.05,90.0,750.0,712.5,450.0,262.5
O00464,3,2022-08-20,3,9,2,Notebook,Stationery,South,3,5.0,0.1,2.0,15.0,13.5,6.0,7.5
O00465,1,2022-08-21,1,44,3,Laptop,Electronics,East,1,800.0,0.0,500.0,800.0,800.0,500.0,300.0
O00466,1,2022-08-21,3,66,2,Notebook,Stationery,South,4,5.0,0.15,2.0,20.0,17.0,8.0,9.0
O00466,2,2022-08-21,1,66,2,Laptop,Electronics,South,6,800.0,0.15,500.0,4800.0,4080.0,3000.0,1080.0
O00467,1,2022-08-22,1,52,1,Laptop,Electronics,North,6,800.0,0.05,500.0,4800.0,4560.0,3000.0,1560.0
O00467,2,2022-08-22,1,52,1,Laptop,Electronics,North,1,800.0,0.0,500.0,800.0,800.0,500.0,300.0
O00467,3,2022-08-22,2,52,1,Chair,Furniture,North,2,150.0,0.0,90.0,300.0,300.0,180.0,120.0
O00468,1,2022-08-22,3,77,3,Notebook,Stationery,East,6,5.0,0.0,2.0,30.0,30.0,12.0,18.0
O00468,2,2022-08-22,1,77,3,Laptop,Electronics,East,1,800.0,0.0,500.0,800.0,800.0,500.0,300.0
O00468,3,2022-08-22,2,77,3,Chair,Furniture,East,6,150.0,0.15,90.0,900.0,765.0,540.0,225.0
O00469,1,2022-08-23,4,48,2,Mouse,Electronics,South,4,25.0,0.05,12.0,100.0,95.0,48.0,47.0
O00470,1,2022-08-23,1,69,1,Laptop,Electronics,North,6,800.0,0.15,500.0,4800.0,4080.0,3000.0,1080.0
O00470,2,2022-08-23,3,69,1,Notebook,Stationery,North,4,5.0,0.15,2.0,20.0,17.0,8.0,9.0
O00471,1,2022-08-24,2,33,2,Chair,Furniture,South,4,150.0,0.15,90.0,600.0,510.0,360.0,150.0
O00471,2,2022-08-24,1,33,2,Laptop,Electronics,South,3,800.0,0.05,500.0,2400.0,2280.0,1500.0,780.0
O00472,1,2022-08-24,4,20,2,Mouse,Electronics,South,6,25.0,0.05,12.0,150.0,142.5,72.0,70.5
O00472,2,2022-08-24,3,20,2,Notebook,Stationery,South,1,5.0,0.05,2.0,5.0,4.75,2.0,2.75
O00473,1,2022-08-25,3,29,3,Notebook,Stationery,East,6,5.0,0.0,2.0,30.0,30.0,12.0,18.0
O00474,1,2022-08-25,3,46,1,Notebook,Stationery,North,6,5.0,0.0,2.0,30.0,30.0,12.0,18.0
O00474,2,2022-08-25,2,46,1,Chair,Furniture,North,6,150.0,0.0,90.0,900.0,900.0,540.0,360.0
O00475,1,2022-08-26,1,54,4,Laptop,Electronics,West,5,800.0,0.1,500.0,4000.0,3600.0,2500.0,1100.0
O00476,1,2022-08-26,3,6,1,Notebook,Stationery,North,3,5.0,0.15,2.0,15.0,12.75,6.0,6.75
O00476,2,2022-08-26,2,6,1,Chair,Furniture,North,5,150.0,0.0,90.0,750.0,750.0,450.0,300.0
O00476,3,2022-08-26,3,6,1,Notebook,Stationery,North,1,5.0,0.15,2.0,5.0,4.25,2.0,2.25
O00477,1,2022-08-27,4,73,4,Mouse,Electronics,West,5,25.0,0.15,12.0,125.0,106.25,60.0,46.25
O00478,1,2022-08-27,3,80,4,Notebook,Stationery,West,3,5.0,0.0,2.0,15.0,15.0,6.0,9.0
O00478,2,2022-08-27,2,80,4,Chair,Furniture,West,4,150.0,0.05,90.0,600.0,570.0,360.0,210.0
O00478,3,2022-08-27,1,80,4,Laptop,Electronics,West,1,800.0,0.15,500.0,800.0,680.0,500.0,180.0
O00479,1,2022-08-28,1,24,4,Laptop,Electronics,West,3,800.0,0.0,500.0,2400.0,2400.0,1500.0,900.0
O00480,1,2022-08-28,1,61,3,Laptop,Electronics,East,2,800.0,0.15,500.0,1600.0,1360.0,1000.0,360.0
O00480,2,2022-08-28,1,61,3,Laptop,Electronics,East,4,800.0,0.05,500.0,3200.0,3040.0,2000.0,1040.0
O00481,1,2022-08-29,3,76,1,Notebook,Stationery,North,1,5.0,0.0,2.0,5.0,5.0,2.0,3.0
O00481,2,2022-08-29,2,76,1,Chair,Furniture,North,3,150.0,0.0,90.0,450.0,450.0,270.0,180.0
O00481,3,2022-08-29,4,76,1,Mouse,Electronics,North,2,25.0,0.05,12.0,50.0,47.5,24.0,23.5
O00482,1,2022-08-29,4,9,2,Mouse,Electronics,South,4,25.0,0.1,12.0,100.0,90.0,48.0,42.0
O00482,2,2022-08-29,1,9,2,Laptop,Electronics,South,6,800.0,0.1,500.0,4800.0,4320.0,3000.0,1320.0
O00482,3,2022-08-29,1,9,2,Laptop,Electronics,South,2,800.0,0.0,500.0,1600.0,1600.0,1000.0,600.0
O00483,1,2022-08-30,2,76,3,Chair,Furniture,East,5,150.0,0.15,90.0,750.0,637.5,450.0,187.5
O00484,1,2022-08-30,2,1,4,Chair,Furniture,West,4,150.0,0.15,90.0,600.0,510.0,360.0,150.0
O00485,1,2022-08-31,3,58,3,Notebook,Stationery,East,5,5.0,0.0,2.0,25.0,25.0,10.0,15.0
O00486,1,2022-08-31,2,20,3,Chair,Furniture,East,5,150.0,0.0,90.0,750.0,750.0,450.0,300.0
O00486,2,2022-08-31,4,20,3,Mouse,Electronics,East,6,25.0,0.05,12.0,150.0,142.5,72.0,70.5
O00487,1,2022-09-01,3,42,3,Notebook,Stationery,East,2,5.0,0.0,2.0,10.0,10.0,4.0,6.0
O00487,2,2022-09-01,3,42,3,Notebook,Stationery,East,4,5.0,0.1,2.0,20.0,18.0,8.0,10.0
O00488,1,2022-09-01,2,6,1,Chair,Furniture,North,2,150.0,0.1,90.0,300.0,270.0,180.0,90.0
O00488,2,2022-09-01,2,6,1,Chair,Furniture,North,3,150.0,0.15,90.0,450.0,382.5,270.0,112.5
O00488,3,2022-09-01,3,6,1,Notebook,Stationery,North,6,5.0,0.1,2.0,30.0,27.0,12.0,15.0
O00489,1,2022-09-02,3,58,2,Notebook,Stationery,South,3,5.0,0.0,2.0,15.0,15.0,6.0,9.0
O00489,2,2022-09-02,4,58,2,Mouse,Electronics,South,1,25.0,0.15,12.0,25.0,21.25,12.0,9.25
O00490,1,2022-09-02,4,45,3,Mouse,Electronics,East,4,25.0,0.0,12.0,100.0,100.0,48.0,52.0
O00490,2,2022-09-02,4,45,3,Mouse,Electronics,East,3,25.0,0.05,12.0,75.0,71.25,36.0,35.25
O00490,3,2022-09-02,4,45,3,Mouse,Electronics,East,5,25.0,0.15,12.0,125.0,106.25,60.0,46.25
O00491,1,2022-09-03,4,49,3,Mouse,Electronics,East,4,25.0,0.05,12.0,100.0,95.0,48.0,47.0
O00491,2,2022-09-03,3,49,3,Notebook,Stationery,East,2,5.0,0.0,2.0,10.0,10.0,4.0,6.0
O00491,3,2022-09-03,2,49,3,Chair,Furniture,East,5,150.0,0.1,90.0,750.0,675.0,450.0,225.0
O00492,1,2022-09-03,2,34,1,Chair,Furniture,North,2,150.0,0.0,90.0,300.0,300.0,180.0,120.0
O00492,2,2022-09-03,2,34,1,Chair,Furniture,North,3,150.0,0.05,90.0,450.0,427.5,270.0,157.5
O00492,3,2022-09-03,1,34,1,Laptop,Electronics,North,2,800.0,0.0,500.0,1600.0,1600.0,1000.0,600.0
O00493,1,2022-09-04,3,33,3,Notebook,Stationery,East,6,5.0,0.05,2.0,30.0,28.5,12.0,16.5
O00493,2,2022-09-04,3,33,3,Notebook,Stationery,East,4,5.0,0.1,2.0,20.0,18.0,8.0,10.0
O00494,1,2022-09-04,3,33,1,Notebook,Stationery,North,2,5.0,0.05,2.0,10.0,9.5,4.0,5.5
O00495,1,2022-09-05,4,24,4,Mouse,Electronics,West,3,25.0,0.0,12.0,75.0,75.0,36.0,39.0
O00495,2,2022-09-05,2,24,4,Chair,Furniture,West,2,150.0,0.1,90.0,300.0,270.0,180.0,90.0
O00495,3,2022-09-05,3,24,4,Notebook,Stationery,West,1,5.0,0.05,2.0,5.0,4.75,2.0,2.75
O00496,1,2022-09-05,3,52,3,Notebook,Stationery,East,3,5.0,0.1,2.0,15.0,13.5,6.0,7.5
O00496,2,2022-09-05,4,52,3,Mouse,Electronics,East,3,25.0,0.1,12.0,75.0,67.5,36.0,31.5
O00496,3,2022-09-05,1,52,3,Laptop,Electronics,East,6,800.0,0.05,500.0,4800.0,4560.0,3000.0,1560.0
O00497,1,2022-09-06,2,28,4,Chair,Furniture,West,6,150.0,0.1,90.0,900.0,810.0,540.0,270.0
O00498,1,2022-09-06,1,55,1,Laptop,Electronics,North,2,800.0,0.15,500.0,1600.0,1360.0,1000.0,360.0
O00499,1,2022-09-07,3,68,4,Notebook,Stationery,West,5,5.0,0.0,2.0,25.0,25.0,10.0,15.0
O00500,1,2022-09-07,2,18,2,Chair,Furniture,South,3,150.0,0.05,90.0,450.0,427.5,270.0,157.5
O00500,2,2022-09-07,4,18,2,Mouse,Electronics,South,3,25.0,0.1,12.0,75.0,67.5,36.0,31.5
O00500,3,2022-09-07,2,18,2,Chair,Furniture,South,4,150.0,0.05,90.0,600.0,570.0,360.0,210.0
O00501,1,2022-09-08,4,7,4,Mouse,Electronics,West,6,25.0,0.0,12.0,150.0,150.0,72.0,78.0
O00502,1,2022-09-08,4,5,1,Mouse,Electronics,North,4,25.0,0.1,12.0,100.0,90.0,48.0,42.0
O00502,2,2022-09-08,2,5,1,Chair,Furniture,North,4,150.0,0.1,90.0,600.0,540.0,360.0,180.0
O00503,1,2022-09-09,2,64,4,Chair,Furniture,West,6,150.0,0.1,90.0,900.0,810.0,540.0,270.0
O00503,2,2022-09-09,3,64,4,Notebook,Stationery,West,2,5.0,0.0,2.0,10.0,10.0,4.0,6.0
O00503,3,2022-09-09,2,64,4,Chair,Furniture,West,1,150.0,0.15,90.0,150.0,127.5,90.0,37.5
O00504,1,2022-09-09,4,28,3,Mouse,Electronics,East,4,25.0,0.1,12.0,100.0,90.0,48.0,42.0
O00505,1,2022-09-10,3,12,1,Notebook,Stationery,North,6,5.0,0.1,2.0,30.0,27.0,12.0,15.0
O00506,1,2022-09-10,1,69,3,Laptop,Electronics,East,5,800.0,0.0,500.0,4000.0,4000.0,2500.0,1500.0
O00506,2,2022-09-10,1,69,3,Laptop,Electronics,East,4,800.0,0.0,500.0,3200.0,3200.0,2000.0,1200.0
O00507,1,2022-09-11,3,60,2,Notebook,Stationery,South,3,5.0,0.05,2.0,15.0,14.25,6.0,8.25
O00507,2,2022-09-11,2,60,2,Chair,Furniture,South,6,150.0,0.15,90.0,900.0,765.0,540.0,225.0
O00507,3,2022-09-11,2,60,2,Chair,Furniture,South,6,150.0,0.05,90.0,900.0,855.0,540.0,315.0
O00508,1,2022-09-11,4,59,4,Mouse,Electronics,West,1,25.0,0.0,12.0,25.0,25.0,12.0,13.0
O00509,1,2022-09-12,2,66,3,Chair,Furniture,East,2,150.0,0.15,90.0,300.0,255.0,180.0,75.0
O00509,2,2022-09-12,4,66,3,Mouse,Electronics,East,5,25.0,0.15,12.0,125.0,106.25,60.0,46.25
O00509,3,2022-09-12,1,66,3,Laptop,Electronics,East,2,800.0,0.05,500.0,1600.0,1520.0,1000.0,520.0
O00510,1,2022-09-12,4,7,2,Mouse,Electronics,South,6,25.0,0.15,12.0,150.0,127.5,72.0,55.5
O00511,1,2022-09-13,4,7,3,Mouse,Electronics,East,6,25.0,0.15,12.0,150.0,127.5,72.0,55.5
O00511,2,2022-09-13,1,7,3,Laptop,Electronics,East,5,800.0,0.1,500.0,4000.0,3600.0,2500.0,1100.0
O00512,1,2022-09-13,4,58,3,Mouse,Electronics,East,1,25.0,0.15,12.0,25.0,21.25,12.0,9.25
O00512,2,2022-09-13,1,58,3,Laptop,Electronics,East,2,800.0,0.1,500.0,1600.0,1440.0,1000.0,440.0
O00512,3,2022-09-13,2,58,3,Chair,Furniture,East,4,150.0,0.0,90.0,600.0,600.0,360.0,240.0
O00513,1,2022-09-14,3,23,1,Notebook,Stationery,North,6,5.0,0.0,2.0,30.0,30.0,12.0,18.0
O00514,1,2022-09-14,3,22,2,Notebook,Stationery,South,2,5.0,0.05,2.0,10.0,9.5,4.0,5.5
O00515,1,2022-09-15,2,7,4,Chair,Furniture,West,1,150.0,0.1,90.0,150.0,135.0,90.0,45.0
O00516,1,2022-09-15,1,68,2,Laptop,Electronics,South,5,800.0,0.0,500.0,4000.0,4000.0,2500.0,1500.0
O00516,2,2022-09-15,3,68,2,Notebook,Stationery,South,4,5.0,0.1,2.0,20.0,18.0,8.0,10.0
O00517,1,2022-09-16,3,15,3,Notebook,Stationery,East,4,5.0,0.0,2.0,20.0,20.0,8.0,12.0
O00517,2,2022-09-16,3,15,3,Notebook,Stationery,East,6,5.0,0.05,2.0,30.0,28.5,12.0,16.5
O00517,3,2022-09-16,2,15,3,Chair,Furniture,East,3,150.0,0.0,90.0,450.0,450.0,270.0,180.0
O00518,1,2022-09-16,4,41,1,Mouse,Electronics,North,2,25.0,0.0,12.0,50.0,50.0,24.0,26.0
O00519,1,2022-09-17,4,38,4,Mouse,Electronics,West,6,25.0,0.05,12.0,150.0,142.5,72.0,70.5
O00519,2,2022-09-17,3,38,4,Notebook,Stationery,West,6,5.0,0.1,2.0,30.0,27.0,12.0,15.0
O00519,3,2022-09-17,2,38,4,Chair,Furniture,West,1,150.0,0.15,90.0,150.0,127.5,90.0,37.5
O00520,1,2022-09-17,2,48,1,Chair,Furniture,North,1,150.0,0.15,90.0,150.0,127.5,90.0,37.5
O00520,2,2022-09-17,4,48,1,Mouse,Electronics,North,6,25.0,0.05,12.0,150.0,142.5,72.0,70.5
O00520,3,2022-09-17,3,48,1,Notebook,Stationery,North,1,5.0,0.15,2.0,5.0,4.25,2.0,2.25
O00521,1,2022-09-18,3,10,2,Notebook,Stationery,South,6,5.0,0.0,2.0,30.0,30.0,12.0,18.0
O00522,1,2022-09-18,1,58,4,Laptop,Electronics,West,2,800.0,0.1,500.0,1600.0,1440.0,1000.0,440.0
O00522,2,2022-09-18,4,58,4,Mouse,Electronics,West,4,25.0,0.0,12.0,100.0,100.0,48.0,52.0
O00522,3,2022-09-18,2,58,4,Chair,Furniture,West,1,150.0,0.0,90.0,150.0,150.0,90.0,60.0
O00523,1,2022-09-19,3,31,3,Notebook,Stationery,East,3,5.0,0.15,2.0,15.0,12.75,6.0,6.75
O00523,2,2022-09-19,1,31,3,Laptop,Electronics,East,1,800.0,0.0,500.0,800.0,800.0,500.0,300.0
O00523,3,2022-09-19,1,31,3,Laptop,Electronics,East,2,800.0,0.15,500.0,1600.0,1360.0,1000.0,360.0
O00524,1,2022-09-19,3,40,4,Notebook,Stationery,West,6,5.0,0.1,2.0,30.0,27.0,12.0,15.0
O00525,1,2022-09-20,2,6,1,Chair,Furniture,North,1,150.0,0.0,90.0,150.0,150.0,90.0,60.0
O00525,2,2022-09-20,2,6,1,Chair,Furniture,North,1,150.0,0.05,90.0,150.0,142.5,90.0,52.5
O00526,1,2022-09-20,2,6,4,Chair,Furniture,West,6,150.0,0.1,90.0,900.0,810.0,540.0,270.0
O00526,2,2022-09-20,2,6,4,Chair,Furniture,West,5,150.0,0.15,90.0,750.0,637.5,450.0,187.5
O00527,1,2022-09-21,2,59,3,Chair,Furniture,East,1,150.0,0.05,90.0,150.0,142.5,90.0,52.5
O00528,1,2022-09-21,4,41,1,Mouse,Electronics,North,2,25.0,0.05,12.0,50.0,47.5,24.0,23.5
O00529,1,2022-09-22,2,6,4,Chair,Furniture,West,5,150.0,0.15,90.0,750.0,637.5,450.0,187.5
O00530,1,2022-09-22,2,50,1,Chair,Furniture,North,3,150.0,0.0,90.0,450.0,450.0,270.0,180.0
O00531,1,2022-09-23,4,12,4,Mouse,Electronics,West,5,25.0,0.0,12.0,125.0,125.0,60.0,65.0
O00531,2,2022-09-23,1,12,4,Laptop,Electronics,West,2,800.0,0.05,500.0,1600.0,1520.0,1000.0,520.0
O00531,3,2022-09-23,4,12,4,Mouse,Electronics,West,2,25.0,0.1,12.0,50.0,45.0,24.0,21.0
O00532,1,2022-09-23,2,5,3,Chair,Furniture,East,2,150.0,0.05,90.0,300.0,285.0,180.0,105.0
O00532,2,2022-09-23,1,5,3,Laptop,Electronics,East,1,800.0,0.05,500.0,800.0,760.0,500.0,260.0
O00533,1,2022-09-24,2,61,2,Chair,Furniture,South,1,150.0,0.0,90.0,150.0,150.0,90.0,60.0
O00534,1,2022-09-24,2,55,2,Chair,Furniture,South,3,150.0,0.0,90.0,450.0,450.0,270.0,180.0
O00535,1,2022-09-25,3,68,3,Notebook,Stationery,East,1,5.0,0.05,2.0,5.0,4.75,2.0,2.75
O00535,2,2022-09-25,2,68,3,Chair,Furniture,East,3,150.0,0.1,90.0,450.0,405.0,270.0,135.0
O00536,1,2022-09-25,3,18,3,Notebook,Stationery,East,2,5.0,0.05,2.0,10.0,9.5,4.0,5.5
O00537,1,2022-09-26,1,34,4,Laptop,Electronics,West,4,800.0,0.0,500.0,3200.0,3200.0,2000.0,1200.0
O00538,1,2022-09-26,4,59,4,Mouse,Electronics,West,6,25.0,0.15,12.0,150.0,127.5,72.0,55.5
O00538,2,2022-09-26,4,59,4,Mouse,Electronics,West,5,25.0,0.1,12.0,125.0,112.5,60.0,52.5
O00539,1,2022-09-27,1,19,1,Laptop,Electronics,North,1,800.0,0.1,500.0,800.0,720.0,500.0,220.0
O00539,2,2022-09-27,3,19,1,Notebook,Stationery,North,1,5.0,0.05,2.0,5.0,4.75,2.0,2.75
O00540,1,2022-09-27,3,3,1,Notebook,Stationery,North,6,5.0,0.15,2.0,30.0,25.5,12.0,13.5
O00540,2,2022-09-27,1,3,1,Laptop,Electronics,North,2,800.0,0.1,500.0,1600.0,1440.0,1000.0,440.0
O00540,3,2022-09-27,1,3,1,Laptop,Electronics,North,5,800.0,0.1,500.0,4000.0,3600.0,2500.0,1100.0
O00541,1,2022-09-28,1,8,1,Laptop,Electronics,North,4,800.0,0.1,500.0,3200.0,2880.0,2000.0,880.0
O00541,2,2022-09-28,1,8,1,Laptop,Electronics,North,2,800.0,0.1,500.0,1600.0,1440.0,1000.0,440.0
O00542,1,2022-09-28,3,21,1,Notebook,Stationery,North,1,5.0,0.0,2.0,5.0,5.0,2.0,3.0
O00542,2,2022-09-28,2,21,1,Chair,Furniture,North,3,150.0,0.15,90.0,450.0,382.5,270.0,112.5
O00542,3,2022-09-28,4,21,1,Mouse,Electronics,North,1,25.0,0.0,12.0,25.0,25.0,12.0,13.0
O00543,1,2022-09-29,2,69,2,Chair,Furniture,South,1,150.0,0.05,90.0,150.0,142.5,90.0,52.5
O00543,2,2022-09-29,3,69,2,Notebook,Stationery,South,3,5.0,0.0,2.0,15.0,15.0,6.0,9.0
O00544,1,2022-09-29,4,40,3,Mouse,Electronics,East,4,25.0,0.05,12.0,100.0,95.0,48.0,47.0
O00544,2,2022-09-29,3,40,3,Notebook,Stationery,East,1,5.0,0.1,2.0,5.0,4.5,2.0,2.5
O00544,3,2022-09-29,2,40,3,Chair,Furniture,East,1,150.0,0.1,90.0,150.0,135.0,90.0,45.0
O00545,1,2022-09-30,4,25,1,Mouse,Electronics,North,3,25.0,0.15,12.0,75.0,63.75,36.0,27.75
O00545,2,2022-09-30,3,25,1,Notebook,Stationery,North,5,5.0,0.15,2.0,25.0,21.25,10.0,11.25
O00545,3,2022-09-30,2,25,1,Chair,Furniture,North,1,150.0,0.05,90.0,150.0,142.5,90.0,52.5
O00546,1,2022-09-30,2,58,2,Chair,Furniture,South,3,150.0,0.1,90.0,450.0,405.0,270.0,135.0
O00547,1,2022-10-01,2,37,3,Chair,Furniture,East,6,150.0,0.05,90.0,900.0,855.0,540.0,315.0
O00548,1,2022-10-01,2,43,1,Chair,Furniture,North,4,150.0,0.1,90.0,600.0,540.0,360.0,180.0
O00548,2,2022-10-01,1,43,1,Laptop,Electronics,North,4,800.0,0.15,500.0,3200.0,2720.0,2000.0,720.0
O00549,1,2022-10-02,4,5,1,Mouse,Electronics,North,6,25.0,0.0,12.0,150.0,150.0,72.0,78.0
O00550,1,2022-10-02,4,44,2,Mouse,Electronics,South,5,25.0,0.0,12.0,125.0,125.0,60.0,65.0
O00550,2,2022-10-02,1,44,2,Laptop,Electronics,South,2,800.0,0.0,500.0,1600.0,1600.0,1000.0,600.0
O00550,3,2022-10-02,4,44,2,Mouse,Electronics,South,3,25.0,0.1,12.0,75.0,67.5,36.0,31.5
O00551,1,2022-10-03,1,56,3,Laptop,Electronics,East,6,800.0,0.0,500.0,4800.0,4800.0,3000.0,1800.0
O00551,2,2022-10-03,1,56,3,Laptop,Electronics,East,6,800.0,0.0,500.0,4800.0,4800.0,3000.0,1800.0
O00552,1,2022-10-03,3,38,3,Notebook,Stationery,East,1,5.0,0.05,2.0,5.0,4.75,2.0,2.75
O00553,1,2022-10-04,2,46,2,Chair,Furniture,South,3,150.0,0.0,90.0,450.0,450.0,270.0,180.0
O00553,2,2022-10-04,1,46,2,Laptop,Electronics,South,4,800.0,0.15,500.0,3200.0,2720.0,2000.0,720.0
O00553,3,2022-10-04,2,46,2,Chair,Furniture,South,1,150.0,0.05,90.0,150.0,142.5,90.0,52.5
O00554,1,2022-10-04,3,43,2,Notebook,Stationery,South,6,5.0,0.05,2.0,30.0,28.5,12.0,16.5
O00554,2,2022-10-04,4,43,2,Mouse,Electronics,South,5,25.0,0.1,12.0,125.0,112.5,60.0,52.5
O00554,3,2022-10-04,3,43,2,Notebook,Stationery,South,4,5.0,0.05,2.0,20.0,19.0,8.0,11.0
O00555,1,2022-10-05,1,73,1,Laptop,Electronics,North,4,800.0,0.0,500.0,3200.0,3200.0,2000.0,1200.0
O00555,2,2022-10-05,3,73,1,Notebook,Stationery,North,3,5.0,0.1,2.0,15.0,13.5,6.0,7.5
O00555,3,2022-10-05,4,73,1,Mouse,Electronics,North,1,25.0,0.1,12.0,25.0,22.5,12.0,10.5
O00556,1,2022-10-05,4,59,3,Mouse,Electronics,East,2,25.0,0.0,12.0,50.0,50.0,24.0,26.0
O00556,2,2022-10-05,3,59,3,Notebook,Stationery,East,6,5.0,0.05,2.0,30.0,28.5,12.0,16.5
O00556,3,2022-10-05,3,59,3,Notebook,Stationery,East,5,5.0,0.1,2.0,25.0,22.5,10.0,12.5
O00557,1,2022-10-06,4,61,2,Mouse,Electronics,South,1,25.0,0.05,12.0,25.0,23.75,12.0,11.75
O00557,2,2022-10-06,1,61,2,Laptop,Electronics,South,3,800.0,0.0,500.0,2400.0,2400.0,1500.0,900.0
O00558,1,2022-10-06,1,28,3,Laptop,Electronics,East,3,800.0,0.15,500.0,2400.0,2040.0,1500.0,540.0
O00558,2,2022-10-06,4,28,3,Mouse,Electronics,East,6,25.0,0.1,12.0,150.0,135.0,72.0,63.0
O00559,1,2022-10-07,2,53,4,Chair,Furniture,West,1,150.0,0.05,90.0,150.0,142.5,90.0,52.5
O00559,2,2022-10-07,2,53,4,Chair,Furniture,West,6,150.0,0.05,90.0,900.0,855.0,540.0,315.0
O00560,1,2022-10-07,1,60,1,Laptop,Electronics,North,6,800.0,0.15,500.0,4800.0,4080.0,3000.0,1080.0
O00560,2,2022-10-07,2,60,1,Chair,Furniture,North,2,150.0,0.1,90.0,300.0,270.0,180.0,90.0
O00560,3,2022-10-07,2,60,1,Chair,Furniture,North,6,150.0,0.15,90.0,900.0,765.0,540.0,225.0
O00561,1,2022-10-08,2,80,3,Chair,Furniture,East,3,150.0,0.0,90.0,450.0,450.0,270.0,180.0
O00562,1,2022-10-08,4,48,2,Mouse,Electronics,South,4,25.0,0.05,12.0,100.0,95.0,48.0,47.0
O00562,2,2022-10-08,2,48,2,Chair,Furniture,South,6,150.0,0.05,90.0,900.0,855.0,540.0,315.0
O00562,3,2022-10-08,2,48,2,Chair,Furniture,South,5,150.0,0.1,90.0,750.0,675.0,450.0,225.0
O00563,1,2022-10-09,2,37,1,Chair,Furniture,North,1,150.0,0.1,90.0,150.0,135.0,90.0,45.0
O00564,1,2022-10-09,4,24,3,Mouse,Electronics,East,2,25.0,0.1,12.0,50.0,45.0,24.0,21.0
O00564,2,2022-10-09,2,24,3,Chair,Furniture,East,2,150.0,0.1,90.0,300.0,270.0,180.0,90.0
O00565,1,2022-10-10,4,48,2,Mouse,Electronics,South,1,25.0,0.15,12.0,25.0,21.25,12.0,9.25
O00566,1,2022-10-10,4,28,1,Mouse,Electronics,North,1,25.0,0.1,12.0,25.0,22.5,12.0,10.5
O00567,1,2022-10-11,3,37,3,Notebook,Stationery,East,1,5.0,0.0,2.0,5.0,5.0,2.0,3.0
O00568,1,2022-10-11,1,19,4,Laptop,Electronics,West,4,800.0,0.1,500.0,3200.0,2880.0,2000.0,880.0
O00568,2,2022-10-11,1,19,4,Laptop,Electronics,West,6,800.0,0.0,500.0,4800.0,4800.0,3000.0,1800.0
O00568,3,2022-10-11,1,19,4,Laptop,Electronics,West,6,800.0,0.15,500.0,4800.0,4080.0,3000.0,1080.0
O00569,1,2022-10-12,4,23,2,Mouse,Electronics,South,3,25.0,0.05,12.0,75.0,71.25,36.0,35.25
O00570,1,2022-10-12,3,22,2,Notebook,Stationery,South,5,5.0,0.0,2.0,25.0,25.0,10.0,15.0
O00571,1,2022-10-13,1,26,4,Laptop,Electronics,West,4,800.0,0.15,500.0,3200.0,2720.0,2000.0,720.0
O00571,2,2022-10-13,2,26,4,Chair,Furniture,West,2,150.0,0.1,90.0,300.0,270.0,180.0,90.0
O00571,3,2022-10-13,2,26,4,Chair,Furniture,West,1,150.0,0.0,90.0,150.0,150.0,90.0,60.0
O00572,1,2022-10-13,3,61,3,Notebook,Stationery,East,4,5.0,0.15,2.0,20.0,17.0,8.0,9.0
O00572,2,2022-10-13,4,61,3,Mouse,Electronics,East,6,25.0,0.1,12.0,150.0,135.0,72.0,63.0
O00573,1,2022-10-14,2,36,1,Chair,Furniture,North,4,150.0,0.15,90.0,600.0,510.0,360.0,150.0
O00573,2,2022-10-14,4,36,1,Mouse,Electronics,North,2,25.0,0.15,12.0,50.0,42.5,24.0,18.5
O00574,1,2022-10-14,3,75,4,Notebook,Stationery,West,6,5.0,0.05,2.0,30.0,28.5,12.0,16.5
O00574,2,2022-10-14,3,75,4,Notebook,Stationery,West,5,5.0,0.15,2.0,25.0,21.25,10.0,11.25
O00574,3,2022-10-14,4,75,4,Mouse,Electronics,West,2,25.0,0.0,12.0,50.0,50.0,24.0,26.0
O00575,1,2022-10-15,2,9,1,Chair,Furniture,North,2,150.0,0.1,90.0,300.0,270.0,180.0,90.0
O00575,2,2022-10-15,4,9,1,Mouse,Electronics,North,6,25.0,0.15,12.0,150.0,127.5,72.0,55.5
O00576,1,2022-10-15,1,62,4,Laptop,Electronics,West,4,800.0,0.0,500.0,3200.0,3200.0,2000.0,1200.0
O00576,2,2022-10-15,1,62,4,Laptop,Electronics,West,5,800.0,0.1,500.0,4000.0,3600.0,2500.0,1100.0
O00577,1,2022-10-16,1,22,1,Laptop,Electronics,North,2,800.0,0.1,500.0,1600.0,1440.0,1000.0,440.0
O00577,2,2022-10-16,1,22,1,Laptop,Electronics,North,2,800.0,0.15,500.0,1600.0,1360.0,1000.0,360.0
O00577,3,2022-10-16,3,22,1,Notebook,Stationery,North,1,5.0,0.15,2.0,5.0,4.25,2.0,2.25
O00578,1,2022-10-16,1,46,1,Laptop,Electronics,North,5,800.0,0.15,500.0,4000.0,3400.0,2500.0,900.0
O00578,2,2022-10-16,1,46,1,Laptop,Electronics,North,1,800.0,0.1,500.0,800.0,720.0,500.0,220.0
O00579,1,2022-10-17,3,61,1,Notebook,Stationery,North,6,5.0,0.05,2.0,30.0,28.5,12.0,16.5
O00579,2,2022-10-17,1,61,1,Laptop,Electronics,North,1,800.0,0.1,500.0,800.0,720.0,500.0,220.0
O00580,1,2022-10-17,4,2,3,Mouse,Electronics,East,1,25.0,0.15,12.0,25.0,21.25,12.0,9.25
O00580,2,2022-10-17,3,2,3,Notebook,Stationery,East,4,5.0,0.05,2.0,20.0,19.0,8.0,11.0
O00581,1,2022-10-18,2,54,2,Chair,Furniture,South,5,150.0,0.05,90.0,750.0,712.5,450.0,262.5
O00581,2,2022-10-18,1,54,2,Laptop,Electronics,South,2,800.0,0.0,500.0,1600.0,1600.0,1000.0,600.0
O00581,3,2022-10-18,1,54,2,Laptop,Electronics,South,1,800.0,0.05,500.0,800.0,760.0,500.0,260.0
O00582,1,2022-10-18,4,56,2,Mouse,Electronics,South,2,25.0,0.1,12.0,50.0,45.0,24.0,21.0
O00582,2,2022-10-18,2,56,2,Chair,Furniture,South,6,150.0,0.1,90.0,900.0,810.0,540.0,270.0
O00582,3,2022-10-18,4,56,2,Mouse,Electronics,South,5,25.0,0.1,12.0,125.0,112.5,60.0,52.5
O00583,1,2022-10-19,1,35,3,Laptop,Electronics,East,1,800.0,0.15,500.0,800.0,680.0,500.0,180.0
O00584,1,2022-10-19,1,15,4,Laptop,Electronics,West,3,800.0,0.05,500.0,2400.0,2280.0,1500.0,780.0
O00584,2,2022-10-19,4,15,4,Mouse,Electronics,West,3,25.0,0.05,12.0,75.0,71.25,36.0,35.25
O00585,1,2022-10-20,2,40,3,Chair,Furniture,East,6,150.0,0.15,90.0,900.0,765.0,540.0,225.0
O00585,2,2022-10-20,3,40,3,Notebook,Stationery,East,3,5.0,0.1,2.0,15.0,13.5,6.0,7.5
O00586,1,2022-10-20,4,54,1,Mouse,Electronics,North,6,25.0,0.1,12.0,150.0,135.0,72.0,63.0
O00586,2,2022-10-20,3,54,1,Notebook,Stationery,North,4,5.0,0.0,2.0,20.0,20.0,8.0,12.0
O00586,3,2022-10-20,2,54,1,Chair,Furniture,North,6,150.0,0.0,90.0,900.0,900.0,540.0,360.0
O00587,1,2022-10-21,4,25,3,Mouse,Electronics,East,6,25.0,0.05,12.0,150.0,142.5,72.0,70.5
O00587,2,2022-10-21,1,25,3,Laptop,Electronics,East,6,800.0,0.0,500.0,4800.0,4800.0,3000.0,1800.0
O00588,1,2022-10-21,4,63,4,Mouse,Electronics,West,1,25.0,0.0,12.0,25.0,25.0,12.0,13.0
O00588,2,2022-10-21,2,63,4,Chair,Furniture,West,1,150.0,0.05,90.0,150.0,142.5,90.0,52.5
O00589,1,2022-10-22,2,49,2,Chair,Furniture,South,6,150.0,0.05,90.0,900.0,855.0,540.0,315.0
O00589,2,2022-10-22,4,49,2,Mouse,Electronics,South,2,25.0,0.1,12.0,50.0,45.0,24.0,21.0
O00589,3,2022-10-22,2,49,2,Chair,Furniture,South,5,150.0,0.0,90.0,750.0,750.0,450.0,300.0
O00590,1,2022-10-22,2,74,1,Chair,Furniture,North,4,150.0,0.1,90.0,600.0,540.0,360.0,180.0
O00590,2,2022-10-22,3,74,1,Notebook,Stationery,North,5,5.0,0.15,2.0,25.0,21.25,10.0,11.25
O00590,3,2022-10-22,2,74,1,Chair,Furniture,North,1,150.0,0.15,90.0,150.0,127.5,90.0,37.5
O00591,1,2022-10-23,3,31,1,Notebook,Stationery,North,6,5.0,0.05,2.0,30.0,28.5,12.0,16.5
O00592,1,2022-10-23,4,38,4,Mouse,Electronics,West,1,25.0,0.0,12.0,25.0,25.0,12.0,13.0
O00592,2,2022-10-23,1,38,4,Laptop,Electronics,West,6,800.0,0.15,500.0,4800.0,4080.0,3000.0,1080.0
O00592,3,2022-10-23,2,38,4,Chair,Furniture,West,2,150.0,0.1,90.0,300.0,270.0,180.0,90.0
O00593,1,2022-10-24,2,60,1,Chair,Furniture,North,3,150.0,0.05,90.0,450.0,427.5,270.0,157.5
O00593,2,2022-10-24,4,60,1,Mouse,Electronics,North,3,25.0,0.0,12.0,75.0,75.0,36.0,39.0
O00593,3,2022-10-24,3,60,1,Notebook,Stationery,North,4,5.0,0.15,2.0,20.0,17.0,8.0,9.0
O00594,1,2022-10-24,4,1,2,Mouse,Electronics,South,1,25.0,0.15,12.0,25.0,21.25,12.0,9.25
O00594,2,2022-10-24,3,1,2,Notebook,Stationery,South,6,5.0,0.05,2.0,30.0,28.5,12.0,16.5
O00595,1,2022-10-25,3,68,4,Notebook,Stationery,West,5,5.0,0.0,2.0,25.0,25.0,10.0,15.0
O00595,2,2022-10-25,2,68,4,Chair,Furniture,West,5,150.0,0.1,90.0,750.0,675.0,450.0,225.0
O00595,3,2022-10-25,2,68,4,Chair,Furniture,West,2,150.0,0.05,90.0,300.0,285.0,180.0,105.0
O00596,1,2022-10-25,2,75,4,Chair,Furniture,West,3,150.0,0.1,90.0,450.0,405.0,270.0,135.0
O00597,1,2022-10-26,1,38,4,Laptop,Electronics,West,3,800.0,0.15,500.0,2400.0,2040.0,1500.0,540.0
O00597,2,2022-10-26,1,38,4,Laptop,Electronics,West,2,800.0,0.15,500.0,1600.0,1360.0,1000.0,360.0
O00598,1,2022-10-26,1,70,3,Laptop,Electronics,East,6,800.0,0.0,500.0,4800.0,4800.0,3000.0,1800.0
O00598,2,2022-10-26,3,70,3,Notebook,Stationery,East,5,5.0,0.05,2.0,25.0,23.75,10.0,13.75
O00598,3,2022-10-26,1,70,3,Laptop,Electronics,East,6,800.0,0.05,500.0,4800.0,4560.0,3000.0,1560.0
O00599,1,2022-10-27,3,12,2,Notebook,Stationery,South,4,5.0,0.0,2.0,20.0,20.0,8.0,12.0
O00599,2,2022-10-27,4,12,2,Mouse,Electronics,South,5,25.0,0.0,12.0,125.0,125.0,60.0,65.0
O00600,1,2022-10-27,1,8,4,Laptop,Electronics,West,1,800.0,0.05,500.0,800.0,760.0,500.0,260.0
O00600,2,2022-10-27,2,8,4,Chair,Furniture,West,6,150.0,0.05,90.0,900.0,855.0,540.0,315.0
O00600,3,2022-10-27,2,8,4,Chair,Furniture,West,4,150.0,0.1,90.0,600.0,540.0,360.0,180.0
O00601,1,2022-10-28,3,49,3,Notebook,Stationery,East,6,5.0,0.0,2.0,30.0,30.0,12.0,18.0
O00601,2,2022-10-28,4,49,3,Mouse,Electronics,East,3,25.0,0.15,12.0,75.0,63.75,36.0,27.75
O00602,1,2022-10-28,4,18,3,Mouse,Electronics,East,5,25.0,0.1,12.0,125.0,112.5,60.0,52.5
O00602,2,2022-10-28,1,18,3,Laptop,Electronics,East,5,800.0,0.15,500.0,4000.0,3400.0,2500.0,900.0
O00602,3,2022-10-28,4,18,3,Mouse,Electronics,East,4,25.0,0.0,12.0,100.0,100.0,48.0,52.0
O00603,1,2022-10-29,4,53,4,Mouse,Electronics,West,5,25.0,0.1,12.0,125.0,112.5,60.0,52.5
O00603,2,2022-10-29,3,53,4,Notebook,Stationery,West,6,5.0,0.0,2.0,30.0,30.0,12.0,18.0
O00603,3,2022-10-29,3,53,4,Notebook,Stationery,West,4,5.0,0.1,2.0,20.0,18.0,8.0,10.0
O00604,1,2022-10-29,1,77,1,Laptop,Electronics,North,3,800.0,0.1,500.0,2400.0,2160.0,1500.0,660.0
O00604,2,2022-10-29,1,77,1,Laptop,Electronics,North,3,800.0,0.0,500.0,2400.0,2400.0,1500.0,900.0
O00605,1,2022-10-30,2,8,3,Chair,Furniture,East,1,150.0,0.05,90.0,150.0,142.5,90.0,52.5
O00606,1,2022-10-30,2,60,2,Chair,Furniture,South,6,150.0,0.1,90.0,900.0,810.0,540.0,270.0
O00607,1,2022-10-31,1,46,4,Laptop,Electronics,West,5,800.0,0.05,500.0,4000.0,3800.0,2500.0,1300.0
O00607,2,2022-10-31,1,46,4,Laptop,Electronics,West,4,800.0,0.0,500.0,3200.0,3200.0,2000.0,1200.0
O00607,3,2022-10-31,1,46,4,Laptop,Electronics,West,5,800.0,0.0,500.0,4000.0,4000.0,2500.0,1500.0
O00608,1,2022-10-31,1,52,1,Laptop,Electronics,North,5,800.0,0.15,500.0,4000.0,3400.0,2500.0,900.0
O00609,1,2022-11-01,4,48,3,Mouse,Electronics,East,5,25.0,0.15,12.0,125.0,106.25,60.0,46.25
O00609,2,2022-11-01,4,48,3,Mouse,Electronics,East,2,25.0,0.05,12.0,50.0,47.5,24.0,23.5
O00610,1,2022-11-01,2,79,1,Chair,Furniture,North,5,150.0,0.15,90.0,750.0,637.5,450.0,187.5
O00611,1,2022-11-02,2,30,1,Chair,Furniture,North,6,150.0,0.15,90.0,900.0,765.0,540.0,225.0
O00612,1,2022-11-02,2,31,4,Chair,Furniture,West,2,150.0,0.05,90.0,300.0,285.0,180.0,105.0
O00612,2,2022-11-02,4,31,4,Mouse,Electronics,West,1,25.0,0.0,12.0,25.0,25.0,12.0,13.0
O00612,3,2022-11-02,3,31,4,Notebook,Stationery,West,1,5.0,0.0,2.0,5.0,5.0,2.0,3.0
O00613,1,2022-11-03,4,74,2,Mouse,Electronics,South,6,25.0,0.1,12.0,150.0,135.0,72.0,63.0
O00614,1,2022-11-03,3,38,1,Notebook,Stationery,North,1,5.0,0.1,2.0,5.0,4.5,2.0,2.5
O00615,1,2022-11-04,4,25,1,Mouse,Electronics,North,4,25.0,0.1,12.0,100.0,90.0,48.0,42.0
O00615,2,2022-11-04,2,25,1,Chair,Furniture,North,3,150.0,0.05,90.0,450.0,427.5,270.0,157.5
O00615,3,2022-11-04,4,25,1,Mouse,Electronics,North,3,25.0,0.05,12.0,75.0,71.25,36.0,35.25
O00616,1,2022-11-04,2,28,4,Chair,Furniture,West,2,150.0,0.15,90.0,300.0,255.0,180.0,75.0
O00616,2,2022-11-04,2,28,4,Chair,Furniture,West,3,150.0,0.1,90.0,450.0,405.0,270.0,135.0
O00616,3,2022-11-04,1,28,4,Laptop,Electronics,West,6,800.0,0.15,500.0,4800.0,4080.0,3000.0,1080.0
O00617,1,2022-11-05,4,18,4,Mouse,Electronics,West,6,25.0,0.15,12.0,150.0,127.5,72.0,55.5
O00617,2,2022-11-05,3,18,4,Notebook,Stationery,West,1,5.0,0.15,2.0,5.0,4.25,2.0,2.25
O00618,1,2022-11-05,1,11,2,Laptop,Electronics,South,2,800.0,0.15,500.0,1600.0,1360.0,1000.0,360.0
O00618,2,2022-11-05,3,11,2,Notebook,Stationery,South,4,5.0,0.1,2.0,20.0,18.0,8.0,10.0
O00618,3,2022-11-05,4,11,2,Mouse,Electronics,South,5,25.0,0.1,12.0,125.0,112.5,60.0,52.5
O00619,1,2022-11-06,3,57,3,Notebook,Stationery,East,1,5.0,0.05,2.0,5.0,4.75,2.0,2.75
O00620,1,2022-11-06,4,36,2,Mouse,Electronics,South,6,25.0,0.1,12.0,150.0,135.0,72.0,63.0
O00621,1,2022-11-07,1,62,4,Laptop,Electronics,West,1,800.0,0.0,500.0,800.0,800.0,500.0,300.0
O00621,2,2022-11-07,1,62,4,Laptop,Electronics,West,6,800.0,0.05,500.0,4800.0,4560.0,3000.0,1560.0
O00621,3,2022-11-07,2,62,4,Chair,Furniture,West,3,150.0,0.0,90.0,450.0,450.0,270.0,180.0
O00622,1,2022-11-07,2,72,2,Chair,Furniture,South,4,150.0,0.05,90.0,600.0,570.0,360.0,210.0
O00623,1,2022-11-08,1,76,1,Laptop,Electronics,North,6,800.0,0.15,500.0,4800.0,4080.0,3000.0,1080.0
O00623,2,2022-11-08,1,76,1,Laptop,Electronics,North,1,800.0,0.15,500.0,800.0,680.0,500.0,180.0
O00623,3,2022-11-08,4,76,1,Mouse,Electronics,North,2,25.0,0.1,12.0,50.0,45.0,24.0,21.0
O00624,1,2022-11-08,3,42,1,Notebook,Stationery,North,3,5.0,0.1,2.0,15.0,13.5,6.0,7.5
O00624,2,2022-11-08,4,42,1,Mouse,Electronics,North,1,25.0,0.15,12.0,25.0,21.25,12.0,9.25
O00624,3,2022-11-08,3,42,1,Notebook,Stationery,North,1,5.0,0.1,2.0,5.0,4.5,2.0,2.5
O00625,1,2022-11-09,4,20,2,Mouse,Electronics,South,5,25.0,0.15,12.0,125.0,106.25,60.0,46.25
O00626,1,2022-11-09,3,43,4,Notebook,Stationery,West,6,5.0,0.0,2.0,30.0,30.0,12.0,18.0
O00627,1,2022-11-10,2,37,3,Chair,Furniture,East,6,150.0,0.0,90.0,900.0,900.0,540.0,360.0
O00627,2,2022-11-10,4,37,3,Mouse,Electronics,East,6,25.0,0.15,12.0,150.0,127.5,72.0,55.5
O00628,1,2022-11-10,2,11,4,Chair,Furniture,West,5,150.0,0.1,90.0,750.0,675.0,450.0,225.0
O00628,2,2022-11-10,3,11,4,Notebook,Stationery,West,3,5.0,0.05,2.0,15.0,14.25,6.0,8.25
O00629,1,2022-11-11,4,20,3,Mouse,Electronics,East,1,25.0,0.0,12.0,25.0,25.0,12.0,13.0
O00629,2,2022-11-11,2,20,3,Chair,Furniture,East,4,150.0,0.05,90.0,600.0,570.0,360.0,210.0
O00630,1,2022-11-11,3,11,3,Notebook,Stationery,East,5,5.0,0.15,2.0,25.0,21.25,10.0,11.25
O00631,1,2022-11-12,2,66,3,Chair,Furniture,East,6,150.0,0.15,90.0,900.0,765.0,540.0,225.0
O00632,1,2022-11-12,4,30,2,Mouse,Electronics,South,5,25.0,0.15,12.0,125.0,106.25,60.0,46.25
O00633,1,2022-11-13,4,63,3,Mouse,Electronics,East,2,25.0,0.0,12.0,50.0,50.0,24.0,26.0
O00633,2,2022-11-13,2,63,3,Chair,Furniture,East,2,150.0,0.0,90.0,300.0,300.0,180.0,120.0
O00634,1,2022-11-13,1,10,2,Laptop,Electronics,South,6,800.0,0.15,500.0,4800.0,4080.0,3000.0,1080.0
O00634,2,2022-11-13,3,10,2,Notebook,Stationery,South,6,5.0,0.0,2.0,30.0,30.0,12.0,18.0
O00635,1,2022-11-14,1,44,1,Laptop,Electronics,North,4,800.0,0.15,500.0,3200.0,2720.0,2000.0,720.0
O00636,1,2022-11-14,4,23,3,Mouse,Electronics,East,3,25.0,0.05,12.0,75.0,71.25,36.0,35.25
O00636,2,2022-11-14,1,23,3,Laptop,Electronics,East,5,800.0,0.0,500.0,4000.0,4000.0,2500.0,1500.0
O00637,1,2022-11-15,1,35,1,Laptop,Electronics,North,3,800.0,0.05,500.0,2400.0,2280.0,1500.0,780.0
O00637,2,2022-11-15,1,35,1,Laptop,Electronics,North,3,800.0,0.1,500.0,2400.0,2160.0,1500.0,660.0
O00638,1,2022-11-15,3,11,1,Notebook,Stationery,North,6,5.0,0.15,2.0,30.0,25.5,12.0,13.5
O00638,2,2022-11-15,2,11,1,Chair,Furniture,North,3,150.0,0.15,90.0,450.0,382.5,270.0,112.5
O00638,3,2022-11-15,1,11,1,Laptop,Electronics,North,5,800.0,0.15,500.0,4000.0,3400.0,2500.0,900.0
O00639,1,2022-11-16,1,6,1,Laptop,Electronics,North,2,800.0,0.15,500.0,1600.0,1360.0,1000.0,360.0
O00640,1,2022-11-16,1,26,3,Laptop,Electronics,East,6,800.0,0.1,500.0,4800.0,4320.0,3000.0,1320.0
O00640,2,2022-11-16,3,26,3,Notebook,Stationery,East,6,5.0,0.1,2.0,30.0,27.0,12.0,15.0
O00641,1,2022-11-17,2,35,1,Chair,Furniture,North,1,150.0,0.15,90.0,150.0,127.5,90.0,37.5
O00642,1,2022-11-17,1,1,3,Laptop,Electronics,East,4,800.0,0.0,500.0,3200.0,3200.0,2000.0,1200.0
O00642,2,2022-11-17,2,1,3,Chair,Furniture,East,4,150.0,0.05,90.0,600.0,570.0,360.0,210.0
O00642,3,2022-11-17,4,1,3,Mouse,Electronics,East,3,25.0,0.1,12.0,75.0,67.5,36.0,31.5
O00643,1,2022-11-18,1,35,3,Laptop,Electronics,East,5,800.0,0.15,500.0,4000.0,3400.0,2500.0,900.0
O00643,2,2022-11-18,2,35,3,Chair,Furniture,East,6,150.0,0.1,90.0,900.0,810.0,540.0,270.0
O00643,3,2022-11-18,3,35,3,Notebook,Stationery,East,4,5.0,0.05,2.0,20.0,19.0,8.0,11.0
O00644,1,2022-11-18,2,29,2,Chair,Furniture,South,1,150.0,0.15,90.0,150.0,127.5,90.0,37.5
O00644,2,2022-11-18,2,29,2,Chair,Furniture,South,1,150.0,0.15,90.0,150.0,127.5,90.0,37.5
O00645,1,2022-11-19,2,16,2,Chair,Furniture,South,3,150.0,0.05,90.0,450.0,427.5,270.0,157.5
O00645,2,2022-11-19,1,16,2,Laptop,Electronics,South,4,800.0,0.0,500.0,3200.0,3200.0,2000.0,1200.0
O00645,3,2022-11-19,2,16,2,Chair,Furniture,South,6,150.0,0.15,90.0,900.0,765.0,540.0,225.0
O00646,1,2022-11-19,3,53,3,Notebook,Stationery,East,6,5.0,0.0,2.0,30.0,30.0,12.0,18.0
O00646,2,2022-11-19,4,53,3,Mouse,Electronics,East,2,25.0,0.15,12.0,50.0,42.5,24.0,18.5
O00647,1,2022-11-20,4,3,3,Mouse,Electronics,East,5,25.0,0.15,12.0,125.0,106.25,60.0,46.25
O00648,1,2022-11-20,4,6,1,Mouse,Electronics,North,1,25.0,0.0,12.0,25.0,25.0,12.0,13.0
O00648,2,2022-11-20,1,6,1,Laptop,Electronics,North,5,800.0,0.05,500.0,4000.0,3800.0,2500.0,1300.0
O00649,1,2022-11-21,4,24,3,Mouse,Electronics,East,2,25.0,0.0,12.0,50.0,50.0,24.0,26.0
O00649,2,2022-11-21,1,24,3,Laptop,Electronics,East,5,800.0,0.05,500.0,4000.0,3800.0,2500.0,1300.0
O00650,1,2022-11-21,4,76,3,Mouse,Electronics,East,4,25.0,0.15,12.0,100.0,85.0,48.0,37.0
O00650,2,2022-11-21,1,76,3,Laptop,Electronics,East,2,800.0,0.0,500.0,1600.0,1600.0,1000.0,600.0
O00651,1,2022-11-22,3,23,4,Notebook,Stationery,West,3,5.0,0.1,2.0,15.0,13.5,6.0,7.5
O00651,2,2022-11-22,3,23,4,Notebook,Stationery,West,4,5.0,0.0,2.0,20.0,20.0,8.0,12.0
O00652,1,2022-11-22,4,5,1,Mouse,Electronics,North,5,25.0,0.15,12.0,125.0,106.25,60.0,46.25
O00652,2,2022-11-22,1,5,1,Laptop,Electronics,North,6,800.0,0.15,500.0,4800.0,4080.0,3000.0,1080.0
O00653,1,2022-11-23,4,24,2,Mouse,Electronics,South,6,25.0,0.1,12.0,150.0,135.0,72.0,63.0
O00653,2,2022-11-23,4,24,2,Mouse,Electronics,South,1,25.0,0.15,12.0,25.0,21.25,12.0,9.25
O00653,3,2022-11-23,3,24,2,Notebook,Stationery,South,3,5.0,0.0,2.0,15.0,15.0,6.0,9.0
O00654,1,2022-11-23,1,37,4,Laptop,Electronics,West,1,800.0,0.0,500.0,800.0,800.0,500.0,300.0
O00654,2,2022-11-23,2,37,4,Chair,Furniture,West,1,150.0,0.1,90.0,150.0,135.0,90.0,45.0
O00655,1,2022-11-24,4,30,3,Mouse,Electronics,East,3,25.0,0.0,12.0,75.0,75.0,36.0,39.0
O00655,2,2022-11-24,4,30,3,Mouse,Electronics,East,2,25.0,0.15,12.0,50.0,42.5,24.0,18.5
O00656,1,2022-11-24,4,26,2,Mouse,Electronics,South,1,25.0,0.0,12.0,25.0,25.0,12.0,13.0
O00657,1,2022-11-25,2,78,2,Chair,Furniture,South,5,150.0,0.1,90.0,750.0,675.0,450.0,225.0
O00657,2,2022-11-25,4,78,2,Mouse,Electronics,South,6,25.0,0.0,12.0,150.0,150.0,72.0,78.0
O00658,1,2022-11-25,1,67,3,Laptop,Electronics,East,5,800.0,0.0,500.0,4000.0,4000.0,2500.0,1500.0
O00659,1,2022-11-26,2,5,4,Chair,Furniture,West,1,150.0,0.1,90.0,150.0,135.0,90.0,45.0
O00659,2,2022-11-26,4,5,4,Mouse,Electronics,West,5,25.0,0.05,12.0,125.0,118.75,60.0,58.75
O00660,1,2022-11-26,4,23,4,Mouse,Electronics,West,6,25.0,0.15,12.0,150.0,127.5,72.0,55.5
O00660,2,2022-11-26,2,23,4,Chair,Furniture,West,5,150.0,0.15,90.0,750.0,637.5,450.0,187.5
O00660,3,2022-11-26,1,23,4,Laptop,Electronics,West,2,800.0,0.15,500.0,1600.0,1360.0,1000.0,360.0
O00661,1,2022-11-27,1,57,1,Laptop,Electronics,North,3,800.0,0.05,500.0,2400.0,2280.0,1500.0,780.0
O00662,1,2022-11-27,4,58,1,Mouse,Electronics,North,2,25.0,0.1,12.0,50.0,45.0,24.0,21.0
O00662,2,2022-11-27,1,58,1,Laptop,Electronics,North,2,800.0,0.15,500.0,1600.0,1360.0,1000.0,360.0
O00662,3,2022-11-27,3,58,1,Notebook,Stationery,North,4,5.0,0.0,2.0,20.0,20.0,8.0,12.0
O00663,1,2022-11-28,4,37,3,Mouse,Electronics,East,4,25.0,0.05,12.0,100.0,95.0,48.0,47.0
O00663,2,2022-11-28,4,37,3,Mouse,Electronics,East,1,25.0,0.1,12.0,25.0,22.5,12.0,10.5
O00664,1,2022-11-28,2,28,3,Chair,Furniture,East,2,150.0,0.05,90.0,300.0,285.0,180.0,105.0
O00664,2,2022-11-28,1,28,3,Laptop,Electronics,East,4,800.0,0.15,500.0,3200.0,2720.0,2000.0,720.0
O00664,3,2022-11-28,4,28,3,Mouse,Electronics,East,2,25.0,0.1,12.0,50.0,45.0,24.0,21.0
O00665,1,2022-11-29,1,52,2,Laptop,Electronics,South,3,800.0,0.1,500.0,2400.0,2160.0,1500.0,660.0
O00665,2,2022-11-29,1,52,2,Laptop,Electronics,South,6,800.0,0.0,500.0,4800.0,4800.0,3000.0,1800.0
O00665,3,2022-11-29,3,52,2,Notebook,Stationery,South,5,5.0,0.05,2.0,25.0,23.75,10.0,13.75
O00666,1,2022-11-29,4,45,3,Mouse,Electronics,East,3,25.0,0.0,12.0,75.0,75.0,36.0,39.0
O00666,2,2022-11-29,4,45,3,Mouse,Electronics,East,5,25.0,0.0,12.0,125.0,125.0,60.0,65.0
O00666,3,2022-11-29,3,45,3,Notebook,Stationery,East,2,5.0,0.0,2.0,10.0,10.0,4.0,6.0
O00667,1,2022-11-30,3,73,4,Notebook,Stationery,West,1,5.0,0.0,2.0,5.0,5.0,2.0,3.0
O00667,2,2022-11-30,3,73,4,Notebook,Stationery,West,5,5.0,0.05,2.0,25.0,23.75,10.0,13.75
O00667,3,2022-11-30,3,73,4,Notebook,Stationery,West,2,5.0,0.05,2.0,10.0,9.5,4.0,5.5
O00668,1,2022-11-30,1,45,1,Laptop,Electronics,North,4,800.0,0.15,500.0,3200.0,2720.0,2000.0,720.0
O00668,2,2022-11-30,1,45,1,Laptop,Electronics,North,2,800.0,0.0,500.0,1600.0,1600.0,1000.0,600.0
O00669,1,2022-12-01,2,31,1,Chair,Furniture,North,2,150.0,0.15,90.0,300.0,255.0,180.0,75.0
O00669,2,2022-12-01,2,31,1,Chair,Furniture,North,6,150.0,0.15,90.0,900.0,765.0,540.0,225.0
O00669,3,2022-12-01,2,31,1,Chair,Furniture,North,2,150.0,0.05,90.0,300.0,285.0,180.0,105.0
O00670,1,2022-12-01,4,64,2,Mouse,Electronics,South,1,25.0,0.05,12.0,25.0,23.75,12.0,11.75
O00670,2,2022-12-01,4,64,2,Mouse,Electronics,South,1,25.0,0.15,12.0,25.0,21.25,12.0,9.25
O00671,1,2022-12-02,2,51,1,Chair,Furniture,North,1,150.0,0.1,90.0,150.0,135.0,90.0,45.0
O00671,2,2022-12-02,4,51,1,Mouse,Electronics,North,1,25.0,0.1,12.0,25.0,22.5,12.0,10.5
O00672,1,2022-12-02,4,55,1,Mouse,Electronics,North,5,25.0,0.0,12.0,125.0,125.0,60.0,65.0
O00673,1,2022-12-03,2,80,3,Chair,Furniture,East,3,150.0,0.15,90.0,450.0,382.5,270.0,112.5
O00673,2,2022-12-03,2,80,3,Chair,Furniture,East,1,150.0,0.05,90.0,150.0,142.5,90.0,52.5
O00673,3,2022-12-03,4,80,3,Mouse,Electronics,East,4,25.0,0.0,12.0,100.0,100.0,48.0,52.0
O00674,1,2022-12-03,2,72,1,Chair,Furniture,North,5,150.0,0.0,90.0,750.0,750.0,450.0,300.0
O00675,1,2022-12-04,1,40,2,Laptop,Electronics,South,6,800.0,0.1,500.0,4800.0,4320.0,3000.0,1320.0
O00675,2,2022-12-04,1,40,2,Laptop,Electronics,South,6,800.0,0.05,500.0,4800.0,4560.0,3000.0,1560.0
O00676,1,2022-12-04,2,43,2,Chair,Furniture,South,4,150.0,0.15,90.0,600.0,510.0,360.0,150.0
O00676,2,2022-12-04,2,43,2,Chair,Furniture,South,1,150.0,0.1,90.0,150.0,135.0,90.0,45.0
O00677,1,2022-12-05,2,4,1,Chair,Furniture,North,4,150.0,0.1,90.0,600.0,540.0,360.0,180.0
O00677,2,2022-12-05,3,4,1,Notebook,Stationery,North,4,5.0,0.1,2.0,20.0,18.0,8.0,10.0
O00678,1,2022-12-05,3,44,3,Notebook,Stationery,East,4,5.0,0.05,2.0,20.0,19.0,8.0,11.0
O00679,1,2022-12-06,2,5,4,Chair,Furniture,West,1,150.0,0.1,90.0,150.0,135.0,90.0,45.0
O00679,2,2022-12-06,2,5,4,Chair,Furniture,West,6,150.0,0.0,90.0,900.0,900.0,540.0,360.0
O00680,1,2022-12-06,3,59,2,Notebook,Stationery,South,2,5.0,0.05,2.0,10.0,9.5,4.0,5.5
O00681,1,2022-12-07,1,39,4,Laptop,Electronics,West,6,800.0,0.05,500.0,4800.0,4560.0,3000.0,1560.0
O00681,2,2022-12-07,4,39,4,Mouse,Electronics,West,4,25.0,0.15,12.0,100.0,85.0,48.0,37.0
O00681,3,2022-12-07,2,39,4,Chair,Furniture,West,3,150.0,0.0,90.0,450.0,450.0,270.0,180.0
O00682,1,2022-12-07,1,45,3,Laptop,Electronics,East,6,800.0,0.05,500.0,4800.0,4560.0,3000.0,1560.0
O00682,2,2022-12-07,3,45,3,Notebook,Stationery,East,1,5.0,0.1,2.0,5.0,4.5,2.0,2.5
O00682,3,2022-12-07,3,45,3,Notebook,Stationery,East,3,5.0,0.15,2.0,15.0,12.75,6.0,6.75
O00683,1,2022-12-08,1,80,2,Laptop,Electronics,South,1,800.0,0.0,500.0,800.0,800.0,500.0,300.0
O00683,2,2022-12-08,1,80,2,Laptop,Electronics,South,3,800.0,0.15,500.0,2400.0,2040.0,1500.0,540.0
O00684,1,2022-12-08,2,66,4,Chair,Furniture,West,5,150.0,0.1,90.0,750.0,675.0,450.0,225.0
O00685,1,2022-12-09,2,11,1,Chair,Furniture,North,5,150.0,0.05,90.0,750.0,712.5,450.0,262.5
O00685,2,2022-12-09,2,11,1,Chair,Furniture,North,4,150.0,0.0,90.0,600.0,600.0,360.0,240.0
O00685,3,2022-12-09,1,11,1,Laptop,Electronics,North,5,800.0,0.1,500.0,4000.0,3600.0,2500.0,1100.0
O00686,1,2022-12-09,1,11,4,Laptop,Electronics,West,3,800.0,0.1,500.0,2400.0,2160.0,1500.0,660.0
O00686,2,2022-12-09,4,11,4,Mouse,Electronics,West,4,25.0,0.05,12.0,100.0,95.0,48.0,47.0
O00686,3,2022-12-09,4,11,4,Mouse,Electronics,West,4,25.0,0.1,12.0,100.0,90.0,48.0,42.0
O00687,1,2022-12-10,3,72,3,Notebook,Stationery,East,3,5.0,0.0,2.0,15.0,15.0,6.0,9.0
O00687,2,2022-12-10,1,72,3,Laptop,Electronics,East,6,800.0,0.15,500.0,4800.0,4080.0,3000.0,1080.0
O00687,3,2022-12-10,4,72,3,Mouse,Electronics,East,1,25.0,0.15,12.0,25.0,21.25,12.0,9.25
O00688,1,2022-12-10,2,73,4,Chair,Furniture,West,3,150.0,0.15,90.0,450.0,382.5,270.0,112.5
O00688,2,2022-12-10,1,73,4,Laptop,Electronics,West,6,800.0,0.15,500.0,4800.0,4080.0,3000.0,1080.0
O00688,3,2022-12-10,1,73,4,Laptop,Electronics,West,1,800.0,0.0,500.0,800.0,800.0,500.0,300.0
O00689,1,2022-12-11,2,69,2,Chair,Furniture,South,1,150.0,0.1,90.0,150.0,135.0,90.0,45.0
O00689,2,2022-12-11,2,69,2,Chair,Furniture,South,2,150.0,0.0,90.0,300.0,300.0,180.0,120.0
O00690,1,2022-12-11,3,19,2,Notebook,Stationery,South,4,5.0,0.15,2.0,20.0,17.0,8.0,9.0
O00690,2,2022-12-11,1,19,2,Laptop,Electronics,South,3,800.0,0.1,500.0,2400.0,2160.0,1500.0,660.0
O00690,3,2022-12-11,2,19,2,Chair,Furniture,South,4,150.0,0.05,90.0,600.0,570.0,360.0,210.0
O00691,1,2022-12-12,2,52,2,Chair,Furniture,South,6,150.0,0.05,90.0,900.0,855.0,540.0,315.0
O00691,2,2022-12-12,3,52,2,Notebook,Stationery,South,2,5.0,0.1,2.0,10.0,9.0,4.0,5.0
O00692,1,2022-12-12,1,50,1,Laptop,Electronics,North,6,800.0,0.1,500.0,4800.0,4320.0,3000.0,1320.0
O00692,2,2022-12-12,1,50,1,Laptop,Electronics,North,2,800.0,0.05,500.0,1600.0,1520.0,1000.0,520.0
O00693,1,2022-12-13,4,25,3,Mouse,Electronics,East,3,25.0,0.0,12.0,75.0,75.0,36.0,39.0
O00693,2,2022-12-13,3,25,3,Notebook,Stationery,East,2,5.0,0.1,2.0,10.0,9.0,4.0,5.0
O00694,1,2022-12-13,1,24,2,Laptop,Electronics,South,5,800.0,0.0,500.0,4000.0,4000.0,2500.0,1500.0
O00694,2,2022-12-13,1,24,2,Laptop,Electronics,South,2,800.0,0.15,500.0,1600.0,1360.0,1000.0,360.0
O00694,3,2022-12-13,3,24,2,Notebook,Stationery,South,1,5.0,0.1,2.0,5.0,4.5,2.0,2.5
O00695,1,2022-12-14,4,16,3,Mouse,Electronics,East,4,25.0,0.1,12.0,100.0,90.0,48.0,42.0
O00695,2,2022-12-14,2,16,3,Chair,Furniture,East,5,150.0,0.1,90.0,750.0,675.0,450.0,225.0
O00696,1,2022-12-14,1,56,1,Laptop,Electronics,North,1,800.0,0.05,500.0,800.0,760.0,500.0,260.0
O00697,1,2022-12-15,1,11,3,Laptop,Electronics,East,1,800.0,0.15,500.0,800.0,680.0,500.0,180.0
O00697,2,2022-12-15,1,11,3,Laptop,Electronics,East,1,800.0,0.1,500.0,800.0,720.0,500.0,220.0
O00697,3,2022-12-15,4,11,3,Mouse,Electronics,East,5,25.0,0.0,12.0,125.0,125.0,60.0,65.0
O00698,1,2022-12-15,3,75,2,Notebook,Stationery,South,3,5.0,0.05,2.0,15.0,14.25,6.0,8.25
O00699,1,2022-12-16,4,65,1,Mouse,Electronics,North,5,25.0,0.1,12.0,125.0,112.5,60.0,52.5
O00700,1,2022-12-16,1,38,4,Laptop,Electronics,West,1,800.0,0.0,500.0,800.0,800.0,500.0,300.0
O00701,1,2022-12-17,2,77,2,Chair,Furniture,South,3,150.0,0.1,90.0,450.0,405.0,270.0,135.0
O00702,1,2022-12-17,2,13,2,Chair,Furniture,South,6,150.0,0.15,90.0,900.0,765.0,540.0,225.0
O00702,2,2022-12-17,3,13,2,Notebook,Stationery,South,6,5.0,0.1,2.0,30.0,27.0,12.0,15.0
O00702,3,2022-12-17,1,13,2,Laptop,Electronics,South,6,800.0,0.1,500.0,4800.0,4320.0,3000.0,1320.0
O00703,1,2022-12-18,4,8,4,Mouse,Electronics,West,5,25.0,0.05,12.0,125.0,118.75,60.0,58.75
O00703,2,2022-12-18,2,8,4,Chair,Furniture,West,1,150.0,0.1,90.0,150.0,135.0,90.0,45.0
O00703,3,2022-12-18,4,8,4,Mouse,Electronics,West,4,25.0,0.05,12.0,100.0,95.0,48.0,47.0
O00704,1,2022-12-18,1,32,4,Laptop,Electronics,West,3,800.0,0.15,500.0,2400.0,2040.0,1500.0,540.0
O00704,2,2022-12-18,3,32,4,Notebook,Stationery,West,3,5.0,0.15,2.0,15.0,12.75,6.0,6.75
O00704,3,2022-12-18,2,32,4,Chair,Furniture,West,1,150.0,0.15,90.0,150.0,127.5,90.0,37.5
O00705,1,2022-12-19,1,50,4,Laptop,Electronics,West,6,800.0,0.05,500.0,4800.0,4560.0,3000.0,1560.0
O00705,2,2022-12-19,1,50,4,Laptop,Electronics,West,2,800.0,0.0,500.0,1600.0,1600.0,1000.0,600.0
O00705,3,2022-12-19,1,50,4,Laptop,Electronics,West,5,800.0,0.0,500.0,4000.0,4000.0,2500.0,1500.0
O00706,1,2022-12-19,1,79,2,Laptop,Electronics,South,5,800.0,0.0,500.0,4000.0,4000.0,2500.0,1500.0
O00706,2,2022-12-19,2,79,2,Chair,Furniture,South,5,150.0,0.1,90.0,750.0,675.0,450.0,225.0
O00707,1,2022-12-20,3,53,2,Notebook,Stationery,South,2,5.0,0.0,2.0,10.0,10.0,4.0,6.0
O00707,2,2022-12-20,2,53,2,Chair,Furniture,South,1,150.0,0.15,90.0,150.0,127.5,90.0,37.5
O00707,3,2022-12-20,4,53,2,Mouse,Electronics,South,1,25.0,0.05,12.0,25.0,23.75,12.0,11.75
O00708,1,2022-12-20,2,33,4,Chair,Furniture,West,2,150.0,0.0,90.0,300.0,300.0,180.0,120.0
O00708,2,2022-12-20,1,33,4,Laptop,Electronics,West,5,800.0,0.15,500.0,4000.0,3400.0,2500.0,900.0
O00708,3,2022-12-20,4,33,4,Mouse,Electronics,West,5,25.0,0.0,12.0,125.0,125.0,60.0,65.0
O00709,1,2022-12-21,1,10,2,Laptop,Electronics,South,4,800.0,0.05,500.0,3200.0,3040.0,2000.0,1040.0
O00709,2,2022-12-21,1,10,2,Laptop,Electronics,South,1,800.0,0.15,500.0,800.0,680.0,500.0,180.0
O00710,1,2022-12-21,4,27,3,Mouse,Electronics,East,3,25.0,0.1,12.0,75.0,67.5,36.0,31.5
O00711,1,2022-12-22,1,27,4,Laptop,Electronics,West,1,800.0,0.0,500.0,800.0,800.0,500.0,300.0
O00712,1,2022-12-22,1,54,1,Laptop,Electronics,North,1,800.0,0.1,500.0,800.0,720.0,500.0,220.0
O00712,2,2022-12-22,1,54,1,Laptop,Electronics,North,6,800.0,0.05,500.0,4800.0,4560.0,3000.0,1560.0
O00712,3,2022-12-22,3,54,1,Notebook,Stationery,North,2,5.0,0.05,2.0,10.0,9.5,4.0,5.5
O00713,1,2022-12-23,1,4,3,Laptop,Electronics,East,6,800.0,0.0,500.0,4800.0,4800.0,3000.0,1800.0
O00713,2,2022-12-23,3,4,3,Notebook,Stationery,East,2,5.0,0.15,2.0,10.0,8.5,4.0,4.5
O00714,1,2022-12-23,2,45,4,Chair,Furniture,West,3,150.0,0.0,90.0,450.0,450.0,270.0,180.0
O00715,1,2022-12-24,4,36,2,Mouse,Electronics,South,4,25.0,0.05,12.0,100.0,95.0,48.0,47.0
O00715,2,2022-12-24,1,36,2,Laptop,Electronics,South,1,800.0,0.05,500.0,800.0,760.0,500.0,260.0
O00716,1,2022-12-24,4,44,2,Mouse,Electronics,South,3,25.0,0.0,12.0,75.0,75.0,36.0,39.0
O00716,2,2022-12-24,1,44,2,Laptop,Electronics,South,6,800.0,0.1,500.0,4800.0,4320.0,3000.0,1320.0
O00716,3,2022-12-24,2,44,2,Chair,Furniture,South,1,150.0,0.05,90.0,150.0,142.5,90.0,52.5
O00717,1,2022-12-25,1,12,3,Laptop,Electronics,East,4,800.0,0.05,500.0,3200.0,3040.0,2000.0,1040.0
O00718,1,2022-12-25,2,2,3,Chair,Furniture,East,3,150.0,0.15,90.0,450.0,382.5,270.0,112.5
O00718,2,2022-12-25,3,2,3,Notebook,Stationery,East,3,5.0,0.1,2.0,15.0,13.5,6.0,7.5
O00718,3,2022-12-25,2,2,3,Chair,Furniture,East,6,150.0,0.1,90.0,900.0,810.0,540.0,270.0
O00719,1,2022-12-26,4,33,1,Mouse,Electronics,North,1,25.0,0.15,12.0,25.0,21.25,12.0,9.25
O00720,1,2022-12-26,4,40,3,Mouse,Electronics,East,5,25.0,0.15,12.0,125.0,106.25,60.0,46.25
O00721,1,2022-12-27,2,44,2,Chair,Furniture,South,6,150.0,0.15,90.0,900.0,765.0,540.0,225.0
O00721,2,2022-12-27,1,44,2,Laptop,Electronics,South,3,800.0,0.0,500.0,2400.0,2400.0,1500.0,900.0
O00722,1,2022-12-27,1,30,4,Laptop,Electronics,West,5,800.0,0.0,500.0,4000.0,4000.0,2500.0,1500.0
O00723,1,2022-12-28,1,18,2,Laptop,Electronics,South,6,800.0,0.1,500.0,4800.0,4320.0,3000.0,1320.0
O00723,2,2022-12-28,1,18,2,Laptop,Electronics,South,6,800.0,0.15,500.0,4800.0,4080.0,3000.0,1080.0
O00723,3,2022-12-28,4,18,2,Mouse,Electronics,South,1,25.0,0.15,12.0,25.0,21.25,12.0,9.25
O00724,1,2022-12-28,2,23,4,Chair,Furniture,West,5,150.0,0.0,90.0,750.0,750.0,450.0,300.0
O00724,2,2022-12-28,3,23,4,Notebook,Stationery,West,4,5.0,0.1,2.0,20.0,18.0,8.0,10.0
O00725,1,2022-12-29,3,34,3,Notebook,Stationery,East,4,5.0,0.15,2.0,20.0,17.0,8.0,9.0
O00726,1,2022-12-29,3,23,4,Notebook,Stationery,West,1,5.0,0.05,2.0,5.0,4.75,2.0,2.75
O00726,2,2022-12-29,4,23,4,Mouse,Electronics,West,3,25.0,0.0,12.0,75.0,75.0,36.0,39.0
O00727,1,2022-12-30,1,11,1,Laptop,Electronics,North,1,800.0,0.05,500.0,800.0,760.0,500.0,260.0
O00727,2,2022-12-30,4,11,1,Mouse,Electronics,North,6,25.0,0.15,12.0,150.0,127.5,72.0,55.5
O00727,3,2022-12-30,3,11,1,Notebook,Stationery,North,2,5.0,0.05,2.0,10.0,9.5,4.0,5.5
O00728,1,2022-12-30,3,72,2,Notebook,Stationery,South,5,5.0,0.1,2.0,25.0,22.5,10.0,12.5
O00728,2,2022-12-30,1,72,2,Laptop,Electronics,South,6,800.0,0.1,500.0,4800.0,4320.0,3000.0,1320.0
O00728,3,2022-12-30,4,72,2,Mouse,Electronics,South,3,25.0,0.15,12.0,75.0,63.75,36.0,27.75
O00729,1,2022-12-31,1,7,2,Laptop,Electronics,South,4,800.0,0.05,500.0,3200.0,3040.0,2000.0,1040.0
O00730,1,2022-12-31,3,60,1,Notebook,Stationery,North,3,5.0,0.0,2.0,15.0,15.0,6.0,9.0
O00731,1,2023-01-01,2,10,3,Chair,Furniture,East,2,150.0,0.05,90.0,300.0,285.0,180.0,105.0
O00732,1,2023-01-01,2,11,1,Chair,Furniture,North,6,150.0,0.15,90.0,900.0,765.0,540.0,225.0
O00732,2,2023-01-01,3,11,1,Notebook,Stationery,North,6,5.0,0.15,2.0,30.0,25.5,12.0,13.5
O00732,3,2023-01-01,3,11,1,Notebook,Stationery,North,2,5.0,0.15,2.0,10.0,8.5,4.0,4.5
O00733,1,2023-01-02,2,25,4,Chair,Furniture,West,5,150.0,0.15,90.0,750.0,637.5,450.0,187.5
O00733,2,2023-01-02,2,25,4,Chair,Furniture,West,5,150.0,0.05,90.0,750.0,712.5,450.0,262.5
O00734,1,2023-01-02,4,32,4,Mouse,Electronics,West,4,25.0,0.0,12.0,100.0,100.0,48.0,52.0
O00734,2,2023-01-02,1,32,4,Laptop,Electronics,West,6,800.0,0.1,500.0,4800.0,4320.0,3000.0,1320.0
O00734,3,2023-01-02,2,32,4,Chair,Furniture,West,5,150.0,0.15,90.0,750.0,637.5,450.0,187.5
O00735,1,2023-01-03,4,68,2,Mouse,Electronics,South,5,25.0,0.15,12.0,125.0,106.25,60.0,46.25
O00736,1,2023-01-03,1,2,2,Laptop,Electronics,South,2,800.0,0.05,500.0,1600.0,1520.0,1000.0,520.0
O00736,2,2023-01-03,4,2,2,Mouse,Electronics,South,4,25.0,0.0,12.0,100.0,100.0,48.0,52.0
O00737,1,2023-01-04,1,76,2,Laptop,Electronics,South,4,800.0,0.0,500.0,3200.0,3200.0,2000.0,1200.0
O00737,2,2023-01-04,3,76,2,Notebook,Stationery,South,6,5.0,0.0,2.0,30.0,30.0,12.0,18.0
O00737,3,2023-01-04,2,76,2,Chair,Furniture,South,6,150.0,0.0,90.0,900.0,900.0,540.0,360.0
O00738,1,2023-01-04,4,2,1,Mouse,Electronics,North,5,25.0,0.05,12.0,125.0,118.75,60.0,58.75
O00738,2,2023-01-04,1,2,1,Laptop,Electronics,North,2,800.0,0.1,500.0,1600.0,1440.0,1000.0,440.0
O00738,3,2023-01-04,4,2,1,Mouse,Electronics,North,4,25.0,0.1,12.0,100.0,90.0,48.0,42.0
O00739,1,2023-01-05,4,30,2,Mouse,Electronics,South,1,25.0,0.05,12.0,25.0,23.75,12.0,11.75
O00739,2,2023-01-05,1,30,2,Laptop,Electronics,South,1,800.0,0.0,500.0,800.0,800.0,500.0,300.0
O00739,3,2023-01-05,1,30,2,Laptop,Electronics,South,1,800.0,0.05,500.0,800.0,760.0,500.0,260.0
O00740,1,2023-01-05,2,10,1,Chair,Furniture,North,4,150.0,0.15,90.0,600.0,510.0,360.0,150.0
O00740,2,2023-01-05,1,10,1,Laptop,Electronics,North,3,800.0,0.1,500.0,2400.0,2160.0,1500.0,660.0
O00740,3,2023-01-05,3,10,1,Notebook,Stationery,North,6,5.0,0.0,2.0,30.0,30.0,12.0,18.0
O00741,1,2023-01-06,1,29,2,Laptop,Electronics,South,6,800.0,0.1,500.0,4800.0,4320.0,3000.0,1320.0
O00742,1,2023-01-06,1,55,4,Laptop,Electronics,West,5,800.0,0.0,500.0,4000.0,4000.0,2500.0,1500.0
O00742,2,2023-01-06,4,55,4,Mouse,Electronics,West,1,25.0,0.05,12.0,25.0,23.75,12.0,11.75
O00743,1,2023-01-07,2,24,4,Chair,Furniture,West,3,150.0,0.1,90.0,450.0,405.0,270.0,135.0
O00744,1,2023-01-07,1,33,2,Laptop,Electronics,South,3,800.0,0.05,500.0,2400.0,2280.0,1500.0,780.0
O00744,2,2023-01-07,1,33,2,Laptop,Electronics,South,3,800.0,0.0,500.0,2400.0,2400.0,1500.0,900.0
O00744,3,2023-01-07,1,33,2,Laptop,Electronics,South,6,800.0,0.15,500.0,4800.0,4080.0,3000.0,1080.0
O00745,1,2023-01-08,4,59,3,Mouse,Electronics,East,5,25.0,0.15,12.0,125.0,106.25,60.0,46.25
O00745,2,2023-01-08,3,59,3,Notebook,Stationery,East,2,5.0,0.1,2.0,10.0,9.0,4.0,5.0
O00746,1,2023-01-08,2,37,3,Chair,Furniture,East,2,150.0,0.1,90.0,300.0,270.0,180.0,90.0
O00746,2,2023-01-08,2,37,3,Chair,Furniture,East,3,150.0,0.15,90.0,450.0,382.5,270.0,112.5
O00746,3,2023-01-08,4,37,3,Mouse,Electronics,East,1,25.0,0.05,12.0,25.0,23.75,12.0,11.75
O00747,1,2023-01-09,4,43,3,Mouse,Electronics,East,6,25.0,0.05,12.0,150.0,142.5,72.0,70.5
O00747,2,2023-01-09,4,43,3,Mouse,Electronics,East,1,25.0,0.15,12.0,25.0,21.25,12.0,9.25
O00748,1,2023-01-09,4,36,3,Mouse,Electronics,East,1,25.0,0.05,12.0,25.0,23.75,12.0,11.75
O00748,2,2023-01-09,3,36,3,Notebook,Stationery,East,2,5.0,0.0,2.0,10.0,10.0,4.0,6.0
O00749,1,2023-01-10,3,8,2,Notebook,Stationery,South,2,5.0,0.15,2.0,10.0,8.5,4.0,4.5
O00749,2,2023-01-10,3,8,2,Notebook,Stationery,South,4,5.0,0.05,2.0,20.0,19.0,8.0,11.0
O00750,1,2023-01-10,1,51,4,Laptop,Electronics,West,1,800.0,0.1,500.0,800.0,720.0,500.0,220.0
O00751,1,2023-01-11,4,53,3,Mouse,Electronics,East,1,25.0,0.15,12.0,25.0,21.25,12.0,9.25
O00752,1,2023-01-11,1,17,4,Laptop,Electronics,West,2,800.0,0.1,500.0,1600.0,1440.0,1000.0,440.0
O00753,1,2023-01-12,2,64,4,Chair,Furniture,West,6,150.0,0.1,90.0,900.0,810.0,540.0,270.0
O00753,2,2023-01-12,3,64,4,Notebook,Stationery,West,6,5.0,0.0,2.0,30.0,30.0,12.0,18.0
O00753,3,2023-01-12,4,64,4,Mouse,Electronics,West,4,25.0,0.15,12.0,100.0,85.0,48.0,37.0
O00754,1,2023-01-12,4,50,3,Mouse,Electronics,East,2,25.0,0.1,12.0,50.0,45.0,24.0,21.0
O00754,2,2023-01-12,2,50,3,Chair,Furniture,East,3,150.0,0.1,90.0,450.0,405.0,270.0,135.0
O00754,3,2023-01-12,3,50,3,Notebook,Stationery,East,5,5.0,0.05,2.0,25.0,23.75,10.0,13.75
O00755,1,2023-01-13,1,22,2,Laptop,Electronics,South,2,800.0,0.05,500.0,1600.0,1520.0,1000.0,520.0
O00756,1,2023-01-13,2,24,4,Chair,Furniture,West,1,150.0,0.05,90.0,150.0,142.5,90.0,52.5
O00757,1,2023-01-14,1,44,2,Laptop,Electronics,South,1,800.0,0.0,500.0,800.0,800.0,500.0,300.0
O00757,2,2023-01-14,4,44,2,Mouse,Electronics,South,3,25.0,0.15,12.0,75.0,63.75,36.0,27.75
O00758,1,2023-01-14,3,54,1,Notebook,Stationery,North,2,5.0,0.0,2.0,10.0,10.0,4.0,6.0
O00759,1,2023-01-15,2,4,3,Chair,Furniture,East,4,150.0,0.1,90.0,600.0,540.0,360.0,180.0
O00759,2,2023-01-15,1,4,3,Laptop,Electronics,East,5,800.0,0.05,500.0,4000.0,3800.0,2500.0,1300.0
O00760,1,2023-01-15,3,76,1,Notebook,Stationery,North,1,5.0,0.05,2.0,5.0,4.75,2.0,2.75
O00761,1,2023-01-16,1,6,3,Laptop,Electronics,East,4,800.0,0.05,500.0,3200.0,3040.0,2000.0,1040.0
O00761,2,2023-01-16,1,6,3,Laptop,Electronics,East,6,800.0,0.15,500.0,4800.0,4080.0,3000.0,1080.0
O00762,1,2023-01-16,1,28,3,Laptop,Electronics,East,5,800.0,0.1,500.0,4000.0,3600.0,2500.0,1100.0
O00762,2,2023-01-16,4,28,3,Mouse,Electronics,East,4,25.0,0.05,12.0,100.0,95.0,48.0,47.0
O00762,3,2023-01-16,2,28,3,Chair,Furniture,East,5,150.0,0.05,90.0,750.0,712.5,450.0,262.5
O00763,1,2023-01-17,4,44,2,Mouse,Electronics,South,2,25.0,0.15,12.0,50.0,42.5,24.0,18.5
O00763,2,2023-01-17,3,44,2,Notebook,Stationery,South,4,5.0,0.15,2.0,20.0,17.0,8.0,9.0
O00764,1,2023-01-17,2,22,4,Chair,Furniture,West,5,150.0,0.0,90.0,750.0,750.0,450.0,300.0
O00764,2,2023-01-17,1,22,4,Laptop,Electronics,West,1,800.0,0.1,500.0,800.0,720.0,500.0,220.0
O00765,1,2023-01-18,1,2,1,Laptop,Electronics,North,4,800.0,0.0,500.0,3200.0,3200.0,2000.0,1200.0
O00765,2,2023-01-18,1,2,1,Laptop,Electronics,North,4,800.0,0.15,500.0,3200.0,2720.0,2000.0,720.0
O00765,3,2023-01-18,3,2,1,Notebook,Stationery,North,5,5.0,0.1,2.0,25.0,22.5,10.0,12.5
O00766,1,2023-01-18,2,73,3,Chair,Furniture,East,5,150.0,0.05,90.0,750.0,712.5,450.0,262.5
O00766,2,2023-01-18,1,73,3,Laptop,Electronics,East,1,800.0,0.1,500.0,800.0,720.0,500.0,220.0
O00766,3,2023-01-18,1,73,3,Laptop,Electronics,East,6,800.0,0.0,500.0,4800.0,4800.0,3000.0,1800.0
O00767,1,2023-01-19,3,61,4,Notebook,Stationery,West,5,5.0,0.05,2.0,25.0,23.75,10.0,13.75
O00767,2,2023-01-19,4,61,4,Mouse,Electronics,West,1,25.0,0.15,12.0,25.0,21.25,12.0,9.25
O00768,1,2023-01-19,1,30,3,Laptop,Electronics,East,1,800.0,0.05,500.0,800.0,760.0,500.0,260.0
O00769,1,2023-01-20,4,77,2,Mouse,Electronics,South,6,25.0,0.1,12.0,150.0,135.0,72.0,63.0
O00769,2,2023-01-20,4,77,2,Mouse,Electronics,South,3,25.0,0.1,12.0,75.0,67.5,36.0,31.5
O00770,1,2023-01-20,2,74,3,Chair,Furniture,East,2,150.0,0.0,90.0,300.0,300.0,180.0,120.0
O00770,2,2023-01-20,4,74,3,Mouse,Electronics,East,2,25.0,0.1,12.0,50.0,45.0,24.0,21.0
O00770,3,2023-01-20,2,74,3,Chair,Furniture,East,1,150.0,0.05,90.0,150.0,142.5,90.0,52.5
O00771,1,2023-01-21,1,76,1,Laptop,Electronics,North,3,800.0,0.0,500.0,2400.0,2400.0,1500.0,900.0
O00771,2,2023-01-21,2,76,1,Chair,Furniture,North,4,150.0,0.15,90.0,600.0,510.0,360.0,150.0
O00771,3,2023-01-21,4,76,1,Mouse,Electronics,North,5,25.0,0.05,12.0,125.0,118.75,60.0,58.75
O00772,1,2023-01-21,3,44,1,Notebook,Stationery,North,4,5.0,0.1,2.0,20.0,18.0,8.0,10.0
O00772,2,2023-01-21,2,44,1,Chair,Furniture,North,2,150.0,0.05,90.0,300.0,285.0,180.0,105.0
O00773,1,2023-01-22,3,42,1,Notebook,Stationery,North,5,5.0,0.15,2.0,25.0,21.25,10.0,11.25
O00773,2,2023-01-22,4,42,1,Mouse,Electronics,North,5,25.0,0.05,12.0,125.0,118.75,60.0,58.75
O00774,1,2023-01-22,2,12,2,Chair,Furniture,South,4,150.0,0.05,90.0,600.0,570.0,360.0,210.0
O00774,2,2023-01-22,2,12,2,Chair,Furniture,South,1,150.0,0.1,90.0,150.0,135.0,90.0,45.0
O00774,3,2023-01-22,4,12,2,Mouse,Electronics,South,4,25.0,0.0,12.0,100.0,100.0,48.0,52.0
O00775,1,2023-01-23,3,68,2,Notebook,Stationery,South,4,5.0,0.05,2.0,20.0,19.0,8.0,11.0
O00775,2,2023-01-23,4,68,2,Mouse,Electronics,South,5,25.0,0.1,12.0,125.0,112.5,60.0,52.5
O00775,3,2023-01-23,3,68,2,Notebook,Stationery,South,2,5.0,0.15,2.0,10.0,8.5,4.0,4.5
O00776,1,2023-01-23,1,23,1,Laptop,Electronics,North,6,800.0,0.05,500.0,4800.0,4560.0,3000.0,1560.0
O00777,1,2023-01-24,1,33,3,Laptop,Electronics,East,6,800.0,0.15,500.0,4800.0,4080.0,3000.0,1080.0
O00778,1,2023-01-24,2,8,3,Chair,Furniture,East,1,150.0,0.1,90.0,150.0,135.0,90.0,45.0
O00779,1,2023-01-25,4,63,2,Mouse,Electronics,South,6,25.0,0.1,12.0,150.0,135.0,72.0,63.0
O00780,1,2023-01-25,2,10,1,Chair,Furniture,North,2,150.0,0.15,90.0,300.0,255.0,180.0,75.0
O00781,1,2023-01-26,3,48,4,Notebook,Stationery,West,6,5.0,0.05,2.0,30.0,28.5,12.0,16.5
O00782,1,2023-01-26,4,31,1,Mouse,Electronics,North,2,25.0,0.0,12.0,50.0,50.0,24.0,26.0
O00782,2,2023-01-26,2,31,1,Chair,Furniture,North,1,150.0,0.05,90.0,150.0,142.5,90.0,52.5
O00783,1,2023-01-27,2,14,3,Chair,Furniture,East,3,150.0,0.1,90.0,450.0,405.0,270.0,135.0
O00784,1,2023-01-27,2,28,2,Chair,Furniture,South,1,150.0,0.15,90.0,150.0,127.5,90.0,37.5
O00784,2,2023-01-27,4,28,2,Mouse,Electronics,South,1,25.0,0.05,12.0,25.0,23.75,12.0,11.75
O00784,3,2023-01-27,4,28,2,Mouse,Electronics,South,6,25.0,0.0,12.0,150.0,150.0,72.0,78.0
O00785,1,2023-01-28,4,31,1,Mouse,Electronics,North,2,25.0,0.0,12.0,50.0,50.0,24.0,26.0
O00786,1,2023-01-28,4,10,3,Mouse,Electronics,East,2,25.0,0.15,12.0,50.0,42.5,24.0,18.5
O00786,2,2023-01-28,3,10,3,Notebook,Stationery,East,4,5.0,0.05,2.0,20.0,19.0,8.0,11.0
O00787,1,2023-01-29,3,16,1,Notebook,Stationery,North,1,5.0,0.1,2.0,5.0,4.5,2.0,2.5
O00787,2,2023-01-29,4,16,1,Mouse,Electronics,North,6,25.0,0.0,12.0,150.0,150.0,72.0,78.0
O00788,1,2023-01-29,1,43,4,Laptop,Electronics,West,5,800.0,0.0,500.0,4000.0,4000.0,2500.0,1500.0
O00789,1,2023-01-30,3,11,4,Notebook,Stationery,West,2,5.0,0.0,2.0,10.0,10.0,4.0,6.0
O00789,2,2023-01-30,2,11,4,Chair,Furniture,West,6,150.0,0.0,90.0,900.0,900.0,540.0,360.0
O00789,3,2023-01-30,3,11,4,Notebook,Stationery,West,2,5.0,0.15,2.0,10.0,8.5,4.0,4.5
O00790,1,2023-01-30,2,59,2,Chair,Furniture,South,4,150.0,0.0,90.0,600.0,600.0,360.0,240.0
O00790,2,2023-01-30,3,59,2,Notebook,Stationery,South,5,5.0,0.15,2.0,25.0,21.25,10.0,11.25
O00790,3,2023-01-30,4,59,2,Mouse,Electronics,South,2,25.0,0.05,12.0,50.0,47.5,24.0,23.5
O00791,1,2023-01-31,4,26,1,Mouse,Electronics,North,4,25.0,0.15,12.0,100.0,85.0,48.0,37.0
O00791,2,2023-01-31,2,26,1,Chair,Furniture,North,3,150.0,0.1,90.0,450.0,405.0,270.0,135.0
O00792,1,2023-01-31,1,43,2,Laptop,Electronics,South,4,800.0,0.1,500.0,3200.0,2880.0,2000.0,880.0
O00792,2,2023-01-31,2,43,2,Chair,Furniture,South,5,150.0,0.0,90.0,750.0,750.0,450.0,300.0
O00793,1,2023-02-01,1,73,4,Laptop,Electronics,West,3,800.0,0.15,500.0,2400.0,2040.0,1500.0,540.0
O00793,2,2023-02-01,4,73,4,Mouse,Electronics,West,1,25.0,0.0,12.0,25.0,25.0,12.0,13.0
O00793,3,2023-02-01,2,73,4,Chair,Furniture,West,5,150.0,0.1,90.0,750.0,675.0,450.0,225.0
O00794,1,2023-02-01,3,38,4,Notebook,Stationery,West,5,5.0,0.15,2.0,25.0,21.25,10.0,11.25
O00794,2,2023-02-01,1,38,4,Laptop,Electronics,West,6,800.0,0.05,500.0,4800.0,4560.0,3000.0,1560.0
O00795,1,2023-02-02,4,71,4,Mouse,Electronics,West,1,25.0,0.0,12.0,25.0,25.0,12.0,13.0
O00796,1,2023-02-02,3,60,4,Notebook,Stationery,West,3,5.0,0.15,2.0,15.0,12.75,6.0,6.75
O00797,1,2023-02-03,3,41,4,Notebook,Stationery,West,4,5.0,0.0,2.0,20.0,20.0,8.0,12.0
O00797,2,2023-02-03,1,41,4,Laptop,Electronics,West,1,800.0,0.0,500.0,800.0,800.0,500.0,300.0
O00798,1,2023-02-03,1,33,1,Laptop,Electronics,North,1,800.0,0.1,500.0,800.0,720.0,500.0,220.0
O00798,2,2023-02-03,2,33,1,Chair,Furniture,North,2,150.0,0.15,90.0,300.0,255.0,180.0,75.0
O00798,3,2023-02-03,1,33,1,Laptop,Electronics,North,4,800.0,0.1,500.0,3200.0,2880.0,2000.0,880.0
O00799,1,2023-02-04,3,10,1,Notebook,Stationery,North,3,5.0,0.1,2.0,15.0,13.5,6.0,7.5
O00800,1,2023-02-04,4,35,1,Mouse,Electronics,North,1,25.0,0.15,12.0,25.0,21.25,12.0,9.25
O00800,2,2023-02-04,4,35,1,Mouse,Electronics,North,5,25.0,0.1,12.0,125.0,112.5,60.0,52.5
O00801,1,2023-02-05,3,53,2,Notebook,Stationery,South,6,5.0,0.05,2.0,30.0,28.5,12.0,16.5
O00801,2,2023-02-05,2,53,2,Chair,Furniture,South,3,150.0,0.05,90.0,450.0,427.5,270.0,157.5
O00802,1,2023-02-05,2,67,2,Chair,Furniture,South,2,150.0,0.05,90.0,300.0,285.0,180.0,105.0
O00802,2,2023-02-05,3,67,2,Notebook,Stationery,South,6,5.0,0.05,2.0,30.0,28.5,12.0,16.5
O00802,3,2023-02-05,3,67,2,Notebook,Stationery,South,1,5.0,0.1,2.0,5.0,4.5,2.0,2.5
O00803,1,2023-02-06,4,72,2,Mouse,Electronics,South,2,25.0,0.05,12.0,50.0,47.5,24.0,23.5
O00804,1,2023-02-06,3,13,3,Notebook,Stationery,East,1,5.0,0.05,2.0,5.0,4.75,2.0,2.75
O00805,1,2023-02-07,1,4,4,Laptop,Electronics,West,3,800.0,0.0,500.0,2400.0,2400.0,1500.0,900.0
O00805,2,2023-02-07,4,4,4,Mouse,Electronics,West,2,25.0,0.15,12.0,50.0,42.5,24.0,18.5
O00805,3,2023-02-07,1,4,4,Laptop,Electronics,West,1,800.0,0.15,500.0,800.0,680.0,500.0,180.0
O00806,1,2023-02-07,3,12,1,Notebook,Stationery,North,5,5.0,0.1,2.0,25.0,22.5,10.0,12.5
O00806,2,2023-02-07,1,12,1,Laptop,Electronics,North,4,800.0,0.0,500.0,3200.0,3200.0,2000.0,1200.0
O00807,1,2023-02-08,4,56,1,Mouse,Electronics,North,5,25.0,0.15,12.0,125.0,106.25,60.0,46.25
O00807,2,2023-02-08,1,56,1,Laptop,Electronics,North,1,800.0,0.0,500.0,800.0,800.0,500.0,300.0
O00808,1,2023-02-08,2,34,3,Chair,Furniture,East,1,150.0,0.1,90.0,150.0,135.0,90.0,45.0
O00809,1,2023-02-09,4,77,1,Mouse,Electronics,North,3,25.0,0.05,12.0,75.0,71.25,36.0,35.25
O00809,2,2023-02-09,1,77,1,Laptop,Electronics,North,2,800.0,0.1,500.0,1600.0,1440.0,1000.0,440.0
O00810,1,2023-02-09,4,46,3,Mouse,Electronics,East,4,25.0,0.05,12.0,100.0,95.0,48.0,47.0
O00810,2,2023-02-09,1,46,3,Laptop,Electronics,East,5,800.0,0.15,500.0,4000.0,3400.0,2500.0,900.0
O00811,1,2023-02-10,1,18,2,Laptop,Electronics,South,4,800.0,0.1,500.0,3200.0,2880.0,2000.0,880.0
O00811,2,2023-02-10,1,18,2,Laptop,Electronics,South,1,800.0,0.05,500.0,800.0,760.0,500.0,260.0
O00812,1,2023-02-10,2,50,2,Chair,Furniture,South,4,150.0,0.0,90.0,600.0,600.0,360.0,240.0
O00812,2,2023-02-10,4,50,2,Mouse,Electronics,South,1,25.0,0.0,12.0,25.0,25.0,12.0,13.0
O00813,1,2023-02-11,2,66,1,Chair,Furniture,North,3,150.0,0.0,90.0,450.0,450.0,270.0,180.0
O00814,1,2023-02-11,3,30,3,Notebook,Stationery,East,1,5.0,0.15,2.0,5.0,4.25,2.0,2.25
O00814,2,2023-02-11,1,30,3,Laptop,Electronics,East,5,800.0,0.0,500.0,4000.0,4000.0,2500.0,1500.0
O00814,3,2023-02-11,1,30,3,Laptop,Electronics,East,4,800.0,0.15,500.0,3200.0,2720.0,2000.0,720.0
O00815,1,2023-02-12,2,29,4,Chair,Furniture,West,6,150.0,0.0,90.0,900.0,900.0,540.0,360.0
O00815,2,2023-02-12,4,29,4,Mouse,Electronics,West,2,25.0,0.05,12.0,50.0,47.5,24.0,23.5
O00815,3,2023-02-12,2,29,4,Chair,Furniture,West,4,150.0,0.0,90.0,600.0,600.0,360.0,240.0
O00816,1,2023-02-12,2,57,2,Chair,Furniture,South,3,150.0,0.0,90.0,450.0,450.0,270.0,180.0
O00816,2,2023-02-12,4,57,2,Mouse,Electronics,South,1,25.0,0.1,12.0,25.0,22.5,12.0,10.5
O00816,3,2023-02-12,1,57,2,Laptop,Electronics,South,1,800.0,0.15,500.0,800.0,680.0,500.0,180.0
O00817,1,2023-02-13,2,31,2,Chair,Furniture,South,1,150.0,0.15,90.0,150.0,127.5,90.0,37.5
O00817,2,2023-02-13,3,31,2,Notebook,Stationery,South,4,5.0,0.15,2.0,20.0,17.0,8.0,9.0
O00817,3,2023-02-13,1,31,2,Laptop,Electronics,South,1,800.0,0.1,500.0,800.0,720.0,500.0,220.0
O00818,1,2023-02-13,4,18,2,Mouse,Electronics,South,1,25.0,0.1,12.0,25.0,22.5,12.0,10.5
O00819,1,2023-02-14,3,26,3,Notebook,Stationery,East,6,5.0,0.0,2.0,30.0,30.0,12.0,18.0
O00819,2,2023-02-14,4,26,3,Mouse,Electronics,East,4,25.0,0.0,12.0,100.0,100.0,48.0,52.0
O00819,3,2023-02-14,3,26,3,Notebook,Stationery,East,3,5.0,0.0,2.0,15.0,15.0,6.0,9.0
O00820,1,2023-02-14,1,9,3,Laptop,Electronics,East,1,800.0,0.15,500.0,800.0,680.0,500.0,180.0
O00821,1,2023-02-15,3,20,4,Notebook,Stationery,West,3,5.0,0.05,2.0,15.0,14.25,6.0,8.25
O00821,2,2023-02-15,4,20,4,Mouse,Electronics,West,2,25.0,0.0,12.0,50.0,50.0,24.0,26.0
O00822,1,2023-02-15,2,30,2,Chair,Furniture,South,3,150.0,0.0,90.0,450.0,450.0,270.0,180.0
O00822,2,2023-02-15,2,30,2,Chair,Furniture,South,1,150.0,0.05,90.0,150.0,142.5,90.0,52.5
O00822,3,2023-02-15,1,30,2,Laptop,Electronics,South,3,800.0,0.0,500.0,2400.0,2400.0,1500.0,900.0
O00823,1,2023-02-16,2,56,2,Chair,Furniture,South,3,150.0,0.0,90.0,450.0,450.0,270.0,180.0
O00823,2,2023-02-16,2,56,2,Chair,Furniture,South,6,150.0,0.05,90.0,900.0,855.0,540.0,315.0
O00823,3,2023-02-16,1,56,2,Laptop,Electronics,South,1,800.0,0.15,500.0,800.0,680.0,500.0,180.0
O00824,1,2023-02-16,2,11,3,Chair,Furniture,East,2,150.0,0.15,90.0,300.0,255.0,180.0,75.0
O00824,2,2023-02-16,1,11,3,Laptop,Electronics,East,3,800.0,0.15,500.0,2400.0,2040.0,1500.0,540.0
O00824,3,2023-02-16,4,11,3,Mouse,Electronics,East,2,25.0,0.15,12.0,50.0,42.5,24.0,18.5
O00825,1,2023-02-17,4,39,1,Mouse,Electronics,North,1,25.0,0.0,12.0,25.0,25.0,12.0,13.0
O00825,2,2023-02-17,1,39,1,Laptop,Electronics,North,3,800.0,0.15,500.0,2400.0,2040.0,1500.0,540.0
O00826,1,2023-02-17,3,73,1,Notebook,Stationery,North,3,5.0,0.0,2.0,15.0,15.0,6.0,9.0
O00827,1,2023-02-18,4,74,2,Mouse,Electronics,South,6,25.0,0.15,12.0,150.0,127.5,72.0,55.5
O00827,2,2023-02-18,1,74,2,Laptop,Electronics,South,3,800.0,0.15,500.0,2400.0,2040.0,1500.0,540.0
O00827,3,2023-02-18,1,74,2,Laptop,Electronics,South,1,800.0,0.1,500.0,800.0,720.0,500.0,220.0
O00828,1,2023-02-18,2,65,1,Chair,Furniture,North,6,150.0,0.1,90.0,900.0,810.0,540.0,270.0
O00828,2,2023-02-18,4,65,1,Mouse,Electronics,North,5,25.0,0.0,12.0,125.0,125.0,60.0,65.0
O00829,1,2023-02-19,1,59,4,Laptop,Electronics,West,2,800.0,0.15,500.0,1600.0,1360.0,1000.0,360.0
O00829,2,2023-02-19,2,59,4,Chair,Furniture,West,2,150.0,0.05,90.0,300.0,285.0,180.0,105.0
O00829,3,2023-02-19,1,59,4,Laptop,Electronics,West,2,800.0,0.15,500.0,1600.0,1360.0,1000.0,360.0
O00830,1,2023-02-19,2,31,1,Chair,Furniture,North,2,150.0,0.1,90.0,300.0,270.0,180.0,90.0
O00830,2,2023-02-19,1,31,1,Laptop,Electronics,North,2,800.0,0.0,500.0,1600.0,1600.0,1000.0,600.0
O00831,1,2023-02-20,1,59,3,Laptop,Electronics,East,2,800.0,0.1,500.0,1600.0,1440.0,1000.0,440.0
O00832,1,2023-02-20,3,66,1,Notebook,Stationery,North,4,5.0,0.0,2.0,20.0,20.0,8.0,12.0
O00832,2,2023-02-20,2,66,1,Chair,Furniture,North,3,150.0,0.05,90.0,450.0,427.5,270.0,157.5
O00832,3,2023-02-20,4,66,1,Mouse,Electronics,North,5,25.0,0.05,12.0,125.0,118.75,60.0,58.75
O00833,1,2023-02-21,1,32,4,Laptop,Electronics,West,5,800.0,0.15,500.0,4000.0,3400.0,2500.0,900.0
O00833,2,2023-02-21,1,32,4,Laptop,Electronics,West,4,800.0,0.1,500.0,3200.0,2880.0,2000.0,880.0
O00833,3,2023-02-21,3,32,4,Notebook,Stationery,West,6,5.0,0.1,2.0,30.0,27.0,12.0,15.0
O00834,1,2023-02-21,4,23,3,Mouse,Electronics,East,3,25.0,0.15,12.0,75.0,63.75,36.0,27.75
O00834,2,2023-02-21,1,23,3,Laptop,Electronics,East,3,800.0,0.0,500.0,2400.0,2400.0,1500.0,900.0
O00835,1,2023-02-22,4,48,2,Mouse,Electronics,South,6,25.0,0.1,12.0,150.0,135.0,72.0,63.0
O00835,2,2023-02-22,1,48,2,Laptop,Electronics,South,4,800.0,0.05,500.0,3200.0,3040.0,2000.0,1040.0
O00836,1,2023-02-22,4,4,2,Mouse,Electronics,South,1,25.0,0.15,12.0,25.0,21.25,12.0,9.25
O00836,2,2023-02-22,3,4,2,Notebook,Stationery,South,1,5.0,0.05,2.0,5.0,4.75,2.0,2.75
O00836,3,2023-02-22,2,4,2,Chair,Furniture,South,2,150.0,0.1,90.0,300.0,270.0,180.0,90.0
O00837,1,2023-02-23,1,48,3,Laptop,Electronics,East,3,800.0,0.1,500.0,2400.0,2160.0,1500.0,660.0
O00837,2,2023-02-23,3,48,3,Notebook,Stationery,East,4,5.0,0.0,2.0,20.0,20.0,8.0,12.0
O00837,3,2023-02-23,3,48,3,Notebook,Stationery,East,1,5.0,0.0,2.0,5.0,5.0,2.0,3.0
O00838,1,2023-02-23,2,10,4,Chair,Furniture,West,3,150.0,0.15,90.0,450.0,382.5,270.0,112.5
O00838,2,2023-02-23,2,10,4,Chair,Furniture,West,4,150.0,0.15,90.0,600.0,510.0,360.0,150.0
O00839,1,2023-02-24,1,5,1,Laptop,Electronics,North,4,800.0,0.05,500.0,3200.0,3040.0,2000.0,1040.0
O00839,2,2023-02-24,1,5,1,Laptop,Electronics,North,2,800.0,0.0,500.0,1600.0,1600.0,1000.0,600.0
O00840,1,2023-02-24,2,74,3,Chair,Furniture,East,5,150.0,0.0,90.0,750.0,750.0,450.0,300.0
O00840,2,2023-02-24,3,74,3,Notebook,Stationery,East,2,5.0,0.05,2.0,10.0,9.5,4.0,5.5
O00840,3,2023-02-24,1,74,3,Laptop,Electronics,East,1,800.0,0.15,500.0,800.0,680.0,500.0,180.0
O00841,1,2023-02-25,1,70,1,Laptop,Electronics,North,6,800.0,0.0,500.0,4800.0,4800.0,3000.0,1800.0
O00842,1,2023-02-25,2,57,2,Chair,Furniture,South,6,150.0,0.15,90.0,900.0,765.0,540.0,225.0
O00842,2,2023-02-25,2,57,2,Chair,Furniture,South,5,150.0,0.15,90.0,750.0,637.5,450.0,187.5
O00842,3,2023-02-25,4,57,2,Mouse,Electronics,South,3,25.0,0.05,12.0,75.0,71.25,36.0,35.25
O00843,1,2023-02-26,4,76,1,Mouse,Electronics,North,4,25.0,0.15,12.0,100.0,85.0,48.0,37.0
O00843,2,2023-02-26,2,76,1,Chair,Furniture,North,6,150.0,0.1,90.0,900.0,810.0,540.0,270.0
O00844,1,2023-02-26,1,56,3,Laptop,Electronics,East,1,800.0,0.05,500.0,800.0,760.0,500.0,260.0
O00844,2,2023-02-26,1,56,3,Laptop,Electronics,East,1,800.0,0.05,500.0,800.0,760.0,500.0,260.0
O00844,3,2023-02-26,4,56,3,Mouse,Electronics,East,4,25.0,0.0,12.0,100.0,100.0,48.0,52.0
O00845,1,2023-02-27,4,77,4,Mouse,Electronics,West,5,25.0,0.0,12.0,125.0,125.0,60.0,65.0
O00846,1,2023-02-27,3,8,1,Notebook,Stationery,North,2,5.0,0.1,2.0,10.0,9.0,4.0,5.0
O00847,1,2023-02-28,2,70,4,Chair,Furniture,West,4,150.0,0.1,90.0,600.0,540.0,360.0,180.0
O00847,2,2023-02-28,4,70,4,Mouse,Electronics,West,4,25.0,0.0,12.0,100.0,100.0,48.0,52.0
O00847,3,2023-02-28,2,70,4,Chair,Furniture,West,5,150.0,0.0,90.0,750.0,750.0,450.0,300.0
O00848,1,2023-02-28,4,72,3,Mouse,Electronics,East,5,25.0,0.0,12.0,125.0,125.0,60.0,65.0
O00849,1,2023-03-01,1,13,2,Laptop,Electronics,South,6,800.0,0.15,500.0,4800.0,4080.0,3000.0,1080.0
O00849,2,2023-03-01,2,13,2,Chair,Furniture,South,6,150.0,0.0,90.0,900.0,900.0,540.0,360.0
O00850,1,2023-03-01,1,37,2,Laptop,Electronics,South,5,800.0,0.05,500.0,4000.0,3800.0,2500.0,1300.0
O00850,2,2023-03-01,2,37,2,Chair,Furniture,South,3,150.0,0.05,90.0,450.0,427.5,270.0,157.5
O00851,1,2023-03-02,3,21,2,Notebook,Stationery,South,5,5.0,0.1,2.0,25.0,22.5,10.0,12.5
O00851,2,2023-03-02,4,21,2,Mouse,Electronics,South,5,25.0,0.05,12.0,125.0,118.75,60.0,58.75
O00852,1,2023-03-02,2,74,2,Chair,Furniture,South,5,150.0,0.1,90.0,750.0,675.0,450.0,225.0
O00853,1,2023-03-03,3,10,2,Notebook,Stationery,South,5,5.0,0.05,2.0,25.0,23.75,10.0,13.75
O00854,1,2023-03-03,2,25,1,Chair,Furniture,North,1,150.0,0.15,90.0,150.0,127.5,90.0,37.5
O00854,2,2023-03-03,3,25,1,Notebook,Stationery,North,5,5.0,0.15,2.0,25.0,21.25,10.0,11.25
O00855,1,2023-03-04,3,12,4,Notebook,Stationery,West,1,5.0,0.0,2.0,5.0,5.0,2.0,3.0
O00855,2,2023-03-04,2,12,4,Chair,Furniture,West,6,150.0,0.05,90.0,900.0,855.0,540.0,315.0
O00855,3,2023-03-04,1,12,4,Laptop,Electronics,West,1,800.0,0.0,500.0,800.0,800.0,500.0,300.0
O00856,1,2023-03-04,2,48,2,Chair,Furniture,South,2,150.0,0.1,90.0,300.0,270.0,180.0,90.0
O00856,2,2023-03-04,1,48,2,Laptop,Electronics,South,1,800.0,0.0,500.0,800.0,800.0,500.0,300.0
O00856,3,2023-03-04,2,48,2,Chair,Furniture,South,3,150.0,0.0,90.0,450.0,450.0,270.0,180.0
O00857,1,2023-03-05,2,21,4,Chair,Furniture,West,5,150.0,0.1,90.0,750.0,675.0,450.0,225.0
O00858,1,2023-03-05,2,8,1,Chair,Furniture,North,1,150.0,0.15,90.0,150.0,127.5,90.0,37.5
O00858,2,2023-03-05,3,8,1,Notebook,Stationery,North,6,5.0,0.15,2.0,30.0,25.5,12.0,13.5
O00858,3,2023-03-05,4,8,1,Mouse,Electronics,North,2,25.0,0.15,12.0,50.0,42.5,24.0,18.5
O00859,1,2023-03-06,2,31,1,Chair,Furniture,North,3,150.0,0.15,90.0,450.0,382.5,270.0,112.5
O00859,2,2023-03-06,2,31,1,Chair,Furniture,North,1,150.0,0.05,90.0,150.0,142.5,90.0,52.5
O00859,3,2023-03-06,4,31,1,Mouse,Electronics,North,2,25.0,0.0,12.0,50.0,50.0,24.0,26.0
O00860,1,2023-03-06,2,68,1,Chair,Furniture,North,4,150.0,0.1,90.0,600.0,540.0,360.0,180.0
O00860,2,2023-03-06,4,68,1,Mouse,Electronics,North,1,25.0,0.05,12.0,25.0,23.75,12.0,11.75
O00860,3,2023-03-06,4,68,1,Mouse,Electronics,North,1,25.0,0.15,12.0,25.0,21.25,12.0,9.25
O00861,1,2023-03-07,2,4,4,Chair,Furniture,West,4,150.0,0.15,90.0,600.0,510.0,360.0,150.0
O00862,1,2023-03-07,1,41,1,Laptop,Electronics,North,4,800.0,0.15,500.0,3200.0,2720.0,2000.0,720.0
O00862,2,2023-03-07,4,41,1,Mouse,Electronics,North,1,25.0,0.15,12.0,25.0,21.25,12.0,9.25
O00863,1,2023-03-08,4,79,3,Mouse,Electronics,East,3,25.0,0.0,12.0,75.0,75.0,36.0,39.0
O00863,2,2023-03-08,3,79,3,Notebook,Stationery,East,3,5.0,0.15,2.0,15.0,12.75,6.0,6.75
O00864,1,2023-03-08,2,68,1,Chair,Furniture,North,6,150.0,0.05,90.0,900.0,855.0,540.0,315.0
O00865,1,2023-03-09,3,73,1,Notebook,Stationery,North,1,5.0,0.0,2.0,5.0,5.0,2.0,3.0
O00865,2,2023-03-09,2,73,1,Chair,Furniture,North,4,150.0,0.1,90.0,600.0,540.0,360.0,180.0
O00865,3,2023-03-09,1,73,1,Laptop,Electronics,North,2,800.0,0.0,500.0,1600.0,1600.0,1000.0,600.0
O00866,1,2023-03-09,1,73,1,Laptop,Electronics,North,1,800.0,0.1,500.0,800.0,720.0,500.0,220.0
O00867,1,2023-03-10,2,45,3,Chair,Furniture,East,2,150.0,0.0,90.0,300.0,300.0,180.0,120.0
O00867,2,2023-03-10,4,45,3,Mouse,Electronics,East,2,25.0,0.15,12.0,50.0,42.5,24.0,18.5
O00868,1,2023-03-10,2,12,1,Chair,Furniture,North,4,150.0,0.1,90.0,600.0,540.0,360.0,180.0
O00868,2,2023-03-10,3,12,1,Notebook,Stationery,North,2,5.0,0.1,2.0,10.0,9.0,4.0,5.0
O00868,3,2023-03-10,2,12,1,Chair,Furniture,North,4,150.0,0.1,90.0,600.0,540.0,360.0,180.0
O00869,1,2023-03-11,1,48,2,Laptop,Electronics,South,6,800.0,0.1,500.0,4800.0,4320.0,3000.0,1320.0
O00869,2,2023-03-11,1,48,2,Laptop,Electronics,South,2,800.0,0.15,500.0,1600.0,1360.0,1000.0,360.0
O00869,3,2023-03-11,1,48,2,Laptop,Electronics,South,3,800.0,0.15,500.0,2400.0,2040.0,1500.0,540.0
O00870,1,2023-03-11,1,10,1,Laptop,Electronics,North,1,800.0,0.0,500.0,800.0,800.0,500.0,300.0
O00871,1,2023-03-12,2,71,2,Chair,Furniture,South,1,150.0,0.1,90.0,150.0,135.0,90.0,45.0
O00871,2,2023-03-12,1,71,2,Laptop,Electronics,South,6,800.0,0.0,500.0,4800.0,4800.0,3000.0,1800.0
O00872,1,2023-03-12,2,55,2,Chair,Furniture,South,1,150.0,0.1,90.0,150.0,135.0,90.0,45.0
O00873,1,2023-03-13,1,34,3,Laptop,Electronics,East,3,800.0,0.1,500.0,2400.0,2160.0,1500.0,660.0
O00874,1,2023-03-13,2,14,4,Chair,Furniture,West,2,150.0,0.05,90.0,300.0,285.0,180.0,105.0
O00874,2,2023-03-13,3,14,4,Notebook,Stationery,West,3,5.0,0.0,2.0,15.0,15.0,6.0,9.0
O00874,3,2023-03-13,1,14,4,Laptop,Electronics,West,6,800.0,0.0,500.0,4800.0,4800.0,3000.0,1800.0
O00875,1,2023-03-14,3,40,1,Notebook,Stationery,North,2,5.0,0.1,2.0,10.0,9.0,4.0,5.0
O00875,2,2023-03-14,1,40,1,Laptop,Electronics,North,5,800.0,0.05,500.0,4000.0,3800.0,2500.0,1300.0
O00875,3,2023-03-14,2,40,1,Chair,Furniture,North,5,150.0,0.15,90.0,750.0,637.5,450.0,187.5
O00876,1,2023-03-14,1,51,2,Laptop,Electronics,South,5,800.0,0.05,500.0,4000.0,3800.0,2500.0,1300.0
O00877,1,2023-03-15,2,55,3,Chair,Furniture,East,3,150.0,0.0,90.0,450.0,450.0,270.0,180.0
O00877,2,2023-03-15,1,55,3,Laptop,Electronics,East,1,800.0,0.1,500.0,800.0,720.0,500.0,220.0
O00878,1,2023-03-15,3,49,2,Notebook,Stationery,South,2,5.0,0.05,2.0,10.0,9.5,4.0,5.5
O00878,2,2023-03-15,2,49,2,Chair,Furniture,South,4,150.0,0.0,90.0,600.0,600.0,360.0,240.0
O00879,1,2023-03-16,1,6,1,Laptop,Electronics,North,5,800.0,0.1,500.0,4000.0,3600.0,2500.0,1100.0
O00880,1,2023-03-16,1,64,3,Laptop,Electronics,East,1,800.0,0.05,500.0,800.0,760.0,500.0,260.0
O00881,1,2023-03-17,3,51,1,Notebook,Stationery,North,3,5.0,0.15,2.0,15.0,12.75,6.0,6.75
O00881,2,2023-03-17,1,51,1,Laptop,Electronics,North,5,800.0,0.1,500.0,4000.0,3600.0,2500.0,1100.0
O00881,3,2023-03-17,2,51,1,Chair,Furniture,North,5,150.0,0.1,90.0,750.0,675.0,450.0,225.0
O00882,1,2023-03-17,2,51,3,Chair,Furniture,East,3,150.0,0.1,90.0,450.0,405.0,270.0,135.0
O00883,1,2023-03-18,4,54,4,Mouse,Electronics,West,4,25.0,0.0,12.0,100.0,100.0,48.0,52.0
O00884,1,2023-03-18,1,28,3,Laptop,Electronics,East,6,800.0,0.1,500.0,4800.0,4320.0,3000.0,1320.0
O00885,1,2023-03-19,4,38,2,Mouse,Electronics,South,5,25.0,0.1,12.0,125.0,112.5,60.0,52.5
O00885,2,2023-03-19,1,38,2,Laptop,Electronics,South,5,800.0,0.0,500.0,4000.0,4000.0,2500.0,1500.0
O00885,3,2023-03-19,3,38,2,Notebook,Stationery,South,6,5.0,0.05,2.0,30.0,28.5,12.0,16.5
O00886,1,2023-03-19,4,43,1,Mouse,Electronics,North,1,25.0,0.05,12.0,25.0,23.75,12.0,11.75
O00886,2,2023-03-19,2,43,1,Chair,Furniture,North,3,150.0,0.0,90.0,450.0,450.0,270.0,180.0
O00887,1,2023-03-20,1,62,4,Laptop,Electronics,West,3,800.0,0.05,500.0,2400.0,2280.0,1500.0,780.0
O00887,2,2023-03-20,3,62,4,Notebook,Stationery,West,6,5.0,0.1,2.0,30.0,27.0,12.0,15.0
O00887,3,2023-03-20,2,62,4,Chair,Furniture,West,5,150.0,0.15,90.0,750.0,637.5,450.0,187.5
O00888,1,2023-03-20,3,71,4,Notebook,Stationery,West,6,5.0,0.0,2.0,30.0,30.0,12.0,18.0
O00889,1,2023-03-21,4,33,3,Mouse,Electronics,East,2,25.0,0.15,12.0,50.0,42.5,24.0,18.5
O00890,1,2023-03-21,4,25,4,Mouse,Electronics,West,3,25.0,0.1,12.0,75.0,67.5,36.0,31.5
O00891,1,2023-03-22,3,11,1,Notebook,Stationery,North,1,5.0,0.15,2.0,5.0,4.25,2.0,2.25
O00891,2,2023-03-22,3,11,1,Notebook,Stationery,North,5,5.0,0.15,2.0,25.0,21.25,10.0,11.25
O00892,1,2023-03-22,3,16,1,Notebook,Stationery,North,5,5.0,0.05,2.0,25.0,23.75,10.0,13.75
O00893,1,2023-03-23,3,6,4,Notebook,Stationery,West,2,5.0,0.15,2.0,10.0,8.5,4.0,4.5
O00894,1,2023-03-23,1,77,3,Laptop,Electronics,East,1,800.0,0.05,500.0,800.0,760.0,500.0,260.0
O00894,2,2023-03-23,1,77,3,Laptop,Electronics,East,5,800.0,0.15,500.0,4000.0,3400.0,2500.0,900.0
O00895,1,2023-03-24,1,6,3,Laptop,Electronics,East,5,800.0,0.1,500.0,4000.0,3600.0,2500.0,1100.0
O00895,2,2023-03-24,4,6,3,Mouse,Electronics,East,1,25.0,0.0,12.0,25.0,25.0,12.0,13.0
O00896,1,2023-03-24,4,21,2,Mouse,Electronics,South,5,25.0,0.05,12.0,125.0,118.75,60.0,58.75
O00897,1,2023-03-25,3,62,2,Notebook,Stationery,South,5,5.0,0.15,2.0,25.0,21.25,10.0,11.25
O00897,2,2023-03-25,2,62,2,Chair,Furniture,South,6,150.0,0.0,90.0,900.0,900.0,540.0,360.0
O00897,3,2023-03-25,3,62,2,Notebook,Stationery,South,5,5.0,0.05,2.0,25.0,23.75,10.0,13.75
O00898,1,2023-03-25,2,63,1,Chair,Furniture,North,6,150.0,0.1,90.0,900.0,810.0,540.0,270.0
O00898,2,2023-03-25,1,63,1,Laptop,Electronics,North,5,800.0,0.1,500.0,4000.0,3600.0,2500.0,1100.0
O00898,3,2023-03-25,3,63,1,Notebook,Stationery,North,4,5.0,0.1,2.0,20.0,18.0,8.0,10.0
O00899,1,2023-03-26,4,5,3,Mouse,Electronics,East,5,25.0,0.1,12.0,125.0,112.5,60.0,52.5
O00899,2,2023-03-26,4,5,3,Mouse,Electronics,East,5,25.0,0.1,12.0,125.0,112.5,60.0,52.5
O00899,3,2023-03-26,3,5,3,Notebook,Stationery,East,6,5.0,0.0,2.0,30.0,30.0,12.0,18.0
O00900,1,2023-03-26,4,48,4,Mouse,Electronics,West,3,25.0,0.1,12.0,75.0,67.5,36.0,31.5
O00901,1,2023-03-27,4,6,1,Mouse,Electronics,North,2,25.0,0.15,12.0,50.0,42.5,24.0,18.5
O00901,2,2023-03-27,1,6,1,Laptop,Electronics,North,4,800.0,0.15,500.0,3200.0,2720.0,2000.0,720.0
O00902,1,2023-03-27,1,79,1,Laptop,Electronics,North,3,800.0,0.05,500.0,2400.0,2280.0,1500.0,780.0
O00902,2,2023-03-27,3,79,1,Notebook,Stationery,North,2,5.0,0.05,2.0,10.0,9.5,4.0,5.5
O00903,1,2023-03-28,3,21,3,Notebook,Stationery,East,1,5.0,0.15,2.0,5.0,4.25,2.0,2.25
O00903,2,2023-03-28,2,21,3,Chair,Furniture,East,4,150.0,0.1,90.0,600.0,540.0,360.0,180.0
O00904,1,2023-03-28,4,47,2,Mouse,Electronics,South,4,25.0,0.0,12.0,100.0,100.0,48.0,52.0
O00904,2,2023-03-28,4,47,2,Mouse,Electronics,South,6,25.0,0.05,12.0,150.0,142.5,72.0,70.5
O00905,1,2023-03-29,1,18,4,Laptop,Electronics,West,2,800.0,0.0,500.0,1600.0,1600.0,1000.0,600.0
O00906,1,2023-03-29,3,48,3,Notebook,Stationery,East,3,5.0,0.05,2.0,15.0,14.25,6.0,8.25
O00907,1,2023-03-30,1,73,4,Laptop,Electronics,West,3,800.0,0.0,500.0,2400.0,2400.0,1500.0,900.0
O00908,1,2023-03-30,1,1,2,Laptop,Electronics,South,4,800.0,0.0,500.0,3200.0,3200.0,2000.0,1200.0
O00909,1,2023-03-31,1,53,3,Laptop,Electronics,East,3,800.0,0.0,500.0,2400.0,2400.0,1500.0,900.0
O00909,2,2023-03-31,4,53,3,Mouse,Electronics,East,1,25.0,0.05,12.0,25.0,23.75,12.0,11.75
O00909,3,2023-03-31,4,53,3,Mouse,Electronics,East,1,25.0,0.0,12.0,25.0,25.0,12.0,13.0
O00910,1,2023-03-31,3,48,4,Notebook,Stationery,West,5,5.0,0.15,2.0,25.0,21.25,10.0,11.25
O00911,1,2023-04-01,3,41,2,Notebook,Stationery,South,5,5.0,0.05,2.0,25.0,23.75,10.0,13.75
O00911,2,2023-04-01,4,41,2,Mouse,Electronics,South,5,25.0,0.05,12.0,125.0,118.75,60.0,58.75
O00912,1,2023-04-01,1,30,3,Laptop,Electronics,East,2,800.0,0.15,500.0,1600.0,1360.0,1000.0,360.0
O00913,1,2023-04-02,3,47,4,Notebook,Stationery,West,1,5.0,0.1,2.0,5.0,4.5,2.0,2.5
O00913,2,2023-04-02,2,47,4,Chair,Furniture,West,5,150.0,0.05,90.0,750.0,712.5,450.0,262.5
O00913,3,2023-04-02,2,47,4,Chair,Furniture,West,2,150.0,0.1,90.0,300.0,270.0,180.0,90.0
O00914,1,2023-04-02,1,45,2,Laptop,Electronics,South,5,800.0,0.0,500.0,4000.0,4000.0,2500.0,1500.0
O00914,2,2023-04-02,4,45,2,Mouse,Electronics,South,5,25.0,0.1,12.0,125.0,112.5,60.0,52.5
O00915,1,2023-04-03,1,48,4,Laptop,Electronics,West,5,800.0,0.0,500.0,4000.0,4000.0,2500.0,1500.0
O00915,2,2023-04-03,3,48,4,Notebook,Stationery,West,5,5.0,0.05,2.0,25.0,23.75,10.0,13.75
O00916,1,2023-04-03,3,15,3,Notebook,Stationery,East,2,5.0,0.15,2.0,10.0,8.5,4.0,4.5
O00916,2,2023-04-03,3,15,3,Notebook,Stationery,East,2,5.0,0.15,2.0,10.0,8.5,4.0,4.5
O00917,1,2023-04-04,3,78,3,Notebook,Stationery,East,6,5.0,0.15,2.0,30.0,25.5,12.0,13.5
O00917,2,2023-04-04,4,78,3,Mouse,Electronics,East,5,25.0,0.1,12.0,125.0,112.5,60.0,52.5
O00918,1,2023-04-04,4,57,1,Mouse,Electronics,North,4,25.0,0.0,12.0,100.0,100.0,48.0,52.0
O00918,2,2023-04-04,4,57,1,Mouse,Electronics,North,4,25.0,0.1,12.0,100.0,90.0,48.0,42.0
O00919,1,2023-04-05,2,41,3,Chair,Furniture,East,2,150.0,0.1,90.0,300.0,270.0,180.0,90.0
O00919,2,2023-04-05,1,41,3,Laptop,Electronics,East,4,800.0,0.05,500.0,3200.0,3040.0,2000.0,1040.0
O00920,1,2023-04-05,1,35,1,Laptop,Electronics,North,2,800.0,0.05,500.0,1600.0,1520.0,1000.0,520.0
O00920,2,2023-04-05,3,35,1,Notebook,Stationery,North,4,5.0,0.0,2.0,20.0,20.0,8.0,12.0
O00921,1,2023-04-06,1,4,3,Laptop,Electronics,East,6,800.0,0.1,500.0,4800.0,4320.0,3000.0,1320.0
O00921,2,2023-04-06,1,4,3,Laptop,Electronics,East,1,800.0,0.0,500.0,800.0,800.0,500.0,300.0
O00921,3,2023-04-06,2,4,3,Chair,Furniture,East,5,150.0,0.0,90.0,750.0,750.0,450.0,300.0
O00922,1,2023-04-06,1,42,3,Laptop,Electronics,East,4,800.0,0.1,500.0,3200.0,2880.0,2000.0,880.0
O00922,2,2023-04-06,4,42,3,Mouse,Electronics,East,3,25.0,0.1,12.0,75.0,67.5,36.0,31.5
O00922,3,2023-04-06,2,42,3,Chair,Furniture,East,5,150.0,0.15,90.0,750.0,637.5,450.0,187.5
O00923,1,2023-04-07,2,1,4,Chair,Furniture,West,4,150.0,0.1,90.0,600.0,540.0,360.0,180.0
O00923,2,2023-04-07,4,1,4,Mouse,Electronics,West,4,25.0,0.0,12.0,100.0,100.0,48.0,52.0
O00923,3,2023-04-07,1,1,4,Laptop,Electronics,West,6,800.0,0.0,500.0,4800.0,4800.0,3000.0,1800.0
O00924,1,2023-04-07,4,41,2,Mouse,Electronics,South,5,25.0,0.0,12.0,125.0,125.0,60.0,65.0
O00924,2,2023-04-07,2,41,2,Chair,Furniture,South,5,150.0,0.05,90.0,750.0,712.5,450.0,262.5
O00924,3,2023-04-07,1,41,2,Laptop,Electronics,South,1,800.0,0.05,500.0,800.0,760.0,500.0,260.0
O00925,1,2023-04-08,4,35,2,Mouse,Electronics,South,2,25.0,0.0,12.0,50.0,50.0,24.0,26.0
O00926,1,2023-04-08,2,27,1,Chair,Furniture,North,2,150.0,0.05,90.0,300.0,285.0,180.0,105.0
O00927,1,2023-04-09,2,40,4,Chair,Furniture,West,2,150.0,0.05,90.0,300.0,285.0,180.0,105.0
O00927,2,2023-04-09,1,40,4,Laptop,Electronics,West,6,800.0,0.1,500.0,4800.0,4320.0,3000.0,1320.0
O00927,3,2023-04-09,2,40,4,Chair,Furniture,West,3,150.0,0.0,90.0,450.0,450.0,270.0,180.0
O00928,1,2023-04-09,3,60,1,Notebook,Stationery,North,6,5.0,0.0,2.0,30.0,30.0,12.0,18.0
O00929,1,2023-04-10,1,2,2,Laptop,Electronics,South,3,800.0,0.05,500.0,2400.0,2280.0,1500.0,780.0
O00930,1,2023-04-10,4,5,3,Mouse,Electronics,East,2,25.0,0.1,12.0,50.0,45.0,24.0,21.0
O00930,2,2023-04-10,1,5,3,Laptop,Electronics,East,3,800.0,0.15,500.0,2400.0,2040.0,1500.0,540.0
O00931,1,2023-04-11,3,22,1,Notebook,Stationery,North,5,5.0,0.0,2.0,25.0,25.0,10.0,15.0
O00932,1,2023-04-11,4,75,4,Mouse,Electronics,West,2,25.0,0.05,12.0,50.0,47.5,24.0,23.5
O00932,2,2023-04-11,1,75,4,Laptop,Electronics,West,6,800.0,0.1,500.0,4800.0,4320.0,3000.0,1320.0
O00932,3,2023-04-11,4,75,4,Mouse,Electronics,West,6,25.0,0.05,12.0,150.0,142.5,72.0,70.5
O00933,1,2023-04-12,4,68,1,Mouse,Electronics,North,4,25.0,0.05,12.0,100.0,95.0,48.0,47.0
O00934,1,2023-04-12,3,3,2,Notebook,Stationery,South,2,5.0,0.15,2.0,10.0,8.5,4.0,4.5
O00934,2,2023-04-12,4,3,2,Mouse,Electronics,South,1,25.0,0.1,12.0,25.0,22.5,12.0,10.5
O00934,3,2023-04-12,1,3,2,Laptop,Electronics,South,2,800.0,0.1,500.0,1600.0,1440.0,1000.0,440.0
O00935,1,2023-04-13,3,21,3,Notebook,Stationery,East,3,5.0,0.1,2.0,15.0,13.5,6.0,7.5
O00935,2,2023-04-13,1,21,3,Laptop,Electronics,East,5,800.0,0.15,500.0,4000.0,3400.0,2500.0,900.0
O00936,1,2023-04-13,2,2,3,Chair,Furniture,East,6,150.0,0.05,90.0,900.0,855.0,540.0,315.0
O00937,1,2023-04-14,1,23,1,Laptop,Electronics,North,2,800.0,0.15,500.0,1600.0,1360.0,1000.0,360.0
O00937,2,2023-04-14,1,23,1,Laptop,Electronics,North,3,800.0,0.15,500.0,2400.0,2040.0,1500.0,540.0
O00937,3,2023-04-14,2,23,1,Chair,Furniture,North,4,150.0,0.0,90.0,600.0,600.0,360.0,240.0
O00938,1,2023-04-14,4,7,2,Mouse,Electronics,South,6,25.0,0.1,12.0,150.0,135.0,72.0,63.0
O00938,2,2023-04-14,2,7,2,Chair,Furniture,South,2,150.0,0.15,90.0,300.0,255.0,180.0,75.0
O00939,1,2023-04-15,4,16,2,Mouse,Electronics,South,1,25.0,0.15,12.0,25.0,21.25,12.0,9.25
O00939,2,2023-04-15,3,16,2,Notebook,Stationery,South,2,5.0,0.0,2.0,10.0,10.0,4.0,6.0
O00940,1,2023-04-15,2,31,4,Chair,Furniture,West,1,150.0,0.1,90.0,150.0,135.0,90.0,45.0
O00941,1,2023-04-16,1,28,1,Laptop,Electronics,North,6,800.0,0.1,500.0,4800.0,4320.0,3000.0,1320.0
O00941,2,2023-04-16,4,28,1,Mouse,Electronics,North,2,25.0,0.1,12.0,50.0,45.0,24.0,21.0
O00941,3,2023-04-16,2,28,1,Chair,Furniture,North,6,150.0,0.0,90.0,900.0,900.0,540.0,360.0
O00942,1,2023-04-16,4,34,1,Mouse,Electronics,North,5,25.0,0.15,12.0,125.0,106.25,60.0,46.25
O00942,2,2023-04-16,1,34,1,Laptop,Electronics,North,4,800.0,0.1,500.0,3200.0,2880.0,2000.0,880.0
O00942,3,2023-04-16,4,34,1,Mouse,Electronics,North,2,25.0,0.0,12.0,50.0,50.0,24.0,26.0
O00943,1,2023-04-17,4,11,3,Mouse,Electronics,East,1,25.0,0.05,12.0,25.0,23.75,12.0,11.75
O00943,2,2023-04-17,2,11,3,Chair,Furniture,East,1,150.0,0.1,90.0,150.0,135.0,90.0,45.0
O00944,1,2023-04-17,2,5,3,Chair,Furniture,East,3,150.0,0.05,90.0,450.0,427.5,270.0,157.5
O00944,2,2023-04-17,3,5,3,Notebook,Stationery,East,2,5.0,0.05,2.0,10.0,9.5,4.0,5.5
O00945,1,2023-04-18,4,58,4,Mouse,Electronics,West,1,25.0,0.05,12.0,25.0,23.75,12.0,11.75
O00945,2,2023-04-18,2,58,4,Chair,Furniture,West,2,150.0,0.0,90.0,300.0,300.0,180.0,120.0
O00946,1,2023-04-18,1,57,4,Laptop,Electronics,West,1,800.0,0.15,500.0,800.0,680.0,500.0,180.0
O00946,2,2023-04-18,2,57,4,Chair,Furniture,West,4,150.0,0.05,90.0,600.0,570.0,360.0,210.0
O00946,3,2023-04-18,3,57,4,Notebook,Stationery,West,4,5.0,0.1,2.0,20.0,18.0,8.0,10.0
O00947,1,2023-04-19,1,19,2,Laptop,Electronics,South,3,800.0,0.05,500.0,2400.0,2280.0,1500.0,780.0
O00948,1,2023-04-19,1,6,1,Laptop,Electronics,North,5,800.0,0.15,500.0,4000.0,3400.0,2500.0,900.0
O00948,2,2023-04-19,4,6,1,Mouse,Electronics,North,5,25.0,0.1,12.0,125.0,112.5,60.0,52.5
O00949,1,2023-04-20,2,13,2,Chair,Furniture,South,3,150.0,0.0,90.0,450.0,450.0,270.0,180.0
O00950,1,2023-04-20,2,6,4,Chair,Furniture,West,4,150.0,0.05,90.0,600.0,570.0,360.0,210.0
O00951,1,2023-04-21,3,38,4,Notebook,Stationery,West,5,5.0,0.05,2.0,25.0,23.75,10.0,13.75
O00952,1,2023-04-21,2,69,4,Chair,Furniture,West,3,150.0,0.1,90.0,450.0,405.0,270.0,135.0
O00953,1,2023-04-22,1,65,4,Laptop,Electronics,West,2,800.0,0.15,500.0,1600.0,1360.0,1000.0,360.0
O00953,2,2023-04-22,4,65,4,Mouse,Electronics,West,6,25.0,0.1,12.0,150.0,135.0,72.0,63.0
O00954,1,2023-04-22,4,55,4,Mouse,Electronics,West,6,25.0,0.0,12.0,150.0,150.0,72.0,78.0
O00954,2,2023-04-22,2,55,4,Chair,Furniture,West,5,150.0,0.15,90.0,750.0,637.5,450.0,187.5
O00954,3,2023-04-22,3,55,4,Notebook,Stationery,West,5,5.0,0.1,2.0,25.0,22.5,10.0,12.5
O00955,1,2023-04-23,4,47,2,Mouse,Electronics,South,2,25.0,0.05,12.0,50.0,47.5,24.0,23.5
O00956,1,2023-04-23,2,39,4,Chair,Furniture,West,4,150.0,0.1,90.0,600.0,540.0,360.0,180.0
O00957,1,2023-04-24,3,75,2,Notebook,Stationery,South,1,5.0,0.05,2.0,5.0,4.75,2.0,2.75
O00957,2,2023-04-24,1,75,2,Laptop,Electronics,South,3,800.0,0.0,500.0,2400.0,2400.0,1500.0,900.0
O00957,3,2023-04-24,1,75,2,Laptop,Electronics,South,6,800.0,0.15,500.0,4800.0,4080.0,3000.0,1080.0
O00958,1,2023-04-24,1,19,1,Laptop,Electronics,North,1,800.0,0.0,500.0,800.0,800.0,500.0,300.0
O00959,1,2023-04-25,3,19,3,Notebook,Stationery,East,1,5.0,0.15,2.0,5.0,4.25,2.0,2.25
O00960,1,2023-04-25,1,41,3,Laptop,Electronics,East,4,800.0,0.1,500.0,3200.0,2880.0,2000.0,880.0
O00961,1,2023-04-26,4,32,3,Mouse,Electronics,East,6,25.0,0.15,12.0,150.0,127.5,72.0,55.5
O00961,2,2023-04-26,4,32,3,Mouse,Electronics,East,2,25.0,0.1,12.0,50.0,45.0,24.0,21.0
O00962,1,2023-04-26,4,55,2,Mouse,Electronics,South,5,25.0,0.15,12.0,125.0,106.25,60.0,46.25
O00962,2,2023-04-26,1,55,2,Laptop,Electronics,South,2,800.0,0.15,500.0,1600.0,1360.0,1000.0,360.0
O00962,3,2023-04-26,3,55,2,Notebook,Stationery,South,6,5.0,0.15,2.0,30.0,25.5,12.0,13.5
O00963,1,2023-04-27,3,51,2,Notebook,Stationery,South,3,5.0,0.1,2.0,15.0,13.5,6.0,7.5
O00964,1,2023-04-27,1,7,1,Laptop,Electronics,North,6,800.0,0.1,500.0,4800.0,4320.0,3000.0,1320.0
O00964,2,2023-04-27,2,7,1,Chair,Furniture,North,1,150.0,0.15,90.0,150.0,127.5,90.0,37.5
O00964,3,2023-04-27,1,7,1,Laptop,Electronics,North,5,800.0,0.0,500.0,4000.0,4000.0,2500.0,1500.0
O00965,1,2023-04-28,2,5,3,Chair,Furniture,East,6,150.0,0.1,90.0,900.0,810.0,540.0,270.0
O00965,2,2023-04-28,2,5,3,Chair,Furniture,East,5,150.0,0.15,90.0,750.0,637.5,450.0,187.5
O00965,3,2023-04-28,4,5,3,Mouse,Electronics,East,2,25.0,0.05,12.0,50.0,47.5,24.0,23.5
O00966,1,2023-04-28,2,56,1,Chair,Furniture,North,4,150.0,0.15,90.0,600.0,510.0,360.0,150.0
O00967,1,2023-04-29,1,10,1,Laptop,Electronics,North,5,800.0,0.1,500.0,4000.0,3600.0,2500.0,1100.0
O00968,1,2023-04-29,4,37,1,Mouse,Electronics,North,1,25.0,0.1,12.0,25.0,22.5,12.0,10.5
O00968,2,2023-04-29,1,37,1,Laptop,Electronics,North,5,800.0,0.0,500.0,4000.0,4000.0,2500.0,1500.0
O00969,1,2023-04-30,3,45,4,Notebook,Stationery,West,6,5.0,0.15,2.0,30.0,25.5,12.0,13.5
O00969,2,2023-04-30,2,45,4,Chair,Furniture,West,6,150.0,0.15,90.0,900.0,765.0,540.0,225.0
O00970,1,2023-04-30,2,62,2,Chair,Furniture,South,5,150.0,0.0,90.0,750.0,750.0,450.0,300.0
O00971,1,2023-05-01,2,41,3,Chair,Furniture,East,6,150.0,0.15,90.0,900.0,765.0,540.0,225.0
O00971,2,2023-05-01,4,41,3,Mouse,Electronics,East,2,25.0,0.15,12.0,50.0,42.5,24.0,18.5
O00972,1,2023-05-01,3,35,3,Notebook,Stationery,East,6,5.0,0.0,2.0,30.0,30.0,12.0,18.0
O00972,2,2023-05-01,2,35,3,Chair,Furniture,East,3,150.0,0.15,90.0,450.0,382.5,270.0,112.5
O00973,1,2023-05-02,3,1,3,Notebook,Stationery,East,3,5.0,0.15,2.0,15.0,12.75,6.0,6.75
O00973,2,2023-05-02,1,1,3,Laptop,Electronics,East,4,800.0,0.05,500.0,3200.0,3040.0,2000.0,1040.0
O00974,1,2023-05-02,2,37,1,Chair,Furniture,North,5,150.0,0.1,90.0,750.0,675.0,450.0,225.0
O00974,2,2023-05-02,4,37,1,Mouse,Electronics,North,6,25.0,0.1,12.0,150.0,135.0,72.0,63.0
O00975,1,2023-05-03,2,63,3,Chair,Furniture,East,6,150.0,0.1,90.0,900.0,810.0,540.0,270.0
O00975,2,2023-05-03,4,63,3,Mouse,Electronics,East,2,25.0,0.15,12.0,50.0,42.5,24.0,18.5
O00975,3,2023-05-03,3,63,3,Notebook,Stationery,East,1,5.0,0.05,2.0,5.0,4.75,2.0,2.75
O00976,1,2023-05-03,1,73,4,Laptop,Electronics,West,3,800.0,0.0,500.0,2400.0,2400.0,1500.0,900.0
O00976,2,2023-05-03,1,73,4,Laptop,Electronics,West,1,800.0,0.1,500.0,800.0,720.0,500.0,220.0
O00976,3,2023-05-03,2,73,4,Chair,Furniture,West,3,150.0,0.0,90.0,450.0,450.0,270.0,180.0
O00977,1,2023-05-04,4,24,2,Mouse,Electronics,South,6,25.0,0.05,12.0,150.0,142.5,72.0,70.5
O00978,1,2023-05-04,3,73,3,Notebook,Stationery,East,2,5.0,0.0,2.0,10.0,10.0,4.0,6.0
O00978,2,2023-05-04,4,73,3,Mouse,Electronics,East,4,25.0,0.0,12.0,100.0,100.0,48.0,52.0
O00978,3,2023-05-04,3,73,3,Notebook,Stationery,East,4,5.0,0.1,2.0,20.0,18.0,8.0,10.0
O00979,1,2023-05-05,2,64,4,Chair,Furniture,West,6,150.0,0.05,90.0,900.0,855.0,540.0,315.0
O00979,2,2023-05-05,4,64,4,Mouse,Electronics,West,3,25.0,0.05,12.0,75.0,71.25,36.0,35.25
O00980,1,2023-05-05,3,26,2,Notebook,Stationery,South,1,5.0,0.15,2.0,5.0,4.25,2.0,2.25
O00981,1,2023-05-06,4,76,3,Mouse,Electronics,East,1,25.0,0.0,12.0,25.0,25.0,12.0,13.0
O00981,2,2023-05-06,1,76,3,Laptop,Electronics,East,2,800.0,0.1,500.0,1600.0,1440.0,1000.0,440.0
O00981,3,2023-05-06,2,76,3,Chair,Furniture,East,3,150.0,0.0,90.0,450.0,450.0,270.0,180.0
O00982,1,2023-05-06,4,2,1,Mouse,Electronics,North,5,25.0,0.15,12.0,125.0,106.25,60.0,46.25
O00982,2,2023-05-06,3,2,1,Notebook,Stationery,North,3,5.0,0.15,2.0,15.0,12.75,6.0,6.75
O00982,3,2023-05-06,1,2,1,Laptop,Electronics,North,1,800.0,0.05,500.0,800.0,760.0,500.0,260.0
O00983,1,2023-05-07,3,13,2,Notebook,Stationery,South,3,5.0,0.0,2.0,15.0,15.0,6.0,9.0
O00983,2,2023-05-07,1,13,2,Laptop,Electronics,South,1,800.0,0.0,500.0,800.0,800.0,500.0,300.0
O00983,3,2023-05-07,2,13,2,Chair,Furniture,South,4,150.0,0.1,90.0,600.0,540.0,360.0,180.0
O00984,1,2023-05-07,4,32,3,Mouse,Electronics,East,2,25.0,0.05,12.0,50.0,47.5,24.0,23.5
O00984,2,2023-05-07,4,32,3,Mouse,Electronics,East,6,25.0,0.05,12.0,150.0,142.5,72.0,70.5
O00984,3,2023-05-07,4,32,3,Mouse,Electronics,East,4,25.0,0.1,12.0,100.0,90.0,48.0,42.0
O00985,1,2023-05-08,2,30,3,Chair,Furniture,East,6,150.0,0.1,90.0,900.0,810.0,540.0,270.0
O00986,1,2023-05-08,1,76,3,Laptop,Electronics,East,1,800.0,0.0,500.0,800.0,800.0,500.0,300.0
O00987,1,2023-05-09,2,52,3,Chair,Furniture,East,6,150.0,0.0,90.0,900.0,900.0,540.0,360.0
O00987,2,2023-05-09,3,52,3,Notebook,Stationery,East,3,5.0,0.15,2.0,15.0,12.75,6.0,6.75
O00988,1,2023-05-09,1,30,1,Laptop,Electronics,North,6,800.0,0.15,500.0,4800.0,4080.0,3000.0,1080.0
O00989,1,2023-05-10,4,46,3,Mouse,Electronics,East,5,25.0,0.0,12.0,125.0,125.0,60.0,65.0
O00990,1,2023-05-10,2,27,4,Chair,Furniture,West,6,150.0,0.05,90.0,900.0,855.0,540.0,315.0
O00990,2,2023-05-10,2,27,4,Chair,Furniture,West,4,150.0,0.05,90.0,600.0,570.0,360.0,210.0
O00991,1,2023-05-11,1,52,1,Laptop,Electronics,North,4,800.0,0.1,500.0,3200.0,2880.0,2000.0,880.0
O00991,2,2023-05-11,3,52,1,Notebook,Stationery,North,6,5.0,0.05,2.0,30.0,28.5,12.0,16.5
O00992,1,2023-05-11,3,26,1,Notebook,Stationery,North,5,5.0,0.1,2.0,25.0,22.5,10.0,12.5
O00993,1,2023-05-12,3,26,4,Notebook,Stationery,West,1,5.0,0.1,2.0,5.0,4.5,2.0,2.5
O00993,2,2023-05-12,4,26,4,Mouse,Electronics,West,6,25.0,0.0,12.0,150.0,150.0,72.0,78.0
O00994,1,2023-05-12,1,51,1,Laptop,Electronics,North,5,800.0,0.1,500.0,4000.0,3600.0,2500.0,1100.0
O00994,2,2023-05-12,2,51,1,Chair,Furniture,North,4,150.0,0.05,90.0,600.0,570.0,360.0,210.0
O00994,3,2023-05-12,1,51,1,Laptop,Electronics,North,4,800.0,0.0,500.0,3200.0,3200.0,2000.0,1200.0
O00995,1,2023-05-13,3,26,2,Notebook,Stationery,South,1,5.0,0.05,2.0,5.0,4.75,2.0,2.75
O00996,1,2023-05-13,2,59,4,Chair,Furniture,West,1,150.0,0.15,90.0,150.0,127.5,90.0,37.5
O00996,2,2023-05-13,3,59,4,Notebook,Stationery,West,3,5.0,0.05,2.0,15.0,14.25,6.0,8.25
O00997,1,2023-05-14,3,14,3,Notebook,Stationery,East,6,5.0,0.05,2.0,30.0,28.5,12.0,16.5
O00998,1,2023-05-14,3,10,2,Notebook,Stationery,South,6,5.0,0.1,2.0,30.0,27.0,12.0,15.0
O00999,1,2023-05-15,4,32,1,Mouse,Electronics,North,1,25.0,0.05,12.0,25.0,23.75,12.0,11.75
O01000,1,2023-05-15,1,18,1,Laptop,Electronics,North,2,800.0,0.15,500.0,1600.0,1360.0,1000.0,360.0
O01000,2,2023-05-15,3,18,1,Notebook,Stationery,North,2,5.0,0.15,2.0,10.0,8.5,4.0,4.5
O01001,1,2023-05-16,3,7,3,Notebook,Stationery,East,5,5.0,0.0,2.0,25.0,25.0,10.0,15.0
O01001,2,2023-05-16,3,7,3,Notebook,Stationery,East,6,5.0,0.1,2.0,30.0,27.0,12.0,15.0
O01002,1,2023-05-16,4,68,1,Mouse,Electronics,North,4,25.0,0.05,12.0,100.0,95.0,48.0,47.0
O01002,2,2023-05-16,4,68,1,Mouse,Electronics,North,5,25.0,0.15,12.0,125.0,106.25,60.0,46.25
O01002,3,2023-05-16,3,68,1,Notebook,Stationery,North,2,5.0,0.05,2.0,10.0,9.5,4.0,5.5
O01003,1,2023-05-17,1,31,4,Laptop,Electronics,West,5,800.0,0.05,500.0,4000.0,3800.0,2500.0,1300.0
O01003,2,2023-05-17,3,31,4,Notebook,Stationery,West,4,5.0,0.0,2.0,20.0,20.0,8.0,12.0
O01004,1,2023-05-17,3,56,1,Notebook,Stationery,North,5,5.0,0.0,2.0,25.0,25.0,10.0,15.0
O01004,2,2023-05-17,2,56,1,Chair,Furniture,North,1,150.0,0.0,90.0,150.0,150.0,90.0,60.0
O01005,1,2023-05-18,1,21,1,Laptop,Electronics,North,1,800.0,0.0,500.0,800.0,800.0,500.0,300.0
O01005,2,2023-05-18,2,21,1,Chair,Furniture,North,6,150.0,0.0,90.0,900.0,900.0,540.0,360.0
O01006,1,2023-05-18,1,37,4,Laptop,Electronics,West,1,800.0,0.15,500.0,800.0,680.0,500.0,180.0
O01007,1,2023-05-19,2,23,1,Chair,Furniture,North,6,150.0,0.1,90.0,900.0,810.0,540.0,270.0
O01007,2,2023-05-19,3,23,1,Notebook,Stationery,North,6,5.0,0.0,2.0,30.0,30.0,12.0,18.0
O01008,1,2023-05-19,2,23,2,Chair,Furniture,South,4,150.0,0.15,90.0,600.0,510.0,360.0,150.0
O01009,1,2023-05-20,2,43,4,Chair,Furniture,West,1,150.0,0.1,90.0,150.0,135.0,90.0,45.0
O01009,2,2023-05-20,2,43,4,Chair,Furniture,West,5,150.0,0.0,90.0,750.0,750.0,450.0,300.0
O01010,1,2023-05-20,2,28,2,Chair,Furniture,South,5,150.0,0.0,90.0,750.0,750.0,450.0,300.0
O01011,1,2023-05-21,4,51,3,Mouse,Electronics,East,3,25.0,0.0,12.0,75.0,75.0,36.0,39.0
O01011,2,2023-05-21,2,51,3,Chair,Furniture,East,1,150.0,0.15,90.0,150.0,127.5,90.0,37.5
O01012,1,2023-05-21,4,17,4,Mouse,Electronics,West,1,25.0,0.0,12.0,25.0,25.0,12.0,13.0
O01013,1,2023-05-22,4,8,3,Mouse,Electronics,East,6,25.0,0.15,12.0,150.0,127.5,72.0,55.5
O01013,2,2023-05-22,2,8,3,Chair,Furniture,East,6,150.0,0.05,90.0,900.0,855.0,540.0,315.0
O01014,1,2023-05-22,2,43,2,Chair,Furniture,South,2,150.0,0.1,90.0,300.0,270.0,180.0,90.0
O01015,1,2023-05-23,2,41,3,Chair,Furniture,East,5,150.0,0.15,90.0,750.0,637.5,450.0,187.5
O01015,2,2023-05-23,3,41,3,Notebook,Stationery,East,5,5.0,0.15,2.0,25.0,21.25,10.0,11.25
O01016,1,2023-05-23,3,79,4,Notebook,Stationery,West,3,5.0,0.0,2.0,15.0,15.0,6.0,9.0
O01016,2,2023-05-23,3,79,4,Notebook,Stationery,West,4,5.0,0.0,2.0,20.0,20.0,8.0,12.0
O01016,3,2023-05-23,2,79,4,Chair,Furniture,West,6,150.0,0.05,90.0,900.0,855.0,540.0,315.0
O01017,1,2023-05-24,1,79,4,Laptop,Electronics,West,3,800.0,0.05,500.0,2400.0,2280.0,1500.0,780.0
O01017,2,2023-05-24,3,79,4,Notebook,Stationery,West,6,5.0,0.05,2.0,30.0,28.5,12.0,16.5
O01018,1,2023-05-24,2,30,2,Chair,Furniture,South,6,150.0,0.05,90.0,900.0,855.0,540.0,315.0
O01018,2,2023-05-24,3,30,2,Notebook,Stationery,South,3,5.0,0.0,2.0,15.0,15.0,6.0,9.0
O01018,3,2023-05-24,4,30,2,Mouse,Electronics,South,6,25.0,0.15,12.0,150.0,127.5,72.0,55.5
O01019,1,2023-05-25,2,13,4,Chair,Furniture,West,2,150.0,0.05,90.0,300.0,285.0,180.0,105.0
O01020,1,2023-05-25,3,19,1,Notebook,Stationery,North,5,5.0,0.1,2.0,25.0,22.5,10.0,12.5
O01021,1,2023-05-26,1,21,2,Laptop,Electronics,South,4,800.0,0.1,500.0,3200.0,2880.0,2000.0,880.0
O01021,2,2023-05-26,3,21,2,Notebook,Stationery,South,5,5.0,0.1,2.0,25.0,22.5,10.0,12.5
O01021,3,2023-05-26,2,21,2,Chair,Furniture,South,4,150.0,0.05,90.0,600.0,570.0,360.0,210.0
O01022,1,2023-05-26,4,48,4,Mouse,Electronics,West,1,25.0,0.05,12.0,25.0,23.75,12.0,11.75
O01022,2,2023-05-26,4,48,4,Mouse,Electronics,West,3,25.0,0.15,12.0,75.0,63.75,36.0,27.75
O01023,1,2023-05-27,2,57,4,Chair,Furniture,West,3,150.0,0.15,90.0,450.0,382.5,270.0,112.5
O01023,2,2023-05-27,4,57,4,Mouse,Electronics,West,5,25.0,0.1,12.0,125.0,112.5,60.0,52.5
O01024,1,2023-05-27,3,66,4,Notebook,Stationery,West,2,5.0,0.05,2.0,10.0,9.5,4.0,5.5
O01024,2,2023-05-27,1,66,4,Laptop,Electronics,West,1,800.0,0.0,500.0,800.0,800.0,500.0,300.0
O01025,1,2023-05-28,2,52,1,Chair,Furniture,North,6,150.0,0.05,90.0,900.0,855.0,540.0,315.0
O01026,1,2023-05-28,1,62,2,Laptop,Electronics,South,2,800.0,0.05,500.0,1600.0,1520.0,1000.0,520.0
O01026,2,2023-05-28,4,62,2,Mouse,Electronics,South,1,25.0,0.05,12.0,25.0,23.75,12.0,11.75
O01026,3,2023-05-28,2,62,2,Chair,Furniture,South,3,150.0,0.05,90.0,450.0,427.5,270.0,157.5
O01027,1,2023-05-29,3,77,2,Notebook,Stationery,South,5,5.0,0.1,2.0,25.0,22.5,10.0,12.5
O01028,1,2023-05-29,3,32,2,Notebook,Stationery,South,2,5.0,0.15,2.0,10.0,8.5,4.0,4.5
O01028,2,2023-05-29,3,32,2,Notebook,Stationery,South,4,5.0,0.0,2.0,20.0,20.0,8.0,12.0
O01028,3,2023-05-29,3,32,2,Notebook,Stationery,South,2,5.0,0.05,2.0,10.0,9.5,4.0,5.5
O01029,1,2023-05-30,1,5,4,Laptop,Electronics,West,4,800.0,0.1,500.0,3200.0,2880.0,2000.0,880.0
O01030,1,2023-05-30,3,7,3,Notebook,Stationery,East,6,5.0,0.1,2.0,30.0,27.0,12.0,15.0
O01030,2,2023-05-30,4,7,3,Mouse,Electronics,East,1,25.0,0.05,12.0,25.0,23.75,12.0,11.75
O01031,1,2023-05-31,4,43,4,Mouse,Electronics,West,1,25.0,0.1,12.0,25.0,22.5,12.0,10.5
O01031,2,2023-05-31,4,43,4,Mouse,Electronics,West,2,25.0,0.15,12.0,50.0,42.5,24.0,18.5
O01031,3,2023-05-31,3,43,4,Notebook,Stationery,West,2,5.0,0.05,2.0,10.0,9.5,4.0,5.5
O01032,1,2023-05-31,4,29,3,Mouse,Electronics,East,5,25.0,0.15,12.0,125.0,106.25,60.0,46.25
O01033,1,2023-06-01,1,49,3,Laptop,Electronics,East,4,800.0,0.05,500.0,3200.0,3040.0,2000.0,1040.0
O01033,2,2023-06-01,4,49,3,Mouse,Electronics,East,3,25.0,0.0,12.0,75.0,75.0,36.0,39.0
O01034,1,2023-06-01,2,60,4,Chair,Furniture,West,1,150.0,0.05,90.0,150.0,142.5,90.0,52.5
O01034,2,2023-06-01,1,60,4,Laptop,Electronics,West,5,800.0,0.15,500.0,4000.0,3400.0,2500.0,900.0
O01035,1,2023-06-02,2,44,1,Chair,Furniture,North,5,150.0,0.1,90.0,750.0,675.0,450.0,225.0
O01035,2,2023-06-02,3,44,1,Notebook,Stationery,North,3,5.0,0.0,2.0,15.0,15.0,6.0,9.0
O01035,3,2023-06-02,2,44,1,Chair,Furniture,North,2,150.0,0.0,90.0,300.0,300.0,180.0,120.0
O01036,1,2023-06-02,1,21,3,Laptop,Electronics,East,5,800.0,0.1,500.0,4000.0,3600.0,2500.0,1100.0
O01037,1,2023-06-03,2,66,4,Chair,Furniture,West,6,150.0,0.15,90.0,900.0,765.0,540.0,225.0
O01037,2,2023-06-03,3,66,4,Notebook,Stationery,West,1,5.0,0.05,2.0,5.0,4.75,2.0,2.75
O01038,1,2023-06-03,3,14,3,Notebook,Stationery,East,1,5.0,0.1,2.0,5.0,4.5,2.0,2.5
O01039,1,2023-06-04,3,52,2,Notebook,Stationery,South,5,5.0,0.0,2.0,25.0,25.0,10.0,15.0
O01039,2,2023-06-04,4,52,2,Mouse,Electronics,South,5,25.0,0.15,12.0,125.0,106.25,60.0,46.25
O01040,1,2023-06-04,1,29,1,Laptop,Electronics,North,3,800.0,0.05,500.0,2400.0,2280.0,1500.0,780.0
O01040,2,2023-06-04,4,29,1,Mouse,Electronics,North,3,25.0,0.0,12.0,75.0,75.0,36.0,39.0
O01041,1,2023-06-05,1,63,3,Laptop,Electronics,East,2,800.0,0.05,500.0,1600.0,1520.0,1000.0,520.0
O01041,2,2023-06-05,4,63,3,Mouse,Electronics,East,6,25.0,0.15,12.0,150.0,127.5,72.0,55.5
O01042,1,2023-06-05,4,18,1,Mouse,Electronics,North,4,25.0,0.1,12.0,100.0,90.0,48.0,42.0
O01042,2,2023-06-05,4,18,1,Mouse,Electronics,North,2,25.0,0.0,12.0,50.0,50.0,24.0,26.0
O01042,3,2023-06-05,4,18,1,Mouse,Electronics,North,1,25.0,0.05,12.0,25.0,23.75,12.0,11.75
O01043,1,2023-06-06,4,61,1,Mouse,Electronics,North,3,25.0,0.15,12.0,75.0,63.75,36.0,27.75
O01043,2,2023-06-06,3,61,1,Notebook,Stationery,North,4,5.0,0.0,2.0,20.0,20.0,8.0,12.0
O01043,3,2023-06-06,2,61,1,Chair,Furniture,North,3,150.0,0.1,90.0,450.0,405.0,270.0,135.0
O01044,1,2023-06-06,4,55,1,Mouse,Electronics,North,6,25.0,0.05,12.0,150.0,142.5,72.0,70.5
O01044,2,2023-06-06,1,55,1,Laptop,Electronics,North,6,800.0,0.05,500.0,4800.0,4560.0,3000.0,1560.0
O01045,1,2023-06-07,1,74,2,Laptop,Electronics,South,5,800.0,0.15,500.0,4000.0,3400.0,2500.0,900.0
O01045,2,2023-06-07,4,74,2,Mouse,Electronics,South,5,25.0,0.15,12.0,125.0,106.25,60.0,46.25
O01045,3,2023-06-07,2,74,2,Chair,Furniture,South,2,150.0,0.1,90.0,300.0,270.0,180.0,90.0
O01046,1,2023-06-07,2,29,2,Chair,Furniture,South,6,150.0,0.1,90.0,900.0,810.0,540.0,270.0
O01047,1,2023-06-08,4,22,4,Mouse,Electronics,West,1,25.0,0.15,12.0,25.0,21.25,12.0,9.25
O01048,1,2023-06-08,3,3,4,Notebook,Stationery,West,4,5.0,0.05,2.0,20.0,19.0,8.0,11.0
O01048,2,2023-06-08,3,3,4,Notebook,Stationery,West,2,5.0,0.05,2.0,10.0,9.5,4.0,5.5
O01048,3,2023-06-08,3,3,4,Notebook,Stationery,West,4,5.0,0.15,2.0,20.0,17.0,8.0,9.0
O01049,1,2023-06-09,2,45,4,Chair,Furniture,West,4,150.0,0.1,90.0,600.0,540.0,360.0,180.0
O01050,1,2023-06-09,3,6,1,Notebook,Stationery,North,2,5.0,0.05,2.0,10.0,9.5,4.0,5.5
O01050,2,2023-06-09,2,6,1,Chair,Furniture,North,6,150.0,0.1,90.0,900.0,810.0,540.0,270.0
O01050,3,2023-06-09,2,6,1,Chair,Furniture,North,3,150.0,0.05,90.0,450.0,427.5,270.0,157.5
O01051,1,2023-06-10,2,67,3,Chair,Furniture,East,4,150.0,0.1,90.0,600.0,540.0,360.0,180.0
O01052,1,2023-06-10,4,55,3,Mouse,Electronics,East,5,25.0,0.1,12.0,125.0,112.5,60.0,52.5
O01052,2,2023-06-10,2,55,3,Chair,Furniture,East,5,150.0,0.05,90.0,750.0,712.5,450.0,262.5
O01053,1,2023-06-11,3,36,2,Notebook,Stationery,South,1,5.0,0.15,2.0,5.0,4.25,2.0,2.25
O01053,2,2023-06-11,3,36,2,Notebook,Stationery,South,4,5.0,0.1,2.0,20.0,18.0,8.0,10.0
O01053,3,2023-06-11,2,36,2,Chair,Furniture,South,1,150.0,0.05,90.0,150.0,142.5,90.0,52.5
O01054,1,2023-06-11,1,5,2,Laptop,Electronics,South,4,800.0,0.1,500.0,3200.0,2880.0,2000.0,880.0
O01055,1,2023-06-12,2,67,2,Chair,Furniture,South,3,150.0,0.0,90.0,450.0,450.0,270.0,180.0
O01055,2,2023-06-12,4,67,2,Mouse,Electronics,South,3,25.0,0.1,12.0,75.0,67.5,36.0,31.5
O01055,3,2023-06-12,3,67,2,Notebook,Stationery,South,5,5.0,0.0,2.0,25.0,25.0,10.0,15.0
O01056,1,2023-06-12,2,29,1,Chair,Furniture,North,4,150.0,0.15,90.0,600.0,510.0,360.0,150.0
O01056,2,2023-06-12,3,29,1,Notebook,Stationery,North,2,5.0,0.0,2.0,10.0,10.0,4.0,6.0
O01057,1,2023-06-13,3,37,2,Notebook,Stationery,South,1,5.0,0.1,2.0,5.0,4.5,2.0,2.5
O01057,2,2023-06-13,3,37,2,Notebook,Stationery,South,1,5.0,0.15,2.0,5.0,4.25,2.0,2.25
O01057,3,2023-06-13,3,37,2,Notebook,Stationery,South,2,5.0,0.05,2.0,10.0,9.5,4.0,5.5
O01058,1,2023-06-13,4,61,2,Mouse,Electronics,South,4,25.0,0.15,12.0,100.0,85.0,48.0,37.0
O01058,2,2023-06-13,3,61,2,Notebook,Stationery,South,5,5.0,0.1,2.0,25.0,22.5,10.0,12.5
O01059,1,2023-06-14,3,33,2,Notebook,Stationery,South,5,5.0,0.05,2.0,25.0,23.75,10.0,13.75
O01060,1,2023-06-14,1,48,1,Laptop,Electronics,North,3,800.0,0.1,500.0,2400.0,2160.0,1500.0,660.0
O01060,2,2023-06-14,3,48,1,Notebook,Stationery,North,1,5.0,0.0,2.0,5.0,5.0,2.0,3.0
O01061,1,2023-06-15,1,17,2,Laptop,Electronics,South,5,800.0,0.1,500.0,4000.0,3600.0,2500.0,1100.0
O01061,2,2023-06-15,2,17,2,Chair,Furniture,South,1,150.0,0.15,90.0,150.0,127.5,90.0,37.5
O01062,1,2023-06-15,4,60,3,Mouse,Electronics,East,4,25.0,0.0,12.0,100.0,100.0,48.0,52.0
O01062,2,2023-06-15,3,60,3,Notebook,Stationery,East,4,5.0,0.15,2.0,20.0,17.0,8.0,9.0
O01062,3,2023-06-15,2,60,3,Chair,Furniture,East,1,150.0,0.1,90.0,150.0,135.0,90.0,45.0
O01063,1,2023-06-16,2,51,1,Chair,Furniture,North,5,150.0,0.05,90.0,750.0,712.5,450.0,262.5
O01063,2,2023-06-16,1,51,1,Laptop,Electronics,North,5,800.0,0.05,500.0,4000.0,3800.0,2500.0,1300.0
O01064,1,2023-06-16,4,62,1,Mouse,Electronics,North,5,25.0,0.1,12.0,125.0,112.5,60.0,52.5
O01064,2,2023-06-16,3,62,1,Notebook,Stationery,North,1,5.0,0.1,2.0,5.0,4.5,2.0,2.5
O01064,3,2023-06-16,1,62,1,Laptop,Electronics,North,2,800.0,0.15,500.0,1600.0,1360.0,1000.0,360.0
O01065,1,2023-06-17,3,42,3,Notebook,Stationery,East,4,5.0,0.05,2.0,20.0,19.0,8.0,11.0
O01066,1,2023-06-17,3,33,4,Notebook,Stationery,West,4,5.0,0.0,2.0,20.0,20.0,8.0,12.0
O01066,2,2023-06-17,4,33,4,Mouse,Electronics,West,6,25.0,0.05,12.0,150.0,142.5,72.0,70.5
O01066,3,2023-06-17,2,33,4,Chair,Furniture,West,3,150.0,0.15,90.0,450.0,382.5,270.0,112.5
O01067,1,2023-06-18,4,31,1,Mouse,Electronics,North,1,25.0,0.0,12.0,25.0,25.0,12.0,13.0
O01068,1,2023-06-18,4,10,3,Mouse,Electronics,East,3,25.0,0.05,12.0,75.0,71.25,36.0,35.25
O01068,2,2023-06-18,2,10,3,Chair,Furniture,East,4,150.0,0.15,90.0,600.0,510.0,360.0,150.0
O01069,1,2023-06-19,2,63,3,Chair,Furniture,East,4,150.0,0.1,90.0,600.0,540.0,360.0,180.0
O01069,2,2023-06-19,3,63,3,Notebook,Stationery,East,3,5.0,0.15,2.0,15.0,12.75,6.0,6.75
O01070,1,2023-06-19,4,51,3,Mouse,Electronics,East,3,25.0,0.05,12.0,75.0,71.25,36.0,35.25
O01070,2,2023-06-19,3,51,3,Notebook,Stationery,East,6,5.0,0.0,2.0,30.0,30.0,12.0,18.0
O01071,1,2023-06-20,3,59,4,Notebook,Stationery,West,4,5.0,0.05,2.0,20.0,19.0,8.0,11.0
O01071,2,2023-06-20,4,59,4,Mouse,Electronics,West,6,25.0,0.05,12.0,150.0,142.5,72.0,70.5
O01072,1,2023-06-20,3,64,3,Notebook,Stationery,East,1,5.0,0.05,2.0,5.0,4.75,2.0,2.75
O01073,1,2023-06-21,1,72,1,Laptop,Electronics,North,4,800.0,0.0,500.0,3200.0,3200.0,2000.0,1200.0
O01073,2,2023-06-21,2,72,1,Chair,Furniture,North,2,150.0,0.1,90.0,300.0,270.0,180.0,90.0
O01074,1,2023-06-21,2,12,1,Chair,Furniture,North,2,150.0,0.05,90.0,300.0,285.0,180.0,105.0
O01074,2,2023-06-21,1,12,1,Laptop,Electronics,North,3,800.0,0.15,500.0,2400.0,2040.0,1500.0,540.0
O01075,1,2023-06-22,4,40,1,Mouse,Electronics,North,3,25.0,0.15,12.0,75.0,63.75,36.0,27.75
O01076,1,2023-06-22,3,57,4,Notebook,Stationery,West,5,5.0,0.0,2.0,25.0,25.0,10.0,15.0
O01076,2,2023-06-22,4,57,4,Mouse,Electronics,West,6,25.0,0.15,12.0,150.0,127.5,72.0,55.5
O01076,3,2023-06-22,3,57,4,Notebook,Stationery,West,6,5.0,0.05,2.0,30.0,28.5,12.0,16.5
O01077,1,2023-06-23,2,72,3,Chair,Furniture,East,2,150.0,0.0,90.0,300.0,300.0,180.0,120.0
O01078,1,2023-06-23,4,65,1,Mouse,Electronics,North,6,25.0,0.0,12.0,150.0,150.0,72.0,78.0
O01078,2,2023-06-23,3,65,1,Notebook,Stationery,North,5,5.0,0.15,2.0,25.0,21.25,10.0,11.25
O01078,3,2023-06-23,4,65,1,Mouse,Electronics,North,4,25.0,0.05,12.0,100.0,95.0,48.0,47.0
O01079,1,2023-06-24,2,56,2,Chair,Furniture,South,1,150.0,0.1,90.0,150.0,135.0,90.0,45.0
O01079,2,2023-06-24,4,56,2,Mouse,Electronics,South,4,25.0,0.15,12.0,100.0,85.0,48.0,37.0
O01080,1,2023-06-24,2,62,3,Chair,Furniture,East,4,150.0,0.0,90.0,600.0,600.0,360.0,240.0
O01081,1,2023-06-25,4,27,1,Mouse,Electronics,North,4,25.0,0.0,12.0,100.0,100.0,48.0,52.0
O01081,2,2023-06-25,3,27,1,Notebook,Stationery,North,1,5.0,0.05,2.0,5.0,4.75,2.0,2.75
O01082,1,2023-06-25,1,2,2,Laptop,Electronics,South,1,800.0,0.05,500.0,800.0,760.0,500.0,260.0
O01082,2,2023-06-25,1,2,2,Laptop,Electronics,South,5,800.0,0.15,500.0,4000.0,3400.0,2500.0,900.0
O01083,1,2023-06-26,2,34,3,Chair,Furniture,East,4,150.0,0.05,90.0,600.0,570.0,360.0,210.0
O01084,1,2023-06-26,4,77,2,Mouse,Electronics,South,6,25.0,0.1,12.0,150.0,135.0,72.0,63.0
O01084,2,2023-06-26,1,77,2,Laptop,Electronics,South,4,800.0,0.05,500.0,3200.0,3040.0,2000.0,1040.0
O01085,1,2023-06-27,3,64,2,Notebook,Stationery,South,3,5.0,0.1,2.0,15.0,13.5,6.0,7.5
O01085,2,2023-06-27,2,64,2,Chair,Furniture,South,4,150.0,0.1,90.0,600.0,540.0,360.0,180.0
O01085,3,2023-06-27,1,64,2,Laptop,Electronics,South,6,800.0,0.15,500.0,4800.0,4080.0,3000.0,1080.0
O01086,1,2023-06-27,3,59,4,Notebook,Stationery,West,1,5.0,0.1,2.0,5.0,4.5,2.0,2.5
O01086,2,2023-06-27,2,59,4,Chair,Furniture,West,6,150.0,0.0,90.0,900.0,900.0,540.0,360.0
O01086,3,2023-06-27,2,59,4,Chair,Furniture,West,4,150.0,0.05,90.0,600.0,570.0,360.0,210.0
O01087,1,2023-06-28,3,47,1,Notebook,Stationery,North,5,5.0,0.15,2.0,25.0,21.25,10.0,11.25
O01087,2,2023-06-28,2,47,1,Chair,Furniture,North,5,150.0,0.1,90.0,750.0,675.0,450.0,225.0
O01088,1,2023-06-28,4,38,3,Mouse,Electronics,East,1,25.0,0.1,12.0,25.0,22.5,12.0,10.5
O01089,1,2023-06-29,2,57,3,Chair,Furniture,East,3,150.0,0.05,90.0,450.0,427.5,270.0,157.5
O01090,1,2023-06-29,4,60,4,Mouse,Electronics,West,5,25.0,0.0,12.0,125.0,125.0,60.0,65.0
O01091,1,2023-06-30,3,51,3,Notebook,Stationery,East,2,5.0,0.15,2.0,10.0,8.5,4.0,4.5
O01091,2,2023-06-30,4,51,3,Mouse,Electronics,East,6,25.0,0.15,12.0,150.0,127.5,72.0,55.5
O01092,1,2023-06-30,4,40,1,Mouse,Electronics,North,2,25.0,0.0,12.0,50.0,50.0,24.0,26.0
O01093,1,2023-07-01,4,77,3,Mouse,Electronics,East,2,25.0,0.05,12.0,50.0,47.5,24.0,23.5
O01093,2,2023-07-01,4,77,3,Mouse,Electronics,East,4,25.0,0.1,12.0,100.0,90.0,48.0,42.0
O01094,1,2023-07-01,3,53,2,Notebook,Stationery,South,5,5.0,0.15,2.0,25.0,21.25,10.0,11.25
O01094,2,2023-07-01,2,53,2,Chair,Furniture,South,2,150.0,0.15,90.0,300.0,255.0,180.0,75.0
O01094,3,2023-07-01,3,53,2,Notebook,Stationery,South,4,5.0,0.0,2.0,20.0,20.0,8.0,12.0
O01095,1,2023-07-02,2,58,1,Chair,Furniture,North,2,150.0,0.1,90.0,300.0,270.0,180.0,90.0
O01096,1,2023-07-02,3,44,4,Notebook,Stationery,West,2,5.0,0.05,2.0,10.0,9.5,4.0,5.5
O01096,2,2023-07-02,2,44,4,Chair,Furniture,West,2,150.0,0.15,90.0,300.0,255.0,180.0,75.0
O01097,1,2023-07-03,2,30,3,Chair,Furniture,East,6,150.0,0.1,90.0,900.0,810.0,540.0,270.0
O01097,2,2023-07-03,1,30,3,Laptop,Electronics,East,1,800.0,0.1,500.0,800.0,720.0,500.0,220.0
O01098,1,2023-07-03,4,16,2,Mouse,Electronics,South,2,25.0,0.15,12.0,50.0,42.5,24.0,18.5
O01098,2,2023-07-03,2,16,2,Chair,Furniture,South,4,150.0,0.0,90.0,600.0,600.0,360.0,240.0
O01098,3,2023-07-03,2,16,2,Chair,Furniture,South,2,150.0,0.0,90.0,300.0,300.0,180.0,120.0
O01099,1,2023-07-04,4,20,4,Mouse,Electronics,West,4,25.0,0.1,12.0,100.0,90.0,48.0,42.0
O01100,1,2023-07-04,3,53,4,Notebook,Stationery,West,3,5.0,0.1,2.0,15.0,13.5,6.0,7.5
O01100,2,2023-07-04,2,53,4,Chair,Furniture,West,3,150.0,0.1,90.0,450.0,405.0,270.0,135.0
O01100,3,2023-07-04,3,53,4,Notebook,Stationery,West,6,5.0,0.0,2.0,30.0,30.0,12.0,18.0
O01101,1,2023-07-05,4,22,2,Mouse,Electronics,South,4,25.0,0.05,12.0,100.0,95.0,48.0,47.0
O01102,1,2023-07-05,2,69,4,Chair,Furniture,West,2,150.0,0.15,90.0,300.0,255.0,180.0,75.0
O01102,2,2023-07-05,2,69,4,Chair,Furniture,West,6,150.0,0.15,90.0,900.0,765.0,540.0,225.0
O01103,1,2023-07-06,1,70,3,Laptop,Electronics,East,1,800.0,0.0,500.0,800.0,800.0,500.0,300.0
O01103,2,2023-07-06,3,70,3,Notebook,Stationery,East,3,5.0,0.05,2.0,15.0,14.25,6.0,8.25
O01104,1,2023-07-06,3,47,3,Notebook,Stationery,East,3,5.0,0.0,2.0,15.0,15.0,6.0,9.0
O01104,2,2023-07-06,1,47,3,Laptop,Electronics,East,3,800.0,0.1,500.0,2400.0,2160.0,1500.0,660.0
O01105,1,2023-07-07,3,14,3,Notebook,Stationery,East,3,5.0,0.15,2.0,15.0,12.75,6.0,6.75
O01105,2,2023-07-07,2,14,3,Chair,Furniture,East,2,150.0,0.1,90.0,300.0,270.0,180.0,90.0
O01105,3,2023-07-07,2,14,3,Chair,Furniture,East,3,150.0,0.1,90.0,450.0,405.0,270.0,135.0
O01106,1,2023-07-07,3,33,2,Notebook,Stationery,South,4,5.0,0.0,2.0,20.0,20.0,8.0,12.0
O01106,2,2023-07-07,3,33,2,Notebook,Stationery,South,2,5.0,0.0,2.0,10.0,10.0,4.0,6.0
O01107,1,2023-07-08,2,64,1,Chair,Furniture,North,4,150.0,0.1,90.0,600.0,540.0,360.0,180.0
O01107,2,2023-07-08,1,64,1,Laptop,Electronics,North,2,800.0,0.0,500.0,1600.0,1600.0,1000.0,600.0
O01108,1,2023-07-08,3,6,2,Notebook,Stationery,South,5,5.0,0.05,2.0,25.0,23.75,10.0,13.75
O01109,1,2023-07-09,4,74,4,Mouse,Electronics,West,2,25.0,0.15,12.0,50.0,42.5,24.0,18.5
O01110,1,2023-07-09,3,64,2,Notebook,Stationery,South,5,5.0,0.1,2.0,25.0,22.5,10.0,12.5
O01110,2,2023-07-09,1,64,2,Laptop,Electronics,South,4,800.0,0.05,500.0,3200.0,3040.0,2000.0,1040.0
O01110,3,2023-07-09,2,64,2,Chair,Furniture,South,1,150.0,0.1,90.0,150.0,135.0,90.0,45.0
O01111,1,2023-07-10,3,29,3,Notebook,Stationery,East,4,5.0,0.05,2.0,20.0,19.0,8.0,11.0
O01111,2,2023-07-10,4,29,3,Mouse,Electronics,East,1,25.0,0.05,12.0,25.0,23.75,12.0,11.75
O01112,1,2023-07-10,4,35,2,Mouse,Electronics,South,1,25.0,0.1,12.0,25.0,22.5,12.0,10.5
O01112,2,2023-07-10,1,35,2,Laptop,Electronics,South,5,800.0,0.1,500.0,4000.0,3600.0,2500.0,1100.0
O01113,1,2023-07-11,4,42,3,Mouse,Electronics,East,4,25.0,0.15,12.0,100.0,85.0,48.0,37.0
O01114,1,2023-07-11,2,37,2,Chair,Furniture,South,6,150.0,0.0,90.0,900.0,900.0,540.0,360.0
O01114,2,2023-07-11,1,37,2,Laptop,Electronics,South,2,800.0,0.1,500.0,1600.0,1440.0,1000.0,440.0
O01114,3,2023-07-11,3,37,2,Notebook,Stationery,South,3,5.0,0.1,2.0,15.0,13.5,6.0,7.5
O01115,1,2023-07-12,1,4,1,Laptop,Electronics,North,6,800.0,0.1,500.0,4800.0,4320.0,3000.0,1320.0
O01116,1,2023-07-12,1,57,3,Laptop,Electronics,East,1,800.0,0.15,500.0,800.0,680.0,500.0,180.0
O01116,2,2023-07-12,3,57,3,Notebook,Stationery,East,5,5.0,0.05,2.0,25.0,23.75,10.0,13.75
O01117,1,2023-07-13,4,38,2,Mouse,Electronics,South,3,25.0,0.05,12.0,75.0,71.25,36.0,35.25
O01117,2,2023-07-13,3,38,2,Notebook,Stationery,South,1,5.0,0.05,2.0,5.0,4.75,2.0,2.75
O01118,1,2023-07-13,2,53,2,Chair,Furniture,South,6,150.0,0.1,90.0,900.0,810.0,540.0,270.0
O01119,1,2023-07-14,3,52,4,Notebook,Stationery,West,4,5.0,0.1,2.0,20.0,18.0,8.0,10.0
O01120,1,2023-07-14,1,62,2,Laptop,Electronics,South,4,800.0,0.0,500.0,3200.0,3200.0,2000.0,1200.0
O01120,2,2023-07-14,4,62,2,Mouse,Electronics,South,2,25.0,0.05,12.0,50.0,47.5,24.0,23.5
O01120,3,2023-07-14,1,62,2,Laptop,Electronics,South,5,800.0,0.05,500.0,4000.0,3800.0,2500.0,1300.0
O01121,1,2023-07-15,3,14,2,Notebook,Stationery,South,6,5.0,0.0,2.0,30.0,30.0,12.0,18.0
O01121,2,2023-07-15,2,14,2,Chair,Furniture,South,1,150.0,0.1,90.0,150.0,135.0,90.0,45.0
O01121,3,2023-07-15,2,14,2,Chair,Furniture,South,3,150.0,0.15,90.0,450.0,382.5,270.0,112.5
O01122,1,2023-07-15,4,67,3,Mouse,Electronics,East,6,25.0,0.1,12.0,150.0,135.0,72.0,63.0
O01122,2,2023-07-15,4,67,3,Mouse,Electronics,East,3,25.0,0.15,12.0,75.0,63.75,36.0,27.75
O01123,1,2023-07-16,3,40,4,Notebook,Stationery,West,5,5.0,0.0,2.0,25.0,25.0,10.0,15.0
O01124,1,2023-07-16,1,46,3,Laptop,Electronics,East,6,800.0,0.15,500.0,4800.0,4080.0,3000.0,1080.0
O01125,1,2023-07-17,1,31,2,Laptop,Electronics,South,5,800.0,0.1,500.0,4000.0,3600.0,2500.0,1100.0
O01125,2,2023-07-17,3,31,2,Notebook,Stationery,South,6,5.0,0.15,2.0,30.0,25.5,12.0,13.5
O01126,1,2023-07-17,4,48,2,Mouse,Electronics,South,2,25.0,0.15,12.0,50.0,42.5,24.0,18.5
O01127,1,2023-07-18,3,73,3,Notebook,Stationery,East,5,5.0,0.05,2.0,25.0,23.75,10.0,13.75
O01127,2,2023-07-18,1,73,3,Laptop,Electronics,East,6,800.0,0.0,500.0,4800.0,4800.0,3000.0,1800.0
O01128,1,2023-07-18,2,79,3,Chair,Furniture,East,1,150.0,0.15,90.0,150.0,127.5,90.0,37.5
O01128,2,2023-07-18,4,79,3,Mouse,Electronics,East,5,25.0,0.0,12.0,125.0,125.0,60.0,65.0
O01128,3,2023-07-18,4,79,3,Mouse,Electronics,East,2,25.0,0.15,12.0,50.0,42.5,24.0,18.5
O01129,1,2023-07-19,2,17,2,Chair,Furniture,South,2,150.0,0.0,90.0,300.0,300.0,180.0,120.0
O01129,2,2023-07-19,4,17,2,Mouse,Electronics,South,6,25.0,0.0,12.0,150.0,150.0,72.0,78.0
O01130,1,2023-07-19,4,49,2,Mouse,Electronics,South,3,25.0,0.15,12.0,75.0,63.75,36.0,27.75
O01130,2,2023-07-19,3,49,2,Notebook,Stationery,South,5,5.0,0.15,2.0,25.0,21.25,10.0,11.25
O01131,1,2023-07-20,3,36,4,Notebook,Stationery,West,5,5.0,0.0,2.0,25.0,25.0,10.0,15.0
O01131,2,2023-07-20,4,36,4,Mouse,Electronics,West,3,25.0,0.0,12.0,75.0,75.0,36.0,39.0
O01131,3,2023-07-20,4,36,4,Mouse,Electronics,West,6,25.0,0.0,12.0,150.0,150.0,72.0,78.0
O01132,1,2023-07-20,2,44,3,Chair,Furniture,East,6,150.0,0.15,90.0,900.0,765.0,540.0,225.0
O01133,1,2023-07-21,2,57,2,Chair,Furniture,South,4,150.0,0.05,90.0,600.0,570.0,360.0,210.0
O01133,2,2023-07-21,1,57,2,Laptop,Electronics,South,5,800.0,0.15,500.0,4000.0,3400.0,2500.0,900.0
O01133,3,2023-07-21,4,57,2,Mouse,Electronics,South,5,25.0,0.15,12.0,125.0,106.25,60.0,46.25
O01134,1,2023-07-21,3,12,2,Notebook,Stationery,South,4,5.0,0.0,2.0,20.0,20.0,8.0,12.0
O01134,2,2023-07-21,2,12,2,Chair,Furniture,South,2,150.0,0.1,90.0,300.0,270.0,180.0,90.0
O01135,1,2023-07-22,1,67,4,Laptop,Electronics,West,3,800.0,0.05,500.0,2400.0,2280.0,1500.0,780.0
O01135,2,2023-07-22,4,67,4,Mouse,Electronics,West,6,25.0,0.0,12.0,150.0,150.0,72.0,78.0
O01136,1,2023-07-22,2,72,1,Chair,Furniture,North,3,150.0,0.05,90.0,450.0,427.5,270.0,157.5
O01136,2,2023-07-22,4,72,1,Mouse,Electronics,North,1,25.0,0.1,12.0,25.0,22.5,12.0,10.5
O01137,1,2023-07-23,4,55,1,Mouse,Electronics,North,5,25.0,0.0,12.0,125.0,125.0,60.0,65.0
O01138,1,2023-07-23,3,25,1,Notebook,Stationery,North,3,5.0,0.1,2.0,15.0,13.5,6.0,7.5
O01138,2,2023-07-23,4,25,1,Mouse,Electronics,North,1,25.0,0.0,12.0,25.0,25.0,12.0,13.0
O01139,1,2023-07-24,3,19,4,Notebook,Stationery,West,1,5.0,0.05,2.0,5.0,4.75,2.0,2.75
O01139,2,2023-07-24,1,19,4,Laptop,Electronics,West,1,800.0,0.05,500.0,800.0,760.0,500.0,260.0
O01139,3,2023-07-24,2,19,4,Chair,Furniture,West,4,150.0,0.15,90.0,600.0,510.0,360.0,150.0
O01140,1,2023-07-24,3,32,3,Notebook,Stationery,East,6,5.0,0.1,2.0,30.0,27.0,12.0,15.0
O01141,1,2023-07-25,2,12,2,Chair,Furniture,South,6,150.0,0.0,90.0,900.0,900.0,540.0,360.0
O01141,2,2023-07-25,4,12,2,Mouse,Electronics,South,4,25.0,0.0,12.0,100.0,100.0,48.0,52.0
O01142,1,2023-07-25,1,42,3,Laptop,Electronics,East,6,800.0,0.1,500.0,4800.0,4320.0,3000.0,1320.0
O01142,2,2023-07-25,1,42,3,Laptop,Electronics,East,5,800.0,0.15,500.0,4000.0,3400.0,2500.0,900.0
O01142,3,2023-07-25,4,42,3,Mouse,Electronics,East,2,25.0,0.15,12.0,50.0,42.5,24.0,18.5
O01143,1,2023-07-26,4,11,4,Mouse,Electronics,West,2,25.0,0.15,12.0,50.0,42.5,24.0,18.5
O01143,2,2023-07-26,3,11,4,Notebook,Stationery,West,2,5.0,0.1,2.0,10.0,9.0,4.0,5.0
O01143,3,2023-07-26,3,11,4,Notebook,Stationery,West,1,5.0,0.15,2.0,5.0,4.25,2.0,2.25
O01144,1,2023-07-26,1,78,1,Laptop,Electronics,North,6,800.0,0.15,500.0,4800.0,4080.0,3000.0,1080.0
O01144,2,2023-07-26,2,78,1,Chair,Furniture,North,2,150.0,0.1,90.0,300.0,270.0,180.0,90.0
O01145,1,2023-07-27,2,68,1,Chair,Furniture,North,4,150.0,0.15,90.0,600.0,510.0,360.0,150.0
O01145,2,2023-07-27,3,68,1,Notebook,Stationery,North,4,5.0,0.05,2.0,20.0,19.0,8.0,11.0
O01145,3,2023-07-27,2,68,1,Chair,Furniture,North,6,150.0,0.0,90.0,900.0,900.0,540.0,360.0
O01146,1,2023-07-27,1,69,3,Laptop,Electronics,East,1,800.0,0.05,500.0,800.0,760.0,500.0,260.0
O01147,1,2023-07-28,3,79,1,Notebook,Stationery,North,6,5.0,0.05,2.0,30.0,28.5,12.0,16.5
O01147,2,2023-07-28,1,79,1,Laptop,Electronics,North,1,800.0,0.1,500.0,800.0,720.0,500.0,220.0
O01147,3,2023-07-28,2,79,1,Chair,Furniture,North,1,150.0,0.05,90.0,150.0,142.5,90.0,52.5
O01148,1,2023-07-28,2,16,3,Chair,Furniture,East,2,150.0,0.1,90.0,300.0,270.0,180.0,90.0
O01148,2,2023-07-28,4,16,3,Mouse,Electronics,East,2,25.0,0.05,12.0,50.0,47.5,24.0,23.5
O01149,1,2023-07-29,3,8,1,Notebook,Stationery,North,1,5.0,0.1,2.0,5.0,4.5,2.0,2.5
O01150,1,2023-07-29,3,6,3,Notebook,Stationery,East,1,5.0,0.15,2.0,5.0,4.25,2.0,2.25
O01150,2,2023-07-29,3,6,3,Notebook,Stationery,East,4,5.0,0.15,2.0,20.0,17.0,8.0,9.0
O01150,3,2023-07-29,2,6,3,Chair,Furniture,East,5,150.0,0.05,90.0,750.0,712.5,450.0,262.5
O01151,1,2023-07-30,2,74,4,Chair,Furniture,West,1,150.0,0.05,90.0,150.0,142.5,90.0,52.5
O01151,2,2023-07-30,1,74,4,Laptop,Electronics,West,4,800.0,0.1,500.0,3200.0,2880.0,2000.0,880.0
O01151,3,2023-07-30,1,74,4,Laptop,Electronics,West,4,800.0,0.1,500.0,3200.0,2880.0,2000.0,880.0
O01152,1,2023-07-30,4,62,4,Mouse,Electronics,West,3,25.0,0.0,12.0,75.0,75.0,36.0,39.0
O01152,2,2023-07-30,4,62,4,Mouse,Electronics,West,2,25.0,0.1,12.0,50.0,45.0,24.0,21.0
O01153,1,2023-07-31,4,7,3,Mouse,Electronics,East,6,25.0,0.05,12.0,150.0,142.5,72.0,70.5
O01154,1,2023-07-31,1,38,1,Laptop,Electronics,North,2,800.0,0.05,500.0,1600.0,1520.0,1000.0,520.0
O01155,1,2023-08-01,3,42,1,Notebook,Stationery,North,4,5.0,0.0,2.0,20.0,20.0,8.0,12.0
O01155,2,2023-08-01,1,42,1,Laptop,Electronics,North,3,800.0,0.15,500.0,2400.0,2040.0,1500.0,540.0
O01156,1,2023-08-01,1,32,3,Laptop,Electronics,East,4,800.0,0.15,500.0,3200.0,2720.0,2000.0,720.0
O01157,1,2023-08-02,2,63,2,Chair,Furniture,South,5,150.0,0.0,90.0,750.0,750.0,450.0,300.0
O01157,2,2023-08-02,1,63,2,Laptop,Electronics,South,3,800.0,0.1,500.0,2400.0,2160.0,1500.0,660.0
O01157,3,2023-08-02,1,63,2,Laptop,Electronics,South,6,800.0,0.15,500.0,4800.0,4080.0,3000.0,1080.0
O01158,1,2023-08-02,2,69,1,Chair,Furniture,North,1,150.0,0.15,90.0,150.0,127.5,90.0,37.5
O01158,2,2023-08-02,3,69,1,Notebook,Stationery,North,3,5.0,0.05,2.0,15.0,14.25,6.0,8.25
O01159,1,2023-08-03,2,53,2,Chair,Furniture,South,5,150.0,0.05,90.0,750.0,712.5,450.0,262.5
O01159,2,2023-08-03,4,53,2,Mouse,Electronics,South,6,25.0,0.1,12.0,150.0,135.0,72.0,63.0
O01160,1,2023-08-03,1,30,1,Laptop,Electronics,North,4,800.0,0.1,500.0,3200.0,2880.0,2000.0,880.0
O01160,2,2023-08-03,4,30,1,Mouse,Electronics,North,3,25.0,0.0,12.0,75.0,75.0,36.0,39.0
O01161,1,2023-08-04,4,62,3,Mouse,Electronics,East,3,25.0,0.05,12.0,75.0,71.25,36.0,35.25
O01162,1,2023-08-04,1,59,4,Laptop,Electronics,West,2,800.0,0.0,500.0,1600.0,1600.0,1000.0,600.0
O01162,2,2023-08-04,2,59,4,Chair,Furniture,West,1,150.0,0.15,90.0,150.0,127.5,90.0,37.5
O01162,3,2023-08-04,3,59,4,Notebook,Stationery,West,1,5.0,0.15,2.0,5.0,4.25,2.0,2.25
O01163,1,2023-08-05,2,45,4,Chair,Furniture,West,1,150.0,0.0,90.0,150.0,150.0,90.0,60.0
O01163,2,2023-08-05,2,45,4,Chair,Furniture,West,3,150.0,0.05,90.0,450.0,427.5,270.0,157.5
O01163,3,2023-08-05,4,45,4,Mouse,Electronics,West,5,25.0,0.0,12.0,125.0,125.0,60.0,65.0
O01164,1,2023-08-05,3,4,4,Notebook,Stationery,West,1,5.0,0.15,2.0,5.0,4.25,2.0,2.25
O01164,2,2023-08-05,2,4,4,Chair,Furniture,West,1,150.0,0.1,90.0,150.0,135.0,90.0,45.0
O01164,3,2023-08-05,3,4,4,Notebook,Stationery,West,6,5.0,0.1,2.0,30.0,27.0,12.0,15.0
O01165,1,2023-08-06,4,10,4,Mouse,Electronics,West,4,25.0,0.15,12.0,100.0,85.0,48.0,37.0
O01165,2,2023-08-06,3,10,4,Notebook,Stationery,West,5,5.0,0.0,2.0,25.0,25.0,10.0,15.0
O01165,3,2023-08-06,1,10,4,Laptop,Electronics,West,5,800.0,0.05,500.0,4000.0,3800.0,2500.0,1300.0
O01166,1,2023-08-06,3,53,1,Notebook,Stationery,North,4,5.0,0.1,2.0,20.0,18.0,8.0,10.0
O01167,1,2023-08-07,1,26,1,Laptop,Electronics,North,3,800.0,0.0,500.0,2400.0,2400.0,1500.0,900.0
O01168,1,2023-08-07,4,21,3,Mouse,Electronics,East,3,25.0,0.1,12.0,75.0,67.5,36.0,31.5
O01169,1,2023-08-08,1,68,4,Laptop,Electronics,West,2,800.0,0.0,500.0,1600.0,1600.0,1000.0,600.0
O01169,2,2023-08-08,1,68,4,Laptop,Electronics,West,3,800.0,0.1,500.0,2400.0,2160.0,1500.0,660.0
O01170,1,2023-08-08,3,45,3,Notebook,Stationery,East,6,5.0,0.05,2.0,30.0,28.5,12.0,16.5
O01171,1,2023-08-09,2,80,3,Chair,Furniture,East,2,150.0,0.05,90.0,300.0,285.0,180.0,105.0
O01171,2,2023-08-09,2,80,3,Chair,Furniture,East,1,150.0,0.1,90.0,150.0,135.0,90.0,45.0
O01172,1,2023-08-09,3,5,4,Notebook,Stationery,West,1,5.0,0.05,2.0,5.0,4.75,2.0,2.75
O01172,2,2023-08-09,1,5,4,Laptop,Electronics,West,4,800.0,0.1,500.0,3200.0,2880.0,2000.0,880.0
O01173,1,2023-08-10,4,33,2,Mouse,Electronics,South,3,25.0,0.05,12.0,75.0,71.25,36.0,35.25
O01174,1,2023-08-10,4,50,3,Mouse,Electronics,East,2,25.0,0.1,12.0,50.0,45.0,24.0,21.0
O01174,2,2023-08-10,1,50,3,Laptop,Electronics,East,6,800.0,0.15,500.0,4800.0,4080.0,3000.0,1080.0
O01175,1,2023-08-11,4,65,2,Mouse,Electronics,South,4,25.0,0.15,12.0,100.0,85.0,48.0,37.0
O01176,1,2023-08-11,1,12,3,Laptop,Electronics,East,1,800.0,0.0,500.0,800.0,800.0,500.0,300.0
O01177,1,2023-08-12,1,67,2,Laptop,Electronics,South,2,800.0,0.15,500.0,1600.0,1360.0,1000.0,360.0
O01177,2,2023-08-12,4,67,2,Mouse,Electronics,South,3,25.0,0.1,12.0,75.0,67.5,36.0,31.5
O01178,1,2023-08-12,1,18,2,Laptop,Electronics,South,1,800.0,0.0,500.0,800.0,800.0,500.0,300.0
O01178,2,2023-08-12,1,18,2,Laptop,Electronics,South,5,800.0,0.15,500.0,4000.0,3400.0,2500.0,900.0
O01178,3,2023-08-12,2,18,2,Chair,Furniture,South,6,150.0,0.15,90.0,900.0,765.0,540.0,225.0
O01179,1,2023-08-13,3,55,4,Notebook,Stationery,West,5,5.0,0.05,2.0,25.0,23.75,10.0,13.75
O01179,2,2023-08-13,1,55,4,Laptop,Electronics,West,3,800.0,0.1,500.0,2400.0,2160.0,1500.0,660.0
O01180,1,2023-08-13,1,48,2,Laptop,Electronics,South,5,800.0,0.05,500.0,4000.0,3800.0,2500.0,1300.0
O01180,2,2023-08-13,3,48,2,Notebook,Stationery,South,3,5.0,0.15,2.0,15.0,12.75,6.0,6.75
O01181,1,2023-08-14,3,61,2,Notebook,Stationery,South,2,5.0,0.05,2.0,10.0,9.5,4.0,5.5
O01181,2,2023-08-14,2,61,2,Chair,Furniture,South,6,150.0,0.05,90.0,900.0,855.0,540.0,315.0
O01182,1,2023-08-14,2,57,1,Chair,Furniture,North,5,150.0,0.15,90.0,750.0,637.5,450.0,187.5
O01182,2,2023-08-14,1,57,1,Laptop,Electronics,North,3,800.0,0.05,500.0,2400.0,2280.0,1500.0,780.0
O01182,3,2023-08-14,3,57,1,Notebook,Stationery,North,6,5.0,0.05,2.0,30.0,28.5,12.0,16.5
O01183,1,2023-08-15,3,71,4,Notebook,Stationery,West,1,5.0,0.1,2.0,5.0,4.5,2.0,2.5
O01184,1,2023-08-15,2,59,3,Chair,Furniture,East,1,150.0,0.1,90.0,150.0,135.0,90.0,45.0
O01184,2,2023-08-15,1,59,3,Laptop,Electronics,East,5,800.0,0.1,500.0,4000.0,3600.0,2500.0,1100.0
O01185,1,2023-08-16,1,60,1,Laptop,Electronics,North,5,800.0,0.0,500.0,4000.0,4000.0,2500.0,1500.0
O01185,2,2023-08-16,1,60,1,Laptop,Electronics,North,3,800.0,0.1,500.0,2400.0,2160.0,1500.0,660.0
O01185,3,2023-08-16,2,60,1,Chair,Furniture,North,3,150.0,0.0,90.0,450.0,450.0,270.0,180.0
O01186,1,2023-08-16,4,31,3,Mouse,Electronics,East,2,25.0,0.15,12.0,50.0,42.5,24.0,18.5
O01186,2,2023-08-16,2,31,3,Chair,Furniture,East,1,150.0,0.05,90.0,150.0,142.5,90.0,52.5
O01187,1,2023-08-17,2,11,4,Chair,Furniture,West,6,150.0,0.0,90.0,900.0,900.0,540.0,360.0
O01187,2,2023-08-17,3,11,4,Notebook,Stationery,West,1,5.0,0.0,2.0,5.0,5.0,2.0,3.0
O01187,3,2023-08-17,3,11,4,Notebook,Stationery,West,6,5.0,0.05,2.0,30.0,28.5,12.0,16.5
O01188,1,2023-08-17,1,61,1,Laptop,Electronics,North,3,800.0,0.0,500.0,2400.0,2400.0,1500.0,900.0
O01188,2,2023-08-17,4,61,1,Mouse,Electronics,North,6,25.0,0.0,12.0,150.0,150.0,72.0,78.0
O01188,3,2023-08-17,3,61,1,Notebook,Stationery,North,4,5.0,0.1,2.0,20.0,18.0,8.0,10.0
O01189,1,2023-08-18,2,22,4,Chair,Furniture,West,1,150.0,0.1,90.0,150.0,135.0,90.0,45.0
O01190,1,2023-08-18,1,44,4,Laptop,Electronics,West,1,800.0,0.0,500.0,800.0,800.0,500.0,300.0
O01190,2,2023-08-18,3,44,4,Notebook,Stationery,West,2,5.0,0.05,2.0,10.0,9.5,4.0,5.5
O01191,1,2023-08-19,3,32,1,Notebook,Stationery,North,6,5.0,0.0,2.0,30.0,30.0,12.0,18.0
O01191,2,2023-08-19,1,32,1,Laptop,Electronics,North,2,800.0,0.15,500.0,1600.0,1360.0,1000.0,360.0
O01191,3,2023-08-19,1,32,1,Laptop,Electronics,North,2,800.0,0.05,500.0,1600.0,1520.0,1000.0,520.0
O01192,1,2023-08-19,3,40,3,Notebook,Stationery,East,3,5.0,0.0,2.0,15.0,15.0,6.0,9.0
O01192,2,2023-08-19,1,40,3,Laptop,Electronics,East,6,800.0,0.15,500.0,4800.0,4080.0,3000.0,1080.0
O01192,3,2023-08-19,4,40,3,Mouse,Electronics,East,5,25.0,0.0,12.0,125.0,125.0,60.0,65.0
O01193,1,2023-08-20,2,16,4,Chair,Furniture,West,6,150.0,0.05,90.0,900.0,855.0,540.0,315.0
O01193,2,2023-08-20,3,16,4,Notebook,Stationery,West,5,5.0,0.1,2.0,25.0,22.5,10.0,12.5
O01194,1,2023-08-20,2,23,3,Chair,Furniture,East,2,150.0,0.1,90.0,300.0,270.0,180.0,90.0
O01194,2,2023-08-20,2,23,3,Chair,Furniture,East,1,150.0,0.0,90.0,150.0,150.0,90.0,60.0
O01194,3,2023-08-20,3,23,3,Notebook,Stationery,East,6,5.0,0.0,2.0,30.0,30.0,12.0,18.0
O01195,1,2023-08-21,4,68,3,Mouse,Electronics,East,4,25.0,0.1,12.0,100.0,90.0,48.0,42.0
O01195,2,2023-08-21,2,68,3,Chair,Furniture,East,3,150.0,0.05,90.0,450.0,427.5,270.0,157.5
O01195,3,2023-08-21,2,68,3,Chair,Furniture,East,3,150.0,0.05,90.0,450.0,427.5,270.0,157.5
O01196,1,2023-08-21,4,40,4,Mouse,Electronics,West,5,25.0,0.1,12.0,125.0,112.5,60.0,52.5
O01196,2,2023-08-21,3,40,4,Notebook,Stationery,West,4,5.0,0.05,2.0,20.0,19.0,8.0,11.0
O01196,3,2023-08-21,4,40,4,Mouse,Electronics,West,1,25.0,0.05,12.0,25.0,23.75,12.0,11.75
O01197,1,2023-08-22,3,33,1,Notebook,Stationery,North,2,5.0,0.15,2.0,10.0,8.5,4.0,4.5
O01197,2,2023-08-22,3,33,1,Notebook,Stationery,North,4,5.0,0.05,2.0,20.0,19.0,8.0,11.0
O01198,1,2023-08-22,1,65,3,Laptop,Electronics,East,6,800.0,0.15,500.0,4800.0,4080.0,3000.0,1080.0
O01199,1,2023-08-23,2,41,4,Chair,Furniture,West,3,150.0,0.05,90.0,450.0,427.5,270.0,157.5
O01200,1,2023-08-23,3,80,4,Notebook,Stationery,West,5,5.0,0.15,2.0,25.0,21.25,10.0,11.25
O01200,2,2023-08-23,3,80,4,Notebook,Stationery,West,5,5.0,0.1,2.0,25.0,22.5,10.0,12.5
O01200,3,2023-08-23,3,80,4,Notebook,Stationery,West,4,5.0,0.05,2.0,20.0,19.0,8.0,11.0
O01201,1,2023-08-24,3,17,3,Notebook,Stationery,East,5,5.0,0.15,2.0,25.0,21.25,10.0,11.25
O01201,2,2023-08-24,3,17,3,Notebook,Stationery,East,5,5.0,0.15,2.0,25.0,21.25,10.0,11.25
O01201,3,2023-08-24,1,17,3,Laptop,Electronics,East,5,800.0,0.15,500.0,4000.0,3400.0,2500.0,900.0
O01202,1,2023-08-24,3,19,4,Notebook,Stationery,West,6,5.0,0.0,2.0,30.0,30.0,12.0,18.0
O01202,2,2023-08-24,4,19,4,Mouse,Electronics,West,1,25.0,0.05,12.0,25.0,23.75,12.0,11.75
O01202,3,2023-08-24,4,19,4,Mouse,Electronics,West,1,25.0,0.15,12.0,25.0,21.25,12.0,9.25
O01203,1,2023-08-25,1,6,3,Laptop,Electronics,East,6,800.0,0.0,500.0,4800.0,4800.0,3000.0,1800.0
O01203,2,2023-08-25,3,6,3,Notebook,Stationery,East,1,5.0,0.1,2.0,5.0,4.5,2.0,2.5
O01204,1,2023-08-25,3,17,2,Notebook,Stationery,South,5,5.0,0.05,2.0,25.0,23.75,10.0,13.75
O01204,2,2023-08-25,4,17,2,Mouse,Electronics,South,3,25.0,0.1,12.0,75.0,67.5,36.0,31.5
O01205,1,2023-08-26,3,70,4,Notebook,Stationery,West,3,5.0,0.0,2.0,15.0,15.0,6.0,9.0
O01205,2,2023-08-26,3,70,4,Notebook,Stationery,West,5,5.0,0.15,2.0,25.0,21.25,10.0,11.25
O01205,3,2023-08-26,2,70,4,Chair,Furniture,West,6,150.0,0.1,90.0,900.0,810.0,540.0,270.0
O01206,1,2023-08-26,1,36,1,Laptop,Electronics,North,5,800.0,0.15,500.0,4000.0,3400.0,2500.0,900.0
O01207,1,2023-08-27,3,68,1,Notebook,Stationery,North,5,5.0,0.15,2.0,25.0,21.25,10.0,11.25
O01207,2,2023-08-27,2,68,1,Chair,Furniture,North,1,150.0,0.1,90.0,150.0,135.0,90.0,45.0
O01208,1,2023-08-27,4,2,1,Mouse,Electronics,North,1,25.0,0.0,12.0,25.0,25.0,12.0,13.0
O01209,1,2023-08-28,1,60,3,Laptop,Electronics,East,3,800.0,0.15,500.0,2400.0,2040.0,1500.0,540.0
O01209,2,2023-08-28,1,60,3,Laptop,Electronics,East,6,800.0,0.05,500.0,4800.0,4560.0,3000.0,1560.0
O01210,1,2023-08-28,3,17,4,Notebook,Stationery,West,2,5.0,0.15,2.0,10.0,8.5,4.0,4.5
O01210,2,2023-08-28,2,17,4,Chair,Furniture,West,6,150.0,0.0,90.0,900.0,900.0,540.0,360.0
O01210,3,2023-08-28,3,17,4,Notebook,Stationery,West,1,5.0,0.15,2.0,5.0,4.25,2.0,2.25
O01211,1,2023-08-29,2,72,4,Chair,Furniture,West,1,150.0,0.15,90.0,150.0,127.5,90.0,37.5
O01212,1,2023-08-29,2,57,4,Chair,Furniture,West,5,150.0,0.1,90.0,750.0,675.0,450.0,225.0
O01212,2,2023-08-29,3,57,4,Notebook,Stationery,West,5,5.0,0.0,2.0,25.0,25.0,10.0,15.0
O01213,1,2023-08-30,4,74,2,Mouse,Electronics,South,5,25.0,0.15,12.0,125.0,106.25,60.0,46.25
O01213,2,2023-08-30,2,74,2,Chair,Furniture,South,5,150.0,0.0,90.0,750.0,750.0,450.0,300.0
O01214,1,2023-08-30,3,16,4,Notebook,Stationery,West,2,5.0,0.05,2.0,10.0,9.5,4.0,5.5
O01214,2,2023-08-30,3,16,4,Notebook,Stationery,West,2,5.0,0.1,2.0,10.0,9.0,4.0,5.0
O01215,1,2023-08-31,2,14,4,Chair,Furniture,West,1,150.0,0.15,90.0,150.0,127.5,90.0,37.5
O01215,2,2023-08-31,1,14,4,Laptop,Electronics,West,3,800.0,0.15,500.0,2400.0,2040.0,1500.0,540.0
O01216,1,2023-08-31,3,42,3,Notebook,Stationery,East,1,5.0,0.1,2.0,5.0,4.5,2.0,2.5
O01217,1,2023-09-01,3,71,3,Notebook,Stationery,East,5,5.0,0.1,2.0,25.0,22.5,10.0,12.5
O01217,2,2023-09-01,3,71,3,Notebook,Stationery,East,6,5.0,0.1,2.0,30.0,27.0,12.0,15.0
O01217,3,2023-09-01,2,71,3,Chair,Furniture,East,5,150.0,0.05,90.0,750.0,712.5,450.0,262.5
O01218,1,2023-09-01,1,44,2,Laptop,Electronics,South,1,800.0,0.05,500.0,800.0,760.0,500.0,260.0
O01218,2,2023-09-01,4,44,2,Mouse,Electronics,South,1,25.0,0.0,12.0,25.0,25.0,12.0,13.0
O01219,1,2023-09-02,3,59,4,Notebook,Stationery,West,6,5.0,0.15,2.0,30.0,25.5,12.0,13.5
O01219,2,2023-09-02,3,59,4,Notebook,Stationery,West,4,5.0,0.1,2.0,20.0,18.0,8.0,10.0
O01220,1,2023-09-02,2,48,4,Chair,Furniture,West,5,150.0,0.0,90.0,750.0,750.0,450.0,300.0
O01220,2,2023-09-02,2,48,4,Chair,Furniture,West,3,150.0,0.15,90.0,450.0,382.5,270.0,112.5
O01221,1,2023-09-03,1,38,2,Laptop,Electronics,South,5,800.0,0.15,500.0,4000.0,3400.0,2500.0,900.0
O01221,2,2023-09-03,1,38,2,Laptop,Electronics,South,2,800.0,0.1,500.0,1600.0,1440.0,1000.0,440.0
O01222,1,2023-09-03,2,36,4,Chair,Furniture,West,4,150.0,0.1,90.0,600.0,540.0,360.0,180.0
O01223,1,2023-09-04,3,7,4,Notebook,Stationery,West,2,5.0,0.15,2.0,10.0,8.5,4.0,4.5
O01224,1,2023-09-04,1,28,1,Laptop,Electronics,North,6,800.0,0.05,500.0,4800.0,4560.0,3000.0,1560.0
O01224,2,2023-09-04,2,28,1,Chair,Furniture,North,3,150.0,0.05,90.0,450.0,427.5,270.0,157.5
O01225,1,2023-09-05,4,44,4,Mouse,Electronics,West,5,25.0,0.05,12.0,125.0,118.75,60.0,58.75
O01225,2,2023-09-05,4,44,4,Mouse,Electronics,West,4,25.0,0.15,12.0,100.0,85.0,48.0,37.0
O01226,1,2023-09-05,3,57,1,Notebook,Stationery,North,2,5.0,0.0,2.0,10.0,10.0,4.0,6.0
O01226,2,2023-09-05,1,57,1,Laptop,Electronics,North,5,800.0,0.05,500.0,4000.0,3800.0,2500.0,1300.0
O01226,3,2023-09-05,2,57,1,Chair,Furniture,North,3,150.0,0.1,90.0,450.0,405.0,270.0,135.0
O01227,1,2023-09-06,2,27,2,Chair,Furniture,South,5,150.0,0.0,90.0,750.0,750.0,450.0,300.0
O01227,2,2023-09-06,2,27,2,Chair,Furniture,South,2,150.0,0.15,90.0,300.0,255.0,180.0,75.0
O01227,3,2023-09-06,1,27,2,Laptop,Electronics,South,1,800.0,0.1,500.0,800.0,720.0,500.0,220.0
O01228,1,2023-09-06,4,62,1,Mouse,Electronics,North,3,25.0,0.0,12.0,75.0,75.0,36.0,39.0
O01228,2,2023-09-06,2,62,1,Chair,Furniture,North,2,150.0,0.05,90.0,300.0,285.0,180.0,105.0
O01229,1,2023-09-07,4,64,1,Mouse,Electronics,North,3,25.0,0.0,12.0,75.0,75.0,36.0,39.0
O01229,2,2023-09-07,4,64,1,Mouse,Electronics,North,6,25.0,0.1,12.0,150.0,135.0,72.0,63.0
O01229,3,2023-09-07,1,64,1,Laptop,Electronics,North,3,800.0,0.05,500.0,2400.0,2280.0,1500.0,780.0
O01230,1,2023-09-07,4,38,2,Mouse,Electronics,South,4,25.0,0.0,12.0,100.0,100.0,48.0,52.0
O01231,1,2023-09-08,2,55,3,Chair,Furniture,East,6,150.0,0.1,90.0,900.0,810.0,540.0,270.0
O01231,2,2023-09-08,2,55,3,Chair,Furniture,East,5,150.0,0.15,90.0,750.0,637.5,450.0,187.5
O01232,1,2023-09-08,3,5,1,Notebook,Stationery,North,3,5.0,0.05,2.0,15.0,14.25,6.0,8.25
O01232,2,2023-09-08,4,5,1,Mouse,Electronics,North,6,25.0,0.05,12.0,150.0,142.5,72.0,70.5
O01232,3,2023-09-08,1,5,1,Laptop,Electronics,North,2,800.0,0.15,500.0,1600.0,1360.0,1000.0,360.0
O01233,1,2023-09-09,4,24,2,Mouse,Electronics,South,3,25.0,0.0,12.0,75.0,75.0,36.0,39.0
O01233,2,2023-09-09,2,24,2,Chair,Furniture,South,3,150.0,0.1,90.0,450.0,405.0,270.0,135.0
O01234,1,2023-09-09,4,50,3,Mouse,Electronics,East,5,25.0,0.1,12.0,125.0,112.5,60.0,52.5
O01234,2,2023-09-09,4,50,3,Mouse,Electronics,East,6,25.0,0.05,12.0,150.0,142.5,72.0,70.5
O01234,3,2023-09-09,1,50,3,Laptop,Electronics,East,6,800.0,0.15,500.0,4800.0,4080.0,3000.0,1080.0
O01235,1,2023-09-10,2,80,3,Chair,Furniture,East,6,150.0,0.05,90.0,900.0,855.0,540.0,315.0
O01235,2,2023-09-10,4,80,3,Mouse,Electronics,East,1,25.0,0.05,12.0,25.0,23.75,12.0,11.75
O01236,1,2023-09-10,1,23,1,Laptop,Electronics,North,2,800.0,0.15,500.0,1600.0,1360.0,1000.0,360.0
O01236,2,2023-09-10,4,23,1,Mouse,Electronics,North,5,25.0,0.0,12.0,125.0,125.0,60.0,65.0
O01237,1,2023-09-11,4,37,1,Mouse,Electronics,North,6,25.0,0.05,12.0,150.0,142.5,72.0,70.5
O01237,2,2023-09-11,4,37,1,Mouse,Electronics,North,3,25.0,0.0,12.0,75.0,75.0,36.0,39.0
O01238,1,2023-09-11,3,14,2,Notebook,Stationery,South,1,5.0,0.05,2.0,5.0,4.75,2.0,2.75
O01238,2,2023-09-11,1,14,2,Laptop,Electronics,South,2,800.0,0.05,500.0,1600.0,1520.0,1000.0,520.0
O01238,3,2023-09-11,1,14,2,Laptop,Electronics,South,4,800.0,0.1,500.0,3200.0,2880.0,2000.0,880.0
O01239,1,2023-09-12,3,53,4,Notebook,Stationery,West,1,5.0,0.0,2.0,5.0,5.0,2.0,3.0
O01239,2,2023-09-12,1,53,4,Laptop,Electronics,West,4,800.0,0.15,500.0,3200.0,2720.0,2000.0,720.0
O01240,1,2023-09-12,4,78,3,Mouse,Electronics,East,3,25.0,0.0,12.0,75.0,75.0,36.0,39.0
O01240,2,2023-09-12,3,78,3,Notebook,Stationery,East,4,5.0,0.0,2.0,20.0,20.0,8.0,12.0
O01240,3,2023-09-12,2,78,3,Chair,Furniture,East,3,150.0,0.15,90.0,450.0,382.5,270.0,112.5
O01241,1,2023-09-13,4,70,2,Mouse,Electronics,South,3,25.0,0.05,12.0,75.0,71.25,36.0,35.25
O01241,2,2023-09-13,1,70,2,Laptop,Electronics,South,6,800.0,0.1,500.0,4800.0,4320.0,3000.0,1320.0
O01241,3,2023-09-13,3,70,2,Notebook,Stationery,South,3,5.0,0.05,2.0,15.0,14.25,6.0,8.25
O01242,1,2023-09-13,1,14,2,Laptop,Electronics,South,1,800.0,0.1,500.0,800.0,720.0,500.0,220.0
O01242,2,2023-09-13,1,14,2,Laptop,Electronics,South,1,800.0,0.1,500.0,800.0,720.0,500.0,220.0
O01243,1,2023-09-14,2,15,4,Chair,Furniture,West,5,150.0,0.0,90.0,750.0,750.0,450.0,300.0
O01243,2,2023-09-14,4,15,4,Mouse,Electronics,West,2,25.0,0.15,12.0,50.0,42.5,24.0,18.5
O01243,3,2023-09-14,3,15,4,Notebook,Stationery,West,6,5.0,0.15,2.0,30.0,25.5,12.0,13.5
O01244,1,2023-09-14,4,51,4,Mouse,Electronics,West,6,25.0,0.15,12.0,150.0,127.5,72.0,55.5
O01244,2,2023-09-14,4,51,4,Mouse,Electronics,West,4,25.0,0.05,12.0,100.0,95.0,48.0,47.0
O01244,3,2023-09-14,1,51,4,Laptop,Electronics,West,5,800.0,0.1,500.0,4000.0,3600.0,2500.0,1100.0
O01245,1,2023-09-15,1,67,2,Laptop,Electronics,South,2,800.0,0.15,500.0,1600.0,1360.0,1000.0,360.0
O01246,1,2023-09-15,3,22,4,Notebook,Stationery,West,2,5.0,0.15,2.0,10.0,8.5,4.0,4.5
O01246,2,2023-09-15,2,22,4,Chair,Furniture,West,1,150.0,0.05,90.0,150.0,142.5,90.0,52.5
O01246,3,2023-09-15,4,22,4,Mouse,Electronics,West,2,25.0,0.1,12.0,50.0,45.0,24.0,21.0
O01247,1,2023-09-16,2,28,1,Chair,Furniture,North,2,150.0,0.1,90.0,300.0,270.0,180.0,90.0
O01247,2,2023-09-16,3,28,1,Notebook,Stationery,North,5,5.0,0.0,2.0,25.0,25.0,10.0,15.0
O01247,3,2023-09-16,4,28,1,Mouse,Electronics,North,6,25.0,0.15,12.0,150.0,127.5,72.0,55.5
O01248,1,2023-09-16,3,66,4,Notebook,Stationery,West,1,5.0,0.15,2.0,5.0,4.25,2.0,2.25
O01248,2,2023-09-16,4,66,4,Mouse,Electronics,West,4,25.0,0.1,12.0,100.0,90.0,48.0,42.0
O01249,1,2023-09-17,1,29,3,Laptop,Electronics,East,6,800.0,0.15,500.0,4800.0,4080.0,3000.0,1080.0
O01250,1,2023-09-17,4,9,3,Mouse,Electronics,East,6,25.0,0.0,12.0,150.0,150.0,72.0,78.0
O01250,2,2023-09-17,4,9,3,Mouse,Electronics,East,2,25.0,0.0,12.0,50.0,50.0,24.0,26.0
O01251,1,2023-09-18,4,63,2,Mouse,Electronics,South,5,25.0,0.05,12.0,125.0,118.75,60.0,58.75
O01252,1,2023-09-18,2,71,3,Chair,Furniture,East,2,150.0,0.05,90.0,300.0,285.0,180.0,105.0
O01252,2,2023-09-18,1,71,3,Laptop,Electronics,East,5,800.0,0.15,500.0,4000.0,3400.0,2500.0,900.0
O01253,1,2023-09-19,2,40,1,Chair,Furniture,North,3,150.0,0.05,90.0,450.0,427.5,270.0,157.5
O01254,1,2023-09-19,1,59,1,Laptop,Electronics,North,5,800.0,0.1,500.0,4000.0,3600.0,2500.0,1100.0
O01254,2,2023-09-19,3,59,1,Notebook,Stationery,North,4,5.0,0.1,2.0,20.0,18.0,8.0,10.0
O01255,1,2023-09-20,1,37,3,Laptop,Electronics,East,3,800.0,0.05,500.0,2400.0,2280.0,1500.0,780.0
O01255,2,2023-09-20,4,37,3,Mouse,Electronics,East,6,25.0,0.15,12.0,150.0,127.5,72.0,55.5
O01256,1,2023-09-20,1,50,2,Laptop,Electronics,South,3,800.0,0.05,500.0,2400.0,2280.0,1500.0,780.0
O01257,1,2023-09-21,3,25,4,Notebook,Stationery,West,6,5.0,0.0,2.0,30.0,30.0,12.0,18.0
O01257,2,2023-09-21,3,25,4,Notebook,Stationery,West,2,5.0,0.0,2.0,10.0,10.0,4.0,6.0
O01257,3,2023-09-21,4,25,4,Mouse,Electronics,West,2,25.0,0.0,12.0,50.0,50.0,24.0,26.0
O01258,1,2023-09-21,2,26,3,Chair,Furniture,East,4,150.0,0.05,90.0,600.0,570.0,360.0,210.0
O01258,2,2023-09-21,3,26,3,Notebook,Stationery,East,1,5.0,0.1,2.0,5.0,4.5,2.0,2.5
O01258,3,2023-09-21,3,26,3,Notebook,Stationery,East,3,5.0,0.0,2.0,15.0,15.0,6.0,9.0
O01259,1,2023-09-22,3,23,4,Notebook,Stationery,West,6,5.0,0.05,2.0,30.0,28.5,12.0,16.5
O01260,1,2023-09-22,3,8,3,Notebook,Stationery,East,4,5.0,0.0,2.0,20.0,20.0,8.0,12.0
O01260,2,2023-09-22,2,8,3,Chair,Furniture,East,5,150.0,0.15,90.0,750.0,637.5,450.0,187.5
O01261,1,2023-09-23,4,36,1,Mouse,Electronics,North,4,25.0,0.1,12.0,100.0,90.0,48.0,42.0
O01261,2,2023-09-23,1,36,1,Laptop,Electronics,North,1,800.0,0.1,500.0,800.0,720.0,500.0,220.0
O01261,3,2023-09-23,4,36,1,Mouse,Electronics,North,1,25.0,0.0,12.0,25.0,25.0,12.0,13.0
O01262,1,2023-09-23,1,36,1,Laptop,Electronics,North,1,800.0,0.15,500.0,800.0,680.0,500.0,180.0
O01263,1,2023-09-24,1,2,3,Laptop,Electronics,East,2,800.0,0.0,500.0,1600.0,1600.0,1000.0,600.0
O01263,2,2023-09-24,3,2,3,Notebook,Stationery,East,1,5.0,0.1,2.0,5.0,4.5,2.0,2.5
O01264,1,2023-09-24,2,29,3,Chair,Furniture,East,3,150.0,0.0,90.0,450.0,450.0,270.0,180.0
O01264,2,2023-09-24,2,29,3,Chair,Furniture,East,3,150.0,0.15,90.0,450.0,382.5,270.0,112.5
O01265,1,2023-09-25,4,34,1,Mouse,Electronics,North,4,25.0,0.05,12.0,100.0,95.0,48.0,47.0
O01265,2,2023-09-25,3,34,1,Notebook,Stationery,North,5,5.0,0.05,2.0,25.0,23.75,10.0,13.75
O01266,1,2023-09-25,3,6,4,Notebook,Stationery,West,2,5.0,0.15,2.0,10.0,8.5,4.0,4.5
O01267,1,2023-09-26,2,7,2,Chair,Furniture,South,3,150.0,0.05,90.0,450.0,427.5,270.0,157.5
O01267,2,2023-09-26,3,7,2,Notebook,Stationery,South,3,5.0,0.15,2.0,15.0,12.75,6.0,6.75
O01267,3,2023-09-26,1,7,2,Laptop,Electronics,South,5,800.0,0.0,500.0,4000.0,4000.0,2500.0,1500.0
O01268,1,2023-09-26,3,68,2,Notebook,Stationery,South,4,5.0,0.0,2.0,20.0,20.0,8.0,12.0
O01268,2,2023-09-26,3,68,2,Notebook,Stationery,South,4,5.0,0.1,2.0,20.0,18.0,8.0,10.0
O01269,1,2023-09-27,3,16,3,Notebook,Stationery,East,4,5.0,0.1,2.0,20.0,18.0,8.0,10.0
O01269,2,2023-09-27,2,16,3,Chair,Furniture,East,6,150.0,0.0,90.0,900.0,900.0,540.0,360.0
O01270,1,2023-09-27,4,60,1,Mouse,Electronics,North,6,25.0,0.0,12.0,150.0,150.0,72.0,78.0
O01271,1,2023-09-28,3,16,1,Notebook,Stationery,North,1,5.0,0.05,2.0,5.0,4.75,2.0,2.75
O01271,2,2023-09-28,2,16,1,Chair,Furniture,North,4,150.0,0.0,90.0,600.0,600.0,360.0,240.0
O01271,3,2023-09-28,2,16,1,Chair,Furniture,North,6,150.0,0.15,90.0,900.0,765.0,540.0,225.0
O01272,1,2023-09-28,2,17,3,Chair,Furniture,East,4,150.0,0.1,90.0,600.0,540.0,360.0,180.0
O01273,1,2023-09-29,3,9,1,Notebook,Stationery,North,1,5.0,0.1,2.0,5.0,4.5,2.0,2.5
O01273,2,2023-09-29,2,9,1,Chair,Furniture,North,4,150.0,0.05,90.0,600.0,570.0,360.0,210.0
O01274,1,2023-09-29,4,56,2,Mouse,Electronics,South,4,25.0,0.0,12.0,100.0,100.0,48.0,52.0
O01274,2,2023-09-29,2,56,2,Chair,Furniture,South,1,150.0,0.05,90.0,150.0,142.5,90.0,52.5
O01274,3,2023-09-29,4,56,2,Mouse,Electronics,South,3,25.0,0.05,12.0,75.0,71.25,36.0,35.25
O01275,1,2023-09-30,3,8,3,Notebook,Stationery,East,5,5.0,0.1,2.0,25.0,22.5,10.0,12.5
O01275,2,2023-09-30,4,8,3,Mouse,Electronics,East,5,25.0,0.05,12.0,125.0,118.75,60.0,58.75
O01276,1,2023-09-30,1,33,1,Laptop,Electronics,North,4,800.0,0.05,500.0,3200.0,3040.0,2000.0,1040.0
O01276,2,2023-09-30,2,33,1,Chair,Furniture,North,4,150.0,0.1,90.0,600.0,540.0,360.0,180.0
O01276,3,2023-09-30,1,33,1,Laptop,Electronics,North,1,800.0,0.0,500.0,800.0,800.0,500.0,300.0
O01277,1,2023-10-01,3,53,2,Notebook,Stationery,South,2,5.0,0.0,2.0,10.0,10.0,4.0,6.0
O01277,2,2023-10-01,4,53,2,Mouse,Electronics,South,3,25.0,0.1,12.0,75.0,67.5,36.0,31.5
O01278,1,2023-10-01,4,14,4,Mouse,Electronics,West,5,25.0,0.05,12.0,125.0,118.75,60.0,58.75
O01279,1,2023-10-02,3,80,4,Notebook,Stationery,West,6,5.0,0.0,2.0,30.0,30.0,12.0,18.0
O01279,2,2023-10-02,2,80,4,Chair,Furniture,West,4,150.0,0.0,90.0,600.0,600.0,360.0,240.0
O01280,1,2023-10-02,2,25,3,Chair,Furniture,East,3,150.0,0.1,90.0,450.0,405.0,270.0,135.0
O01281,1,2023-10-03,1,8,3,Laptop,Electronics,East,1,800.0,0.05,500.0,800.0,760.0,500.0,260.0
O01281,2,2023-10-03,1,8,3,Laptop,Electronics,East,3,800.0,0.1,500.0,2400.0,2160.0,1500.0,660.0
O01282,1,2023-10-03,2,42,1,Chair,Furniture,North,5,150.0,0.05,90.0,750.0,712.5,450.0,262.5
O01282,2,2023-10-03,4,42,1,Mouse,Electronics,North,6,25.0,0.05,12.0,150.0,142.5,72.0,70.5
O01282,3,2023-10-03,2,42,1,Chair,Furniture,North,1,150.0,0.0,90.0,150.0,150.0,90.0,60.0
O01283,1,2023-10-04,2,27,3,Chair,Furniture,East,6,150.0,0.15,90.0,900.0,765.0,540.0,225.0
O01284,1,2023-10-04,1,73,1,Laptop,Electronics,North,4,800.0,0.15,500.0,3200.0,2720.0,2000.0,720.0
O01284,2,2023-10-04,3,73,1,Notebook,Stationery,North,4,5.0,0.05,2.0,20.0,19.0,8.0,11.0
O01285,1,2023-10-05,2,13,2,Chair,Furniture,South,6,150.0,0.0,90.0,900.0,900.0,540.0,360.0
O01285,2,2023-10-05,1,13,2,Laptop,Electronics,South,6,800.0,0.05,500.0,4800.0,4560.0,3000.0,1560.0
O01285,3,2023-10-05,4,13,2,Mouse,Electronics,South,3,25.0,0.05,12.0,75.0,71.25,36.0,35.25
O01286,1,2023-10-05,1,22,1,Laptop,Electronics,North,5,800.0,0.15,500.0,4000.0,3400.0,2500.0,900.0
O01286,2,2023-10-05,3,22,1,Notebook,Stationery,North,5,5.0,0.05,2.0,25.0,23.75,10.0,13.75
O01286,3,2023-10-05,1,22,1,Laptop,Electronics,North,2,800.0,0.0,500.0,1600.0,1600.0,1000.0,600.0
O01287,1,2023-10-06,4,44,4,Mouse,Electronics,West,1,25.0,0.15,12.0,25.0,21.25,12.0,9.25
O01287,2,2023-10-06,2,44,4,Chair,Furniture,West,6,150.0,0.0,90.0,900.0,900.0,540.0,360.0
O01287,3,2023-10-06,2,44,4,Chair,Furniture,West,5,150.0,0.15,90.0,750.0,637.5,450.0,187.5
O01288,1,2023-10-06,1,74,4,Laptop,Electronics,West,3,800.0,0.15,500.0,2400.0,2040.0,1500.0,540.0
O01289,1,2023-10-07,4,41,1,Mouse,Electronics,North,1,25.0,0.15,12.0,25.0,21.25,12.0,9.25
O01289,2,2023-10-07,4,41,1,Mouse,Electronics,North,5,25.0,0.1,12.0,125.0,112.5,60.0,52.5
O01289,3,2023-10-07,4,41,1,Mouse,Electronics,North,2,25.0,0.0,12.0,50.0,50.0,24.0,26.0
O01290,1,2023-10-07,1,19,1,Laptop,Electronics,North,4,800.0,0.1,500.0,3200.0,2880.0,2000.0,880.0
O01290,2,2023-10-07,4,19,1,Mouse,Electronics,North,6,25.0,0.1,12.0,150.0,135.0,72.0,63.0
O01291,1,2023-10-08,1,38,1,Laptop,Electronics,North,3,800.0,0.05,500.0,2400.0,2280.0,1500.0,780.0
O01292,1,2023-10-08,3,5,3,Notebook,Stationery,East,5,5.0,0.15,2.0,25.0,21.25,10.0,11.25
O01293,1,2023-10-09,4,34,3,Mouse,Electronics,East,6,25.0,0.15,12.0,150.0,127.5,72.0,55.5
O01293,2,2023-10-09,2,34,3,Chair,Furniture,East,3,150.0,0.05,90.0,450.0,427.5,270.0,157.5
O01294,1,2023-10-09,1,56,3,Laptop,Electronics,East,4,800.0,0.15,500.0,3200.0,2720.0,2000.0,720.0
O01295,1,2023-10-10,1,58,4,Laptop,Electronics,West,4,800.0,0.05,500.0,3200.0,3040.0,2000.0,1040.0
O01296,1,2023-10-10,4,46,2,Mouse,Electronics,South,3,25.0,0.15,12.0,75.0,63.75,36.0,27.75
O01297,1,2023-10-11,4,73,3,Mouse,Electronics,East,2,25.0,0.1,12.0,50.0,45.0,24.0,21.0
O01297,2,2023-10-11,2,73,3,Chair,Furniture,East,4,150.0,0.05,90.0,600.0,570.0,360.0,210.0
O01298,1,2023-10-11,3,14,1,Notebook,Stationery,North,2,5.0,0.0,2.0,10.0,10.0,4.0,6.0
O01299,1,2023-10-12,1,41,1,Laptop,Electronics,North,6,800.0,0.05,500.0,4800.0,4560.0,3000.0,1560.0
O01300,1,2023-10-12,4,61,1,Mouse,Electronics,North,2,25.0,0.0,12.0,50.0,50.0,24.0,26.0
O01300,2,2023-10-12,2,61,1,Chair,Furniture,North,2,150.0,0.15,90.0,300.0,255.0,180.0,75.0
O01300,3,2023-10-12,4,61,1,Mouse,Electronics,North,5,25.0,0.05,12.0,125.0,118.75,60.0,58.75
O01301,1,2023-10-13,2,54,4,Chair,Furniture,West,6,150.0,0.0,90.0,900.0,900.0,540.0,360.0
O01301,2,2023-10-13,3,54,4,Notebook,Stationery,West,1,5.0,0.0,2.0,5.0,5.0,2.0,3.0
O01301,3,2023-10-13,2,54,4,Chair,Furniture,West,6,150.0,0.15,90.0,900.0,765.0,540.0,225.0
O01302,1,2023-10-13,2,80,3,Chair,Furniture,East,6,150.0,0.1,90.0,900.0,810.0,540.0,270.0
O01303,1,2023-10-14,1,76,2,Laptop,Electronics,South,3,800.0,0.0,500.0,2400.0,2400.0,1500.0,900.0
O01303,2,2023-10-14,3,76,2,Notebook,Stationery,South,2,5.0,0.0,2.0,10.0,10.0,4.0,6.0
O01303,3,2023-10-14,1,76,2,Laptop,Electronics,South,2,800.0,0.15,500.0,1600.0,1360.0,1000.0,360.0
O01304,1,2023-10-14,3,43,2,Notebook,Stationery,South,4,5.0,0.1,2.0,20.0,18.0,8.0,10.0
O01304,2,2023-10-14,3,43,2,Notebook,Stationery,South,2,5.0,0.0,2.0,10.0,10.0,4.0,6.0
O01304,3,2023-10-14,2,43,2,Chair,Furniture,South,2,150.0,0.0,90.0,300.0,300.0,180.0,120.0
O01305,1,2023-10-15,4,73,4,Mouse,Electronics,West,6,25.0,0.15,12.0,150.0,127.5,72.0,55.5
O01305,2,2023-10-15,2,73,4,Chair,Furniture,West,2,150.0,0.1,90.0,300.0,270.0,180.0,90.0
O01305,3,2023-10-15,4,73,4,Mouse,Electronics,West,5,25.0,0.1,12.0,125.0,112.5,60.0,52.5
O01306,1,2023-10-15,1,21,3,Laptop,Electronics,East,2,800.0,0.05,500.0,1600.0,1520.0,1000.0,520.0
O01306,2,2023-10-15,1,21,3,Laptop,Electronics,East,1,800.0,0.15,500.0,800.0,680.0,500.0,180.0
O01306,3,2023-10-15,4,21,3,Mouse,Electronics,East,1,25.0,0.15,12.0,25.0,21.25,12.0,9.25
O01307,1,2023-10-16,2,48,3,Chair,Furniture,East,1,150.0,0.05,90.0,150.0,142.5,90.0,52.5
O01308,1,2023-10-16,2,69,1,Chair,Furniture,North,1,150.0,0.15,90.0,150.0,127.5,90.0,37.5
O01309,1,2023-10-17,3,49,1,Notebook,Stationery,North,3,5.0,0.05,2.0,15.0,14.25,6.0,8.25
O01309,2,2023-10-17,4,49,1,Mouse,Electronics,North,2,25.0,0.15,12.0,50.0,42.5,24.0,18.5
O01310,1,2023-10-17,2,26,1,Chair,Furniture,North,5,150.0,0.15,90.0,750.0,637.5,450.0,187.5
O01310,2,2023-10-17,4,26,1,Mouse,Electronics,North,3,25.0,0.15,12.0,75.0,63.75,36.0,27.75
O01311,1,2023-10-18,1,26,3,Laptop,Electronics,East,4,800.0,0.05,500.0,3200.0,3040.0,2000.0,1040.0
O01311,2,2023-10-18,3,26,3,Notebook,Stationery,East,5,5.0,0.05,2.0,25.0,23.75,10.0,13.75
O01311,3,2023-10-18,1,26,3,Laptop,Electronics,East,4,800.0,0.1,500.0,3200.0,2880.0,2000.0,880.0
O01312,1,2023-10-18,3,10,4,Notebook,Stationery,West,2,5.0,0.1,2.0,10.0,9.0,4.0,5.0
O01312,2,2023-10-18,1,10,4,Laptop,Electronics,West,5,800.0,0.0,500.0,4000.0,4000.0,2500.0,1500.0
O01313,1,2023-10-19,1,39,4,Laptop,Electronics,West,2,800.0,0.15,500.0,1600.0,1360.0,1000.0,360.0
O01313,2,2023-10-19,2,39,4,Chair,Furniture,West,6,150.0,0.1,90.0,900.0,810.0,540.0,270.0
O01313,3,2023-10-19,1,39,4,Laptop,Electronics,West,3,800.0,0.15,500.0,2400.0,2040.0,1500.0,540.0
O01314,1,2023-10-19,4,67,1,Mouse,Electronics,North,2,25.0,0.0,12.0,50.0,50.0,24.0,26.0
O01314,2,2023-10-19,4,67,1,Mouse,Electronics,North,3,25.0,0.0,12.0,75.0,75.0,36.0,39.0
O01315,1,2023-10-20,2,27,3,Chair,Furniture,East,6,150.0,0.0,90.0,900.0,900.0,540.0,360.0
O01316,1,2023-10-20,3,60,4,Notebook,Stationery,West,4,5.0,0.1,2.0,20.0,18.0,8.0,10.0
O01317,1,2023-10-21,1,74,1,Laptop,Electronics,North,2,800.0,0.1,500.0,1600.0,1440.0,1000.0,440.0
O01318,1,2023-10-21,4,42,3,Mouse,Electronics,East,3,25.0,0.1,12.0,75.0,67.5,36.0,31.5
O01319,1,2023-10-22,2,7,2,Chair,Furniture,South,1,150.0,0.15,90.0,150.0,127.5,90.0,37.5
O01319,2,2023-10-22,4,7,2,Mouse,Electronics,South,5,25.0,0.15,12.0,125.0,106.25,60.0,46.25
O01319,3,2023-10-22,3,7,2,Notebook,Stationery,South,5,5.0,0.05,2.0,25.0,23.75,10.0,13.75
O01320,1,2023-10-22,2,11,4,Chair,Furniture,West,2,150.0,0.05,90.0,300.0,285.0,180.0,105.0
O01320,2,2023-10-22,1,11,4,Laptop,Electronics,West,1,800.0,0.0,500.0,800.0,800.0,500.0,300.0
O01320,3,2023-10-22,1,11,4,Laptop,Electronics,West,4,800.0,0.1,500.0,3200.0,2880.0,2000.0,880.0
O01321,1,2023-10-23,3,26,4,Notebook,Stationery,West,2,5.0,0.15,2.0,10.0,8.5,4.0,4.5
O01322,1,2023-10-23,2,23,3,Chair,Furniture,East,5,150.0,0.05,90.0,750.0,712.5,450.0,262.5
O01322,2,2023-10-23,2,23,3,Chair,Furniture,East,4,150.0,0.15,90.0,600.0,510.0,360.0,150.0
O01323,1,2023-10-24,4,54,3,Mouse,Electronics,East,3,25.0,0.1,12.0,75.0,67.5,36.0,31.5
O01323,2,2023-10-24,2,54,3,Chair,Furniture,East,2,150.0,0.1,90.0,300.0,270.0,180.0,90.0
O01324,1,2023-10-24,2,15,2,Chair,Furniture,South,5,150.0,0.05,90.0,750.0,712.5,450.0,262.5
O01324,2,2023-10-24,1,15,2,Laptop,Electronics,South,5,800.0,0.05,500.0,4000.0,3800.0,2500.0,1300.0
O01324,3,2023-10-24,2,15,2,Chair,Furniture,South,6,150.0,0.05,90.0,900.0,855.0,540.0,315.0
O01325,1,2023-10-25,1,2,4,Laptop,Electronics,West,5,800.0,0.0,500.0,4000.0,4000.0,2500.0,1500.0
O01326,1,2023-10-25,1,72,1,Laptop,Electronics,North,6,800.0,0.15,500.0,4800.0,4080.0,3000.0,1080.0
O01327,1,2023-10-26,4,51,1,Mouse,Electronics,North,6,25.0,0.05,12.0,150.0,142.5,72.0,70.5
O01327,2,2023-10-26,3,51,1,Notebook,Stationery,North,4,5.0,0.0,2.0,20.0,20.0,8.0,12.0
O01328,1,2023-10-26,4,71,3,Mouse,Electronics,East,5,25.0,0.0,12.0,125.0,125.0,60.0,65.0
O01329,1,2023-10-27,4,72,3,Mouse,Electronics,East,5,25.0,0.1,12.0,125.0,112.5,60.0,52.5
O01330,1,2023-10-27,3,46,2,Notebook,Stationery,South,2,5.0,0.0,2.0,10.0,10.0,4.0,6.0
O01330,2,2023-10-27,1,46,2,Laptop,Electronics,South,1,800.0,0.15,500.0,800.0,680.0,500.0,180.0
O01331,1,2023-10-28,2,66,3,Chair,Furniture,East,3,150.0,0.1,90.0,450.0,405.0,270.0,135.0
O01332,1,2023-10-28,3,62,1,Notebook,Stationery,North,4,5.0,0.15,2.0,20.0,17.0,8.0,9.0
O01332,2,2023-10-28,2,62,1,Chair,Furniture,North,2,150.0,0.05,90.0,300.0,285.0,180.0,105.0
O01332,3,2023-10-28,4,62,1,Mouse,Electronics,North,2,25.0,0.0,12.0,50.0,50.0,24.0,26.0
O01333,1,2023-10-29,1,75,1,Laptop,Electronics,North,6,800.0,0.1,500.0,4800.0,4320.0,3000.0,1320.0
O01333,2,2023-10-29,3,75,1,Notebook,Stationery,North,4,5.0,0.15,2.0,20.0,17.0,8.0,9.0
O01333,3,2023-10-29,2,75,1,Chair,Furniture,North,3,150.0,0.1,90.0,450.0,405.0,270.0,135.0
O01334,1,2023-10-29,3,35,3,Notebook,Stationery,East,6,5.0,0.1,2.0,30.0,27.0,12.0,15.0
O01335,1,2023-10-30,4,3,1,Mouse,Electronics,North,3,25.0,0.1,12.0,75.0,67.5,36.0,31.5
O01335,2,2023-10-30,2,3,1,Chair,Furniture,North,5,150.0,0.05,90.0,750.0,712.5,450.0,262.5
O01336,1,2023-10-30,1,30,1,Laptop,Electronics,North,5,800.0,0.1,500.0,4000.0,3600.0,2500.0,1100.0
O01337,1,2023-10-31,1,17,1,Laptop,Electronics,North,3,800.0,0.05,500.0,2400.0,2280.0,1500.0,780.0
O01338,1,2023-10-31,4,77,2,Mouse,Electronics,South,5,25.0,0.1,12.0,125.0,112.5,60.0,52.5
O01338,2,2023-10-31,2,77,2,Chair,Furniture,South,2,150.0,0.15,90.0,300.0,255.0,180.0,75.0
O01339,1,2023-11-01,2,23,3,Chair,Furniture,East,3,150.0,0.1,90.0,450.0,405.0,270.0,135.0
O01339,2,2023-11-01,3,23,3,Notebook,Stationery,East,6,5.0,0.1,2.0,30.0,27.0,12.0,15.0
O01340,1,2023-11-01,4,18,4,Mouse,Electronics,West,2,25.0,0.05,12.0,50.0,47.5,24.0,23.5
O01341,1,2023-11-02,4,37,2,Mouse,Electronics,South,3,25.0,0.05,12.0,75.0,71.25,36.0,35.25
O01341,2,2023-11-02,1,37,2,Laptop,Electronics,South,4,800.0,0.1,500.0,3200.0,2880.0,2000.0,880.0
O01341,3,2023-11-02,2,37,2,Chair,Furniture,South,4,150.0,0.0,90.0,600.0,600.0,360.0,240.0
O01342,1,2023-11-02,3,33,2,Notebook,Stationery,South,3,5.0,0.0,2.0,15.0,15.0,6.0,9.0
O01342,2,2023-11-02,2,33,2,Chair,Furniture,South,5,150.0,0.1,90.0,750.0,675.0,450.0,225.0
O01343,1,2023-11-03,1,49,3,Laptop,Electronics,East,5,800.0,0.05,500.0,4000.0,3800.0,2500.0,1300.0
O01343,2,2023-11-03,1,49,3,Laptop,Electronics,East,3,800.0,0.15,500.0,2400.0,2040.0,1500.0,540.0
O01343,3,2023-11-03,4,49,3,Mouse,Electronics,East,4,25.0,0.05,12.0,100.0,95.0,48.0,47.0
O01344,1,2023-11-03,2,15,1,Chair,Furniture,North,3,150.0,0.05,90.0,450.0,427.5,270.0,157.5
O01344,2,2023-11-03,2,15,1,Chair,Furniture,North,4,150.0,0.1,90.0,600.0,540.0,360.0,180.0
O01345,1,2023-11-04,2,46,1,Chair,Furniture,North,3,150.0,0.05,90.0,450.0,427.5,270.0,157.5
O01346,1,2023-11-04,1,77,4,Laptop,Electronics,West,2,800.0,0.15,500.0,1600.0,1360.0,1000.0,360.0
O01347,1,2023-11-05,4,43,3,Mouse,Electronics,East,3,25.0,0.05,12.0,75.0,71.25,36.0,35.25
O01347,2,2023-11-05,4,43,3,Mouse,Electronics,East,4,25.0,0.1,12.0,100.0,90.0,48.0,42.0
O01347,3,2023-11-05,4,43,3,Mouse,Electronics,East,4,25.0,0.1,12.0,100.0,90.0,48.0,42.0
O01348,1,2023-11-05,2,60,1,Chair,Furniture,North,6,150.0,0.1,90.0,900.0,810.0,540.0,270.0
O01348,2,2023-11-05,4,60,1,Mouse,Electronics,North,4,25.0,0.1,12.0,100.0,90.0,48.0,42.0
O01348,3,2023-11-05,4,60,1,Mouse,Electronics,North,5,25.0,0.15,12.0,125.0,106.25,60.0,46.25
O01349,1,2023-11-06,4,6,2,Mouse,Electronics,South,3,25.0,0.1,12.0,75.0,67.5,36.0,31.5
O01350,1,2023-11-06,4,60,4,Mouse,Electronics,West,3,25.0,0.15,12.0,75.0,63.75,36.0,27.75
O01350,2,2023-11-06,4,60,4,Mouse,Electronics,West,1,25.0,0.15,12.0,25.0,21.25,12.0,9.25
O01351,1,2023-11-07,1,38,2,Laptop,Electronics,South,1,800.0,0.1,500.0,800.0,720.0,500.0,220.0
O01351,2,2023-11-07,4,38,2,Mouse,Electronics,South,5,25.0,0.15,12.0,125.0,106.25,60.0,46.25
O01352,1,2023-11-07,2,69,2,Chair,Furniture,South,5,150.0,0.1,90.0,750.0,675.0,450.0,225.0
O01352,2,2023-11-07,2,69,2,Chair,Furniture,South,4,150.0,0.15,90.0,600.0,510.0,360.0,150.0
O01353,1,2023-11-08,2,71,3,Chair,Furniture,East,2,150.0,0.1,90.0,300.0,270.0,180.0,90.0
O01354,1,2023-11-08,4,76,3,Mouse,Electronics,East,3,25.0,0.0,12.0,75.0,75.0,36.0,39.0
O01354,2,2023-11-08,3,76,3,Notebook,Stationery,East,3,5.0,0.1,2.0,15.0,13.5,6.0,7.5
O01354,3,2023-11-08,3,76,3,Notebook,Stationery,East,1,5.0,0.1,2.0,5.0,4.5,2.0,2.5
O01355,1,2023-11-09,1,13,3,Laptop,Electronics,East,6,800.0,0.0,500.0,4800.0,4800.0,3000.0,1800.0
O01355,2,2023-11-09,4,13,3,Mouse,Electronics,East,6,25.0,0.15,12.0,150.0,127.5,72.0,55.5
O01355,3,2023-11-09,4,13,3,Mouse,Electronics,East,5,25.0,0.1,12.0,125.0,112.5,60.0,52.5
O01356,1,2023-11-09,3,54,3,Notebook,Stationery,East,1,5.0,0.0,2.0,5.0,5.0,2.0,3.0
O01356,2,2023-11-09,3,54,3,Notebook,Stationery,East,5,5.0,0.1,2.0,25.0,22.5,10.0,12.5
O01356,3,2023-11-09,4,54,3,Mouse,Electronics,East,2,25.0,0.0,12.0,50.0,50.0,24.0,26.0
O01357,1,2023-11-10,4,21,1,Mouse,Electronics,North,4,25.0,0.0,12.0,100.0,100.0,48.0,52.0
O01357,2,2023-11-10,2,21,1,Chair,Furniture,North,2,150.0,0.1,90.0,300.0,270.0,180.0,90.0
O01358,1,2023-11-10,4,29,4,Mouse,Electronics,West,1,25.0,0.15,12.0,25.0,21.25,12.0,9.25
O01358,2,2023-11-10,4,29,4,Mouse,Electronics,West,3,25.0,0.1,12.0,75.0,67.5,36.0,31.5
O01358,3,2023-11-10,1,29,4,Laptop,Electronics,West,6,800.0,0.15,500.0,4800.0,4080.0,3000.0,1080.0
O01359,1,2023-11-11,2,9,2,Chair,Furniture,South,3,150.0,0.05,90.0,450.0,427.5,270.0,157.5
O01360,1,2023-11-11,2,60,4,Chair,Furniture,West,2,150.0,0.15,90.0,300.0,255.0,180.0,75.0
O01360,2,2023-11-11,4,60,4,Mouse,Electronics,West,6,25.0,0.0,12.0,150.0,150.0,72.0,78.0
O01361,1,2023-11-12,2,47,1,Chair,Furniture,North,3,150.0,0.0,90.0,450.0,450.0,270.0,180.0
O01361,2,2023-11-12,4,47,1,Mouse,Electronics,North,6,25.0,0.05,12.0,150.0,142.5,72.0,70.5
O01362,1,2023-11-12,1,9,1,Laptop,Electronics,North,5,800.0,0.1,500.0,4000.0,3600.0,2500.0,1100.0
O01363,1,2023-11-13,4,29,1,Mouse,Electronics,North,6,25.0,0.05,12.0,150.0,142.5,72.0,70.5
O01364,1,2023-11-13,2,50,4,Chair,Furniture,West,6,150.0,0.15,90.0,900.0,765.0,540.0,225.0
O01364,2,2023-11-13,1,50,4,Laptop,Electronics,West,1,800.0,0.1,500.0,800.0,720.0,500.0,220.0
O01364,3,2023-11-13,4,50,4,Mouse,Electronics,West,4,25.0,0.1,12.0,100.0,90.0,48.0,42.0
O01365,1,2023-11-14,1,55,2,Laptop,Electronics,South,4,800.0,0.0,500.0,3200.0,3200.0,2000.0,1200.0
O01366,1,2023-11-14,3,33,1,Notebook,Stationery,North,1,5.0,0.1,2.0,5.0,4.5,2.0,2.5
O01367,1,2023-11-15,3,63,4,Notebook,Stationery,West,5,5.0,0.0,2.0,25.0,25.0,10.0,15.0
O01367,2,2023-11-15,4,63,4,Mouse,Electronics,West,5,25.0,0.0,12.0,125.0,125.0,60.0,65.0
O01367,3,2023-11-15,3,63,4,Notebook,Stationery,West,6,5.0,0.05,2.0,30.0,28.5,12.0,16.5
O01368,1,2023-11-15,3,46,4,Notebook,Stationery,West,1,5.0,0.0,2.0,5.0,5.0,2.0,3.0
O01369,1,2023-11-16,2,68,1,Chair,Furniture,North,6,150.0,0.0,90.0,900.0,900.0,540.0,360.0
O01369,2,2023-11-16,2,68,1,Chair,Furniture,North,5,150.0,0.15,90.0,750.0,637.5,450.0,187.5
O01370,1,2023-11-16,1,67,3,Laptop,Electronics,East,6,800.0,0.1,500.0,4800.0,4320.0,3000.0,1320.0
O01370,2,2023-11-16,1,67,3,Laptop,Electronics,East,3,800.0,0.15,500.0,2400.0,2040.0,1500.0,540.0
O01370,3,2023-11-16,4,67,3,Mouse,Electronics,East,2,25.0,0.05,12.0,50.0,47.5,24.0,23.5
O01371,1,2023-11-17,4,39,1,Mouse,Electronics,North,1,25.0,0.0,12.0,25.0,25.0,12.0,13.0
O01372,1,2023-11-17,1,75,1,Laptop,Electronics,North,5,800.0,0.1,500.0,4000.0,3600.0,2500.0,1100.0
O01372,2,2023-11-17,2,75,1,Chair,Furniture,North,3,150.0,0.0,90.0,450.0,450.0,270.0,180.0
O01372,3,2023-11-17,3,75,1,Notebook,Stationery,North,5,5.0,0.0,2.0,25.0,25.0,10.0,15.0
O01373,1,2023-11-18,2,22,2,Chair,Furniture,South,5,150.0,0.15,90.0,750.0,637.5,450.0,187.5
O01373,2,2023-11-18,3,22,2,Notebook,Stationery,South,5,5.0,0.15,2.0,25.0,21.25,10.0,11.25
O01373,3,2023-11-18,1,22,2,Laptop,Electronics,South,3,800.0,0.05,500.0,2400.0,2280.0,1500.0,780.0
O01374,1,2023-11-18,2,5,3,Chair,Furniture,East,5,150.0,0.15,90.0,750.0,637.5,450.0,187.5
O01374,2,2023-11-18,1,5,3,Laptop,Electronics,East,4,800.0,0.0,500.0,3200.0,3200.0,2000.0,1200.0
O01374,3,2023-11-18,3,5,3,Notebook,Stationery,East,5,5.0,0.1,2.0,25.0,22.5,10.0,12.5
O01375,1,2023-11-19,4,56,2,Mouse,Electronics,South,3,25.0,0.0,12.0,75.0,75.0,36.0,39.0
O01375,2,2023-11-19,2,56,2,Chair,Furniture,South,5,150.0,0.1,90.0,750.0,675.0,450.0,225.0
O01375,3,2023-11-19,4,56,2,Mouse,Electronics,South,5,25.0,0.15,12.0,125.0,106.25,60.0,46.25
O01376,1,2023-11-19,2,77,2,Chair,Furniture,South,3,150.0,0.05,90.0,450.0,427.5,270.0,157.5
O01376,2,2023-11-19,1,77,2,Laptop,Electronics,South,6,800.0,0.05,500.0,4800.0,4560.0,3000.0,1560.0
O01377,1,2023-11-20,4,7,3,Mouse,Electronics,East,6,25.0,0.15,12.0,150.0,127.5,72.0,55.5
O01377,2,2023-11-20,4,7,3,Mouse,Electronics,East,6,25.0,0.1,12.0,150.0,135.0,72.0,63.0
O01377,3,2023-11-20,2,7,3,Chair,Furniture,East,2,150.0,0.05,90.0,300.0,285.0,180.0,105.0
O01378,1,2023-11-20,3,8,3,Notebook,Stationery,East,1,5.0,0.1,2.0,5.0,4.5,2.0,2.5
O01378,2,2023-11-20,3,8,3,Notebook,Stationery,East,3,5.0,0.15,2.0,15.0,12.75,6.0,6.75
O01378,3,2023-11-20,4,8,3,Mouse,Electronics,East,2,25.0,0.05,12.0,50.0,47.5,24.0,23.5
O01379,1,2023-11-21,1,16,3,Laptop,Electronics,East,4,800.0,0.0,500.0,3200.0,3200.0,2000.0,1200.0
O01379,2,2023-11-21,3,16,3,Notebook,Stationery,East,4,5.0,0.15,2.0,20.0,17.0,8.0,9.0
O01380,1,2023-11-21,3,53,4,Notebook,Stationery,West,3,5.0,0.05,2.0,15.0,14.25,6.0,8.25
O01380,2,2023-11-21,1,53,4,Laptop,Electronics,West,6,800.0,0.1,500.0,4800.0,4320.0,3000.0,1320.0
O01381,1,2023-11-22,2,32,1,Chair,Furniture,North,6,150.0,0.15,90.0,900.0,765.0,540.0,225.0
O01381,2,2023-11-22,4,32,1,Mouse,Electronics,North,3,25.0,0.1,12.0,75.0,67.5,36.0,31.5
O01382,1,2023-11-22,2,39,1,Chair,Furniture,North,6,150.0,0.1,90.0,900.0,810.0,540.0,270.0
O01382,2,2023-11-22,4,39,1,Mouse,Electronics,North,3,25.0,0.1,12.0,75.0,67.5,36.0,31.5
O01383,1,2023-11-23,2,8,2,Chair,Furniture,South,3,150.0,0.05,90.0,450.0,427.5,270.0,157.5
O01384,1,2023-11-23,2,71,2,Chair,Furniture,South,5,150.0,0.15,90.0,750.0,637.5,450.0,187.5
O01384,2,2023-11-23,1,71,2,Laptop,Electronics,South,6,800.0,0.0,500.0,4800.0,4800.0,3000.0,1800.0
O01385,1,2023-11-24,4,75,4,Mouse,Electronics,West,1,25.0,0.0,12.0,25.0,25.0,12.0,13.0
O01386,1,2023-11-24,4,71,3,Mouse,Electronics,East,2,25.0,0.15,12.0,50.0,42.5,24.0,18.5
O01387,1,2023-11-25,1,40,3,Laptop,Electronics,East,3,800.0,0.1,500.0,2400.0,2160.0,1500.0,660.0
O01387,2,2023-11-25,2,40,3,Chair,Furniture,East,5,150.0,0.05,90.0,750.0,712.5,450.0,262.5
O01388,1,2023-11-25,2,33,3,Chair,Furniture,East,6,150.0,0.05,90.0,900.0,855.0,540.0,315.0
O01388,2,2023-11-25,3,33,3,Notebook,Stationery,East,5,5.0,0.1,2.0,25.0,22.5,10.0,12.5
O01389,1,2023-11-26,2,69,3,Chair,Furniture,East,6,150.0,0.0,90.0,900.0,900.0,540.0,360.0
O01389,2,2023-11-26,3,69,3,Notebook,Stationery,East,5,5.0,0.0,2.0,25.0,25.0,10.0,15.0
O01390,1,2023-11-26,3,2,3,Notebook,Stationery,East,3,5.0,0.0,2.0,15.0,15.0,6.0,9.0
O01390,2,2023-11-26,3,2,3,Notebook,Stationery,East,6,5.0,0.1,2.0,30.0,27.0,12.0,15.0
O01390,3,2023-11-26,2,2,3,Chair,Furniture,East,3,150.0,0.15,90.0,450.0,382.5,270.0,112.5
O01391,1,2023-11-27,4,35,1,Mouse,Electronics,North,5,25.0,0.05,12.0,125.0,118.75,60.0,58.75
O01392,1,2023-11-27,3,5,3,Notebook,Stationery,East,6,5.0,0.15,2.0,30.0,25.5,12.0,13.5
O01392,2,2023-11-27,3,5,3,Notebook,Stationery,East,1,5.0,0.0,2.0,5.0,5.0,2.0,3.0
O01392,3,2023-11-27,2,5,3,Chair,Furniture,East,6,150.0,0.1,90.0,900.0,810.0,540.0,270.0
O01393,1,2023-11-28,4,15,4,Mouse,Electronics,West,2,25.0,0.0,12.0,50.0,50.0,24.0,26.0
O01393,2,2023-11-28,1,15,4,Laptop,Electronics,West,6,800.0,0.0,500.0,4800.0,4800.0,3000.0,1800.0
O01394,1,2023-11-28,1,27,3,Laptop,Electronics,East,6,800.0,0.0,500.0,4800.0,4800.0,3000.0,1800.0
O01395,1,2023-11-29,2,31,4,Chair,Furniture,West,4,150.0,0.0,90.0,600.0,600.0,360.0,240.0
O01396,1,2023-11-29,1,13,2,Laptop,Electronics,South,6,800.0,0.15,500.0,4800.0,4080.0,3000.0,1080.0
O01397,1,2023-11-30,3,12,4,Notebook,Stationery,West,4,5.0,0.05,2.0,20.0,19.0,8.0,11.0
O01397,2,2023-11-30,4,12,4,Mouse,Electronics,West,5,25.0,0.15,12.0,125.0,106.25,60.0,46.25
O01398,1,2023-11-30,2,63,3,Chair,Furniture,East,6,150.0,0.15,90.0,900.0,765.0,540.0,225.0
O01399,1,2023-12-01,2,17,3,Chair,Furniture,East,5,150.0,0.1,90.0,750.0,675.0,450.0,225.0
O01399,2,2023-12-01,4,17,3,Mouse,Electronics,East,3,25.0,0.15,12.0,75.0,63.75,36.0,27.75
O01399,3,2023-12-01,2,17,3,Chair,Furniture,East,1,150.0,0.05,90.0,150.0,142.5,90.0,52.5
O01400,1,2023-12-01,4,67,3,Mouse,Electronics,East,5,25.0,0.15,12.0,125.0,106.25,60.0,46.25
O01400,2,2023-12-01,4,67,3,Mouse,Electronics,East,2,25.0,0.0,12.0,50.0,50.0,24.0,26.0
O01401,1,2023-12-02,2,3,2,Chair,Furniture,South,3,150.0,0.15,90.0,450.0,382.5,270.0,112.5
O01401,2,2023-12-02,2,3,2,Chair,Furniture,South,3,150.0,0.0,90.0,450.0,450.0,270.0,180.0
O01402,1,2023-12-02,4,55,2,Mouse,Electronics,South,2,25.0,0.05,12.0,50.0,47.5,24.0,23.5
O01402,2,2023-12-02,1,55,2,Laptop,Electronics,South,4,800.0,0.0,500.0,3200.0,3200.0,2000.0,1200.0
O01403,1,2023-12-03,4,9,2,Mouse,Electronics,South,3,25.0,0.15,12.0,75.0,63.75,36.0,27.75
O01403,2,2023-12-03,2,9,2,Chair,Furniture,South,3,150.0,0.15,90.0,450.0,382.5,270.0,112.5
O01403,3,2023-12-03,2,9,2,Chair,Furniture,South,5,150.0,0.1,90.0,750.0,675.0,450.0,225.0
O01404,1,2023-12-03,4,4,3,Mouse,Electronics,East,6,25.0,0.0,12.0,150.0,150.0,72.0,78.0
O01404,2,2023-12-03,3,4,3,Notebook,Stationery,East,1,5.0,0.0,2.0,5.0,5.0,2.0,3.0
O01404,3,2023-12-03,3,4,3,Notebook,Stationery,East,4,5.0,0.05,2.0,20.0,19.0,8.0,11.0
O01405,1,2023-12-04,3,76,2,Notebook,Stationery,South,1,5.0,0.05,2.0,5.0,4.75,2.0,2.75
O01405,2,2023-12-04,1,76,2,Laptop,Electronics,South,5,800.0,0.1,500.0,4000.0,3600.0,2500.0,1100.0
O01405,3,2023-12-04,1,76,2,Laptop,Electronics,South,6,800.0,0.1,500.0,4800.0,4320.0,3000.0,1320.0
O01406,1,2023-12-04,4,68,3,Mouse,Electronics,East,4,25.0,0.1,12.0,100.0,90.0,48.0,42.0
O01407,1,2023-12-05,2,39,3,Chair,Furniture,East,4,150.0,0.0,90.0,600.0,600.0,360.0,240.0
O01407,2,2023-12-05,1,39,3,Laptop,Electronics,East,5,800.0,0.15,500.0,4000.0,3400.0,2500.0,900.0
O01407,3,2023-12-05,2,39,3,Chair,Furniture,East,1,150.0,0.15,90.0,150.0,127.5,90.0,37.5
O01408,1,2023-12-05,4,41,3,Mouse,Electronics,East,3,25.0,0.0,12.0,75.0,75.0,36.0,39.0
O01408,2,2023-12-05,3,41,3,Notebook,Stationery,East,1,5.0,0.15,2.0,5.0,4.25,2.0,2.25
O01409,1,2023-12-06,4,80,4,Mouse,Electronics,West,4,25.0,0.1,12.0,100.0,90.0,48.0,42.0
O01410,1,2023-12-06,2,24,1,Chair,Furniture,North,5,150.0,0.15,90.0,750.0,637.5,450.0,187.5
O01410,2,2023-12-06,4,24,1,Mouse,Electronics,North,1,25.0,0.0,12.0,25.0,25.0,12.0,13.0
O01410,3,2023-12-06,2,24,1,Chair,Furniture,North,4,150.0,0.0,90.0,600.0,600.0,360.0,240.0
O01411,1,2023-12-07,4,26,2,Mouse,Electronics,South,1,25.0,0.0,12.0,25.0,25.0,12.0,13.0
O01411,2,2023-12-07,1,26,2,Laptop,Electronics,South,1,800.0,0.1,500.0,800.0,720.0,500.0,220.0
O01411,3,2023-12-07,3,26,2,Notebook,Stationery,South,3,5.0,0.05,2.0,15.0,14.25,6.0,8.25
O01412,1,2023-12-07,4,34,3,Mouse,Electronics,East,5,25.0,0.1,12.0,125.0,112.5,60.0,52.5
O01412,2,2023-12-07,2,34,3,Chair,Furniture,East,6,150.0,0.15,90.0,900.0,765.0,540.0,225.0
O01412,3,2023-12-07,3,34,3,Notebook,Stationery,East,4,5.0,0.05,2.0,20.0,19.0,8.0,11.0
O01413,1,2023-12-08,2,46,4,Chair,Furniture,West,6,150.0,0.15,90.0,900.0,765.0,540.0,225.0
O01413,2,2023-12-08,1,46,4,Laptop,Electronics,West,2,800.0,0.1,500.0,1600.0,1440.0,1000.0,440.0
O01413,3,2023-12-08,1,46,4,Laptop,Electronics,West,4,800.0,0.15,500.0,3200.0,2720.0,2000.0,720.0
O01414,1,2023-12-08,2,1,1,Chair,Furniture,North,1,150.0,0.05,90.0,150.0,142.5,90.0,52.5
O01415,1,2023-12-09,2,3,4,Chair,Furniture,West,2,150.0,0.05,90.0,300.0,285.0,180.0,105.0
O01416,1,2023-12-09,3,59,2,Notebook,Stationery,South,6,5.0,0.1,2.0,30.0,27.0,12.0,15.0
O01417,1,2023-12-10,2,15,4,Chair,Furniture,West,1,150.0,0.15,90.0,150.0,127.5,90.0,37.5
O01417,2,2023-12-10,4,15,4,Mouse,Electronics,West,3,25.0,0.15,12.0,75.0,63.75,36.0,27.75
O01418,1,2023-12-10,2,55,2,Chair,Furniture,South,6,150.0,0.05,90.0,900.0,855.0,540.0,315.0
O01419,1,2023-12-11,2,63,4,Chair,Furniture,West,1,150.0,0.1,90.0,150.0,135.0,90.0,45.0
O01420,1,2023-12-11,3,63,4,Notebook,Stationery,West,1,5.0,0.15,2.0,5.0,4.25,2.0,2.25
O01420,2,2023-12-11,3,63,4,Notebook,Stationery,West,6,5.0,0.1,2.0,30.0,27.0,12.0,15.0
O01421,1,2023-12-12,1,32,2,Laptop,Electronics,South,3,800.0,0.1,500.0,2400.0,2160.0,1500.0,660.0
O01421,2,2023-12-12,1,32,2,Laptop,Electronics,South,4,800.0,0.1,500.0,3200.0,2880.0,2000.0,880.0
O01422,1,2023-12-12,3,26,3,Notebook,Stationery,East,4,5.0,0.0,2.0,20.0,20.0,8.0,12.0
O01422,2,2023-12-12,3,26,3,Notebook,Stationery,East,4,5.0,0.05,2.0,20.0,19.0,8.0,11.0
O01423,1,2023-12-13,4,23,2,Mouse,Electronics,South,5,25.0,0.1,12.0,125.0,112.5,60.0,52.5
O01423,2,2023-12-13,3,23,2,Notebook,Stationery,South,5,5.0,0.1,2.0,25.0,22.5,10.0,12.5
O01423,3,2023-12-13,3,23,2,Notebook,Stationery,South,4,5.0,0.15,2.0,20.0,17.0,8.0,9.0
O01424,1,2023-12-13,1,26,1,Laptop,Electronics,North,6,800.0,0.15,500.0,4800.0,4080.0,3000.0,1080.0
O01424,2,2023-12-13,3,26,1,Notebook,Stationery,North,4,5.0,0.15,2.0,20.0,17.0,8.0,9.0
O01425,1,2023-12-14,1,17,2,Laptop,Electronics,South,1,800.0,0.05,500.0,800.0,760.0,500.0,260.0
O01425,2,2023-12-14,1,17,2,Laptop,Electronics,South,6,800.0,0.0,500.0,4800.0,4800.0,3000.0,1800.0
O01425,3,2023-12-14,2,17,2,Chair,Furniture,South,1,150.0,0.05,90.0,150.0,142.5,90.0,52.5
O01426,1,2023-12-14,1,13,2,Laptop,Electronics,South,3,800.0,0.1,500.0,2400.0,2160.0,1500.0,660.0
O01427,1,2023-12-15,1,2,2,Laptop,Electronics,South,6,800.0,0.0,500.0,4800.0,4800.0,3000.0,1800.0
O01427,2,2023-12-15,4,2,2,Mouse,Electronics,South,1,25.0,0.1,12.0,25.0,22.5,12.0,10.5
O01428,1,2023-12-15,2,71,4,Chair,Furniture,West,4,150.0,0.15,90.0,600.0,510.0,360.0,150.0
O01428,2,2023-12-15,4,71,4,Mouse,Electronics,West,6,25.0,0.05,12.0,150.0,142.5,72.0,70.5
O01429,1,2023-12-16,2,76,1,Chair,Furniture,North,2,150.0,0.15,90.0,300.0,255.0,180.0,75.0
O01429,2,2023-12-16,3,76,1,Notebook,Stationery,North,6,5.0,0.05,2.0,30.0,28.5,12.0,16.5
O01429,3,2023-12-16,1,76,1,Laptop,Electronics,North,5,800.0,0.0,500.0,4000.0,4000.0,2500.0,1500.0
O01430,1,2023-12-16,3,24,3,Notebook,Stationery,East,4,5.0,0.1,2.0,20.0,18.0,8.0,10.0
O01431,1,2023-12-17,1,48,2,Laptop,Electronics,South,6,800.0,0.1,500.0,4800.0,4320.0,3000.0,1320.0
O01432,1,2023-12-17,1,42,1,Laptop,Electronics,North,6,800.0,0.15,500.0,4800.0,4080.0,3000.0,1080.0
O01433,1,2023-12-18,3,39,3,Notebook,Stationery,East,5,5.0,0.15,2.0,25.0,21.25,10.0,11.25
O01433,2,2023-12-18,1,39,3,Laptop,Electronics,East,1,800.0,0.1,500.0,800.0,720.0,500.0,220.0
O01433,3,2023-12-18,3,39,3,Notebook,Stationery,East,6,5.0,0.0,2.0,30.0,30.0,12.0,18.0
O01434,1,2023-12-18,2,68,2,Chair,Furniture,South,1,150.0,0.0,90.0,150.0,150.0,90.0,60.0
O01435,1,2023-12-19,2,11,3,Chair,Furniture,East,2,150.0,0.05,90.0,300.0,285.0,180.0,105.0
O01436,1,2023-12-19,3,59,2,Notebook,Stationery,South,4,5.0,0.0,2.0,20.0,20.0,8.0,12.0
O01436,2,2023-12-19,2,59,2,Chair,Furniture,South,3,150.0,0.0,90.0,450.0,450.0,270.0,180.0
O01437,1,2023-12-20,3,21,1,Notebook,Stationery,North,5,5.0,0.05,2.0,25.0,23.75,10.0,13.75
O01437,2,2023-12-20,2,21,1,Chair,Furniture,North,1,150.0,0.1,90.0,150.0,135.0,90.0,45.0
O01437,3,2023-12-20,3,21,1,Notebook,Stationery,North,5,5.0,0.0,2.0,25.0,25.0,10.0,15.0
O01438,1,2023-12-20,1,16,4,Laptop,Electronics,West,3,800.0,0.15,500.0,2400.0,2040.0,1500.0,540.0
O01438,2,2023-12-20,3,16,4,Notebook,Stationery,West,6,5.0,0.15,2.0,30.0,25.5,12.0,13.5
O01438,3,2023-12-20,1,16,4,Laptop,Electronics,West,6,800.0,0.0,500.0,4800.0,4800.0,3000.0,1800.0
O01439,1,2023-12-21,4,23,2,Mouse,Electronics,South,4,25.0,0.1,12.0,100.0,90.0,48.0,42.0
O01439,2,2023-12-21,1,23,2,Laptop,Electronics,South,3,800.0,0.05,500.0,2400.0,2280.0,1500.0,780.0
O01439,3,2023-12-21,4,23,2,Mouse,Electronics,South,4,25.0,0.1,12.0,100.0,90.0,48.0,42.0
O01440,1,2023-12-21,3,32,1,Notebook,Stationery,North,1,5.0,0.05,2.0,5.0,4.75,2.0,2.75
O01440,2,2023-12-21,1,32,1,Laptop,Electronics,North,4,800.0,0.0,500.0,3200.0,3200.0,2000.0,1200.0
O01440,3,2023-12-21,4,32,1,Mouse,Electronics,North,5,25.0,0.0,12.0,125.0,125.0,60.0,65.0
O01441,1,2023-12-22,4,54,4,Mouse,Electronics,West,3,25.0,0.05,12.0,75.0,71.25,36.0,35.25
O01442,1,2023-12-22,4,33,3,Mouse,Electronics,East,3,25.0,0.15,12.0,75.0,63.75,36.0,27.75
O01443,1,2023-12-23,4,59,4,Mouse,Electronics,West,6,25.0,0.1,12.0,150.0,135.0,72.0,63.0
O01444,1,2023-12-23,1,9,1,Laptop,Electronics,North,6,800.0,0.1,500.0,4800.0,4320.0,3000.0,1320.0
O01444,2,2023-12-23,4,9,1,Mouse,Electronics,North,6,25.0,0.15,12.0,150.0,127.5,72.0,55.5
O01445,1,2023-12-24,4,10,3,Mouse,Electronics,East,5,25.0,0.1,12.0,125.0,112.5,60.0,52.5
O01445,2,2023-12-24,3,10,3,Notebook,Stationery,East,4,5.0,0.1,2.0,20.0,18.0,8.0,10.0
O01445,3,2023-12-24,1,10,3,Laptop,Electronics,East,6,800.0,0.05,500.0,4800.0,4560.0,3000.0,1560.0
O01446,1,2023-12-24,3,14,4,Notebook,Stationery,West,4,5.0,0.15,2.0,20.0,17.0,8.0,9.0
O01446,2,2023-12-24,2,14,4,Chair,Furniture,West,1,150.0,0.1,90.0,150.0,135.0,90.0,45.0
O01446,3,2023-12-24,4,14,4,Mouse,Electronics,West,6,25.0,0.05,12.0,150.0,142.5,72.0,70.5
O01447,1,2023-12-25,3,18,1,Notebook,Stationery,North,4,5.0,0.05,2.0,20.0,19.0,8.0,11.0
O01447,2,2023-12-25,4,18,1,Mouse,Electronics,North,3,25.0,0.15,12.0,75.0,63.75,36.0,27.75
O01447,3,2023-12-25,4,18,1,Mouse,Electronics,North,2,25.0,0.05,12.0,50.0,47.5,24.0,23.5
O01448,1,2023-12-25,4,11,1,Mouse,Electronics,North,4,25.0,0.0,12.0,100.0,100.0,48.0,52.0
O01448,2,2023-12-25,1,11,1,Laptop,Electronics,North,4,800.0,0.1,500.0,3200.0,2880.0,2000.0,880.0
O01449,1,2023-12-26,2,50,4,Chair,Furniture,West,1,150.0,0.0,90.0,150.0,150.0,90.0,60.0
O01449,2,2023-12-26,3,50,4,Notebook,Stationery,West,2,5.0,0.0,2.0,10.0,10.0,4.0,6.0
O01450,1,2023-12-26,3,20,4,Notebook,Stationery,West,4,5.0,0.1,2.0,20.0,18.0,8.0,10.0
O01451,1,2023-12-27,1,19,1,Laptop,Electronics,North,3,800.0,0.15,500.0,2400.0,2040.0,1500.0,540.0
O01451,2,2023-12-27,3,19,1,Notebook,Stationery,North,1,5.0,0.05,2.0,5.0,4.75,2.0,2.75
O01452,1,2023-12-27,3,50,3,Notebook,Stationery,East,3,5.0,0.0,2.0,15.0,15.0,6.0,9.0
O01452,2,2023-12-27,2,50,3,Chair,Furniture,East,6,150.0,0.1,90.0,900.0,810.0,540.0,270.0
O01452,3,2023-12-27,4,50,3,Mouse,Electronics,East,6,25.0,0.0,12.0,150.0,150.0,72.0,78.0
O01453,1,2023-12-28,2,1,1,Chair,Furniture,North,4,150.0,0.1,90.0,600.0,540.0,360.0,180.0
O01454,1,2023-12-28,1,76,2,Laptop,Electronics,South,4,800.0,0.1,500.0,3200.0,2880.0,2000.0,880.0
O01454,2,2023-12-28,4,76,2,Mouse,Electronics,South,1,25.0,0.15,12.0,25.0,21.25,12.0,9.25
O01454,3,2023-12-28,2,76,2,Chair,Furniture,South,6,150.0,0.15,90.0,900.0,765.0,540.0,225.0
O01455,1,2023-12-29,2,60,4,Chair,Furniture,West,1,150.0,0.15,90.0,150.0,127.5,90.0,37.5
O01455,2,2023-12-29,4,60,4,Mouse,Electronics,West,1,25.0,0.0,12.0,25.0,25.0,12.0,13.0
O01456,1,2023-12-29,2,26,3,Chair,Furniture,East,4,150.0,0.1,90.0,600.0,540.0,360.0,180.0
O01457,1,2023-12-30,1,10,3,Laptop,Electronics,East,3,800.0,0.15,500.0,2400.0,2040.0,1500.0,540.0
O01458,1,2023-12-30,2,18,4,Chair,Furniture,West,4,150.0,0.05,90.0,600.0,570.0,360.0,210.0
O01458,2,2023-12-30,1,18,4,Laptop,Electronics,West,3,800.0,0.1,500.0,2400.0,2160.0,1500.0,660.0
O01459,1,2023-12-31,4,75,3,Mouse,Electronics,East,4,25.0,0.1,12.0,100.0,90.0,48.0,42.0
O01460,1,2023-12-31,2,9,1,Chair,Furniture,North,4,150.0,0.05,90.0,600.0,570.0,360.0,210.0
O01460,2,2023-12-31,3,9,1,Notebook,Stationery,North,1,5.0,0.0,2.0,5.0,5.0,2.0,3.0
O01460,3,2023-12-31,2,9,1,Chair,Furniture,North,5,150.0,0.15,90.0,750.0,637.5,450.0,187.5
O01461,1,2024-01-01,4,33,3,Mouse,Electronics,East,5,25.0,0.05,12.0,125.0,118.75,60.0,58.75
O01461,2,2024-01-01,1,33,3,Laptop,Electronics,East,1,800.0,0.05,500.0,800.0,760.0,500.0,260.0
O01462,1,2024-01-01,2,74,2,Chair,Furniture,South,6,150.0,0.15,90.0,900.0,765.0,540.0,225.0
O01463,1,2024-01-02,1,61,3,Laptop,Electronics,East,5,800.0,0.0,500.0,4000.0,4000.0,2500.0,1500.0
O01464,1,2024-01-02,1,42,3,Laptop,Electronics,East,3,800.0,0.05,500.0,2400.0,2280.0,1500.0,780.0
O01464,2,2024-01-02,4,42,3,Mouse,Electronics,East,6,25.0,0.15,12.0,150.0,127.5,72.0,55.5
O01464,3,2024-01-02,1,42,3,Laptop,Electronics,East,3,800.0,0.15,500.0,2400.0,2040.0,1500.0,540.0
O01465,1,2024-01-03,4,2,1,Mouse,Electronics,North,5,25.0,0.05,12.0,125.0,118.75,60.0,58.75
O01465,2,2024-01-03,2,2,1,Chair,Furniture,North,3,150.0,0.15,90.0,450.0,382.5,270.0,112.5
O01466,1,2024-01-03,4,12,1,Mouse,Electronics,North,1,25.0,0.15,12.0,25.0,21.25,12.0,9.25
O01466,2,2024-01-03,1,12,1,Laptop,Electronics,North,5,800.0,0.15,500.0,4000.0,3400.0,2500.0,900.0
O01467,1,2024-01-04,2,28,2,Chair,Furniture,South,4,150.0,0.0,90.0,600.0,600.0,360.0,240.0
O01467,2,2024-01-04,4,28,2,Mouse,Electronics,South,3,25.0,0.05,12.0,75.0,71.25,36.0,35.25
O01467,3,2024-01-04,3,28,2,Notebook,Stationery,South,2,5.0,0.15,2.0,10.0,8.5,4.0,4.5
O01468,1,2024-01-04,4,27,3,Mouse,Electronics,East,2,25.0,0.1,12.0,50.0,45.0,24.0,21.0
O01468,2,2024-01-04,4,27,3,Mouse,Electronics,East,2,25.0,0.05,12.0,50.0,47.5,24.0,23.5
O01469,1,2024-01-05,2,60,3,Chair,Furniture,East,3,150.0,0.05,90.0,450.0,427.5,270.0,157.5
O01469,2,2024-01-05,1,60,3,Laptop,Electronics,East,6,800.0,0.15,500.0,4800.0,4080.0,3000.0,1080.0
O01470,1,2024-01-05,2,36,3,Chair,Furniture,East,6,150.0,0.0,90.0,900.0,900.0,540.0,360.0
O01471,1,2024-01-06,3,9,3,Notebook,Stationery,East,1,5.0,0.0,2.0,5.0,5.0,2.0,3.0
O01471,2,2024-01-06,1,9,3,Laptop,Electronics,East,1,800.0,0.1,500.0,800.0,720.0,500.0,220.0
O01471,3,2024-01-06,1,9,3,Laptop,Electronics,East,4,800.0,0.0,500.0,3200.0,3200.0,2000.0,1200.0
O01472,1,2024-01-06,2,8,3,Chair,Furniture,East,3,150.0,0.0,90.0,450.0,450.0,270.0,180.0
O01472,2,2024-01-06,4,8,3,Mouse,Electronics,East,1,25.0,0.05,12.0,25.0,23.75,12.0,11.75
O01472,3,2024-01-06,2,8,3,Chair,Furniture,East,2,150.0,0.05,90.0,300.0,285.0,180.0,105.0
O01473,1,2024-01-07,2,78,1,Chair,Furniture,North,4,150.0,0.05,90.0,600.0,570.0,360.0,210.0
O01474,1,2024-01-07,1,73,4,Laptop,Electronics,West,2,800.0,0.1,500.0,1600.0,1440.0,1000.0,440.0
O01475,1,2024-01-08,4,7,2,Mouse,Electronics,South,1,25.0,0.1,12.0,25.0,22.5,12.0,10.5
O01475,2,2024-01-08,4,7,2,Mouse,Electronics,South,5,25.0,0.15,12.0,125.0,106.25,60.0,46.25
O01475,3,2024-01-08,3,7,2,Notebook,Stationery,South,6,5.0,0.1,2.0,30.0,27.0,12.0,15.0
O01476,1,2024-01-08,4,6,4,Mouse,Electronics,West,3,25.0,0.05,12.0,75.0,71.25,36.0,35.25
O01476,2,2024-01-08,2,6,4,Chair,Furniture,West,2,150.0,0.15,90.0,300.0,255.0,180.0,75.0
O01476,3,2024-01-08,1,6,4,Laptop,Electronics,West,2,800.0,0.0,500.0,1600.0,1600.0,1000.0,600.0
O01477,1,2024-01-09,2,49,1,Chair,Furniture,North,6,150.0,0.05,90.0,900.0,855.0,540.0,315.0
O01477,2,2024-01-09,2,49,1,Chair,Furniture,North,5,150.0,0.1,90.0,750.0,675.0,450.0,225.0
O01478,1,2024-01-09,4,20,3,Mouse,Electronics,East,5,25.0,0.15,12.0,125.0,106.25,60.0,46.25
O01478,2,2024-01-09,3,20,3,Notebook,Stationery,East,5,5.0,0.05,2.0,25.0,23.75,10.0,13.75
O01478,3,2024-01-09,3,20,3,Notebook,Stationery,East,5,5.0,0.0,2.0,25.0,25.0,10.0,15.0
O01479,1,2024-01-10,1,37,2,Laptop,Electronics,South,6,800.0,0.05,500.0,4800.0,4560.0,3000.0,1560.0
O01479,2,2024-01-10,4,37,2,Mouse,Electronics,South,2,25.0,0.15,12.0,50.0,42.5,24.0,18.5
O01479,3,2024-01-10,2,37,2,Chair,Furniture,South,3,150.0,0.15,90.0,450.0,382.5,270.0,112.5
O01480,1,2024-01-10,1,16,1,Laptop,Electronics,North,5,800.0,0.15,500.0,4000.0,3400.0,2500.0,900.0
O01481,1,2024-01-11,2,77,1,Chair,Furniture,North,1,150.0,0.15,90.0,150.0,127.5,90.0,37.5
O01481,2,2024-01-11,1,77,1,Laptop,Electronics,North,2,800.0,0.0,500.0,1600.0,1600.0,1000.0,600.0
O01482,1,2024-01-11,1,28,2,Laptop,Electronics,South,5,800.0,0.1,500.0,4000.0,3600.0,2500.0,1100.0
O01482,2,2024-01-11,3,28,2,Notebook,Stationery,South,4,5.0,0.1,2.0,20.0,18.0,8.0,10.0
O01483,1,2024-01-12,1,60,4,Laptop,Electronics,West,1,800.0,0.1,500.0,800.0,720.0,500.0,220.0
O01483,2,2024-01-12,4,60,4,Mouse,Electronics,West,6,25.0,0.1,12.0,150.0,135.0,72.0,63.0
O01483,3,2024-01-12,2,60,4,Chair,Furniture,West,6,150.0,0.15,90.0,900.0,765.0,540.0,225.0
O01484,1,2024-01-12,3,18,1,Notebook,Stationery,North,6,5.0,0.15,2.0,30.0,25.5,12.0,13.5
O01484,2,2024-01-12,4,18,1,Mouse,Electronics,North,1,25.0,0.15,12.0,25.0,21.25,12.0,9.25
O01484,3,2024-01-12,1,18,1,Laptop,Electronics,North,3,800.0,0.15,500.0,2400.0,2040.0,1500.0,540.0
O01485,1,2024-01-13,4,51,2,Mouse,Electronics,South,1,25.0,0.05,12.0,25.0,23.75,12.0,11.75
O01485,2,2024-01-13,3,51,2,Notebook,Stationery,South,1,5.0,0.05,2.0,5.0,4.75,2.0,2.75
O01486,1,2024-01-13,4,35,1,Mouse,Electronics,North,6,25.0,0.05,12.0,150.0,142.5,72.0,70.5
O01486,2,2024-01-13,2,35,1,Chair,Furniture,North,3,150.0,0.15,90.0,450.0,382.5,270.0,112.5
O01487,1,2024-01-14,4,2,4,Mouse,Electronics,West,5,25.0,0.0,12.0,125.0,125.0,60.0,65.0
O01488,1,2024-01-14,4,26,1,Mouse,Electronics,North,3,25.0,0.0,12.0,75.0,75.0,36.0,39.0
O01489,1,2024-01-15,2,44,3,Chair,Furniture,East,6,150.0,0.0,90.0,900.0,900.0,540.0,360.0
O01489,2,2024-01-15,4,44,3,Mouse,Electronics,East,5,25.0,0.05,12.0,125.0,118.75,60.0,58.75
O01490,1,2024-01-15,2,40,3,Chair,Furniture,East,4,150.0,0.15,90.0,600.0,510.0,360.0,150.0
O01490,2,2024-01-15,3,40,3,Notebook,Stationery,East,2,5.0,0.15,2.0,10.0,8.5,4.0,4.5
O01490,3,2024-01-15,1,40,3,Laptop,Electronics,East,5,800.0,0.15,500.0,4000.0,3400.0,2500.0,900.0
O01491,1,2024-01-16,1,37,1,Laptop,Electronics,North,5,800.0,0.05,500.0,4000.0,3800.0,2500.0,1300.0
O01491,2,2024-01-16,2,37,1,Chair,Furniture,North,3,150.0,0.0,90.0,450.0,450.0,270.0,180.0
O01491,3,2024-01-16,1,37,1,Laptop,Electronics,North,4,800.0,0.0,500.0,3200.0,3200.0,2000.0,1200.0
O01492,1,2024-01-16,2,21,1,Chair,Furniture,North,5,150.0,0.05,90.0,750.0,712.5,450.0,262.5
O01492,2,2024-01-16,1,21,1,Laptop,Electronics,North,5,800.0,0.15,500.0,4000.0,3400.0,2500.0,900.0
O01493,1,2024-01-17,3,58,4,Notebook,Stationery,West,1,5.0,0.05,2.0,5.0,4.75,2.0,2.75
O01493,2,2024-01-17,2,58,4,Chair,Furniture,West,4,150.0,0.15,90.0,600.0,510.0,360.0,150.0
O01493,3,2024-01-17,3,58,4,Notebook,Stationery,West,4,5.0,0.1,2.0,20.0,18.0,8.0,10.0
O01494,1,2024-01-17,2,28,4,Chair,Furniture,West,4,150.0,0.1,90.0,600.0,540.0,360.0,180.0
O01494,2,2024-01-17,3,28,4,Notebook,Stationery,West,4,5.0,0.15,2.0,20.0,17.0,8.0,9.0
O01494,3,2024-01-17,2,28,4,Chair,Furniture,West,3,150.0,0.1,90.0,450.0,405.0,270.0,135.0
O01495,1,2024-01-18,1,77,3,Laptop,Electronics,East,6,800.0,0.1,500.0,4800.0,4320.0,3000.0,1320.0
O01495,2,2024-01-18,3,77,3,Notebook,Stationery,East,2,5.0,0.1,2.0,10.0,9.0,4.0,5.0
O01495,3,2024-01-18,3,77,3,Notebook,Stationery,East,3,5.0,0.1,2.0,15.0,13.5,6.0,7.5
O01496,1,2024-01-18,4,23,1,Mouse,Electronics,North,4,25.0,0.15,12.0,100.0,85.0,48.0,37.0
O01496,2,2024-01-18,3,23,1,Notebook,Stationery,North,4,5.0,0.0,2.0,20.0,20.0,8.0,12.0
O01496,3,2024-01-18,4,23,1,Mouse,Electronics,North,4,25.0,0.05,12.0,100.0,95.0,48.0,47.0
O01497,1,2024-01-19,3,5,2,Notebook,Stationery,South,2,5.0,0.1,2.0,10.0,9.0,4.0,5.0
O01497,2,2024-01-19,3,5,2,Notebook,Stationery,South,2,5.0,0.0,2.0,10.0,10.0,4.0,6.0
O01498,1,2024-01-19,4,29,1,Mouse,Electronics,North,1,25.0,0.05,12.0,25.0,23.75,12.0,11.75
O01498,2,2024-01-19,1,29,1,Laptop,Electronics,North,1,800.0,0.15,500.0,800.0,680.0,500.0,180.0
O01499,1,2024-01-20,1,66,2,Laptop,Electronics,South,5,800.0,0.1,500.0,4000.0,3600.0,2500.0,1100.0
O01499,2,2024-01-20,3,66,2,Notebook,Stationery,South,6,5.0,0.1,2.0,30.0,27.0,12.0,15.0
O01499,3,2024-01-20,2,66,2,Chair,Furniture,South,5,150.0,0.0,90.0,750.0,750.0,450.0,300.0
O01500,1,2024-01-20,1,10,1,Laptop,Electronics,North,6,800.0,0.1,500.0,4800.0,4320.0,3000.0,1320.0
O01500,2,2024-01-20,4,10,1,Mouse,Electronics,North,5,25.0,0.15,12.0,125.0,106.25,60.0,46.25
O01501,1,2024-01-21,2,40,4,Chair,Furniture,West,6,150.0,0.1,90.0,900.0,810.0,540.0,270.0
O01501,2,2024-01-21,4,40,4,Mouse,Electronics,West,1,25.0,0.15,12.0,25.0,21.25,12.0,9.25
O01501,3,2024-01-21,4,40,4,Mouse,Electronics,West,6,25.0,0.0,12.0,150.0,150.0,72.0,78.0
O01502,1,2024-01-21,3,58,4,Notebook,Stationery,West,5,5.0,0.05,2.0,25.0,23.75,10.0,13.75
O01502,2,2024-01-21,1,58,4,Laptop,Electronics,West,6,800.0,0.15,500.0,4800.0,4080.0,3000.0,1080.0
O01503,1,2024-01-22,1,24,4,Laptop,Electronics,West,2,800.0,0.15,500.0,1600.0,1360.0,1000.0,360.0
O01503,2,2024-01-22,1,24,4,Laptop,Electronics,West,2,800.0,0.1,500.0,1600.0,1440.0,1000.0,440.0
O01503,3,2024-01-22,1,24,4,Laptop,Electronics,West,3,800.0,0.1,500.0,2400.0,2160.0,1500.0,660.0
O01504,1,2024-01-22,3,11,4,Notebook,Stationery,West,5,5.0,0.1,2.0,25.0,22.5,10.0,12.5
O01504,2,2024-01-22,3,11,4,Notebook,Stationery,West,3,5.0,0.0,2.0,15.0,15.0,6.0,9.0
O01505,1,2024-01-23,3,8,2,Notebook,Stationery,South,2,5.0,0.05,2.0,10.0,9.5,4.0,5.5
O01505,2,2024-01-23,2,8,2,Chair,Furniture,South,4,150.0,0.0,90.0,600.0,600.0,360.0,240.0
O01506,1,2024-01-23,2,66,1,Chair,Furniture,North,6,150.0,0.1,90.0,900.0,810.0,540.0,270.0
O01506,2,2024-01-23,2,66,1,Chair,Furniture,North,2,150.0,0.05,90.0,300.0,285.0,180.0,105.0
O01506,3,2024-01-23,3,66,1,Notebook,Stationery,North,3,5.0,0.0,2.0,15.0,15.0,6.0,9.0
O01507,1,2024-01-24,4,30,1,Mouse,Electronics,North,5,25.0,0.1,12.0,125.0,112.5,60.0,52.5
O01508,1,2024-01-24,1,66,1,Laptop,Electronics,North,2,800.0,0.05,500.0,1600.0,1520.0,1000.0,520.0
O01508,2,2024-01-24,4,66,1,Mouse,Electronics,North,6,25.0,0.0,12.0,150.0,150.0,72.0,78.0
O01509,1,2024-01-25,2,70,4,Chair,Furniture,West,5,150.0,0.05,90.0,750.0,712.5,450.0,262.5
O01510,1,2024-01-25,1,20,1,Laptop,Electronics,North,4,800.0,0.15,500.0,3200.0,2720.0,2000.0,720.0
O01511,1,2024-01-26,3,48,4,Notebook,Stationery,West,6,5.0,0.0,2.0,30.0,30.0,12.0,18.0
O01511,2,2024-01-26,2,48,4,Chair,Furniture,West,2,150.0,0.05,90.0,300.0,285.0,180.0,105.0
O01512,1,2024-01-26,2,38,4,Chair,Furniture,West,6,150.0,0.15,90.0,900.0,765.0,540.0,225.0
O01512,2,2024-01-26,3,38,4,Notebook,Stationery,West,2,5.0,0.15,2.0,10.0,8.5,4.0,4.5
O01513,1,2024-01-27,1,7,4,Laptop,Electronics,West,6,800.0,0.15,500.0,4800.0,4080.0,3000.0,1080.0
O01513,2,2024-01-27,1,7,4,Laptop,Electronics,West,2,800.0,0.15,500.0,1600.0,1360.0,1000.0,360.0
O01514,1,2024-01-27,2,43,4,Chair,Furniture,West,1,150.0,0.15,90.0,150.0,127.5,90.0,37.5
O01515,1,2024-01-28,4,56,4,Mouse,Electronics,West,2,25.0,0.0,12.0,50.0,50.0,24.0,26.0
O01515,2,2024-01-28,4,56,4,Mouse,Electronics,West,6,25.0,0.1,12.0,150.0,135.0,72.0,63.0
O01515,3,2024-01-28,1,56,4,Laptop,Electronics,West,2,800.0,0.05,500.0,1600.0,1520.0,1000.0,520.0
O01516,1,2024-01-28,4,50,1,Mouse,Electronics,North,1,25.0,0.0,12.0,25.0,25.0,12.0,13.0
O01516,2,2024-01-28,2,50,1,Chair,Furniture,North,5,150.0,0.1,90.0,750.0,675.0,450.0,225.0
O01516,3,2024-01-28,4,50,1,Mouse,Electronics,North,1,25.0,0.15,12.0,25.0,21.25,12.0,9.25
O01517,1,2024-01-29,3,6,2,Notebook,Stationery,South,5,5.0,0.05,2.0,25.0,23.75,10.0,13.75
O01517,2,2024-01-29,4,6,2,Mouse,Electronics,South,6,25.0,0.15,12.0,150.0,127.5,72.0,55.5
O01518,1,2024-01-29,3,44,2,Notebook,Stationery,South,6,5.0,0.05,2.0,30.0,28.5,12.0,16.5
O01518,2,2024-01-29,4,44,2,Mouse,Electronics,South,4,25.0,0.1,12.0,100.0,90.0,48.0,42.0
O01519,1,2024-01-30,3,30,4,Notebook,Stationery,West,6,5.0,0.1,2.0,30.0,27.0,12.0,15.0
O01520,1,2024-01-30,1,20,4,Laptop,Electronics,West,5,800.0,0.0,500.0,4000.0,4000.0,2500.0,1500.0
O01521,1,2024-01-31,4,6,4,Mouse,Electronics,West,4,25.0,0.15,12.0,100.0,85.0,48.0,37.0
O01522,1,2024-01-31,1,9,2,Laptop,Electronics,South,4,800.0,0.0,500.0,3200.0,3200.0,2000.0,1200.0
O01522,2,2024-01-31,1,9,2,Laptop,Electronics,South,5,800.0,0.0,500.0,4000.0,4000.0,2500.0,1500.0
O01522,3,2024-01-31,4,9,2,Mouse,Electronics,South,6,25.0,0.05,12.0,150.0,142.5,72.0,70.5
O01523,1,2024-02-01,2,6,4,Chair,Furniture,West,3,150.0,0.15,90.0,450.0,382.5,270.0,112.5
O01523,2,2024-02-01,3,6,4,Notebook,Stationery,West,6,5.0,0.0,2.0,30.0,30.0,12.0,18.0
O01524,1,2024-02-01,4,79,1,Mouse,Electronics,North,3,25.0,0.0,12.0,75.0,75.0,36.0,39.0
O01524,2,2024-02-01,1,79,1,Laptop,Electronics,North,3,800.0,0.15,500.0,2400.0,2040.0,1500.0,540.0
O01524,3,2024-02-01,4,79,1,Mouse,Electronics,North,6,25.0,0.05,12.0,150.0,142.5,72.0,70.5
O01525,1,2024-02-02,2,69,3,Chair,Furniture,East,4,150.0,0.0,90.0,600.0,600.0,360.0,240.0
O01525,2,2024-02-02,1,69,3,Laptop,Electronics,East,4,800.0,0.15,500.0,3200.0,2720.0,2000.0,720.0
O01525,3,2024-02-02,4,69,3,Mouse,Electronics,East,6,25.0,0.1,12.0,150.0,135.0,72.0,63.0
O01526,1,2024-02-02,4,17,2,Mouse,Electronics,South,5,25.0,0.1,12.0,125.0,112.5,60.0,52.5
O01526,2,2024-02-02,1,17,2,Laptop,Electronics,South,6,800.0,0.15,500.0,4800.0,4080.0,3000.0,1080.0
O01527,1,2024-02-03,4,42,4,Mouse,Electronics,West,2,25.0,0.0,12.0,50.0,50.0,24.0,26.0
O01528,1,2024-02-03,4,40,2,Mouse,Electronics,South,3,25.0,0.05,12.0,75.0,71.25,36.0,35.25
O01528,2,2024-02-03,2,40,2,Chair,Furniture,South,2,150.0,0.15,90.0,300.0,255.0,180.0,75.0
O01528,3,2024-02-03,4,40,2,Mouse,Electronics,South,4,25.0,0.0,12.0,100.0,100.0,48.0,52.0
O01529,1,2024-02-04,2,54,4,Chair,Furniture,West,1,150.0,0.1,90.0,150.0,135.0,90.0,45.0
O01530,1,2024-02-04,3,50,3,Notebook,Stationery,East,4,5.0,0.05,2.0,20.0,19.0,8.0,11.0
O01530,2,2024-02-04,3,50,3,Notebook,Stationery,East,4,5.0,0.1,2.0,20.0,18.0,8.0,10.0
O01530,3,2024-02-04,1,50,3,Laptop,Electronics,East,2,800.0,0.05,500.0,1600.0,1520.0,1000.0,520.0
O01531,1,2024-02-05,3,12,2,Notebook,Stationery,South,5,5.0,0.05,2.0,25.0,23.75,10.0,13.75
O01532,1,2024-02-05,2,34,2,Chair,Furniture,South,1,150.0,0.15,90.0,150.0,127.5,90.0,37.5
O01533,1,2024-02-06,1,68,1,Laptop,Electronics,North,4,800.0,0.0,500.0,3200.0,3200.0,2000.0,1200.0
O01534,1,2024-02-06,3,29,3,Notebook,Stationery,East,1,5.0,0.0,2.0,5.0,5.0,2.0,3.0
O01534,2,2024-02-06,2,29,3,Chair,Furniture,East,1,150.0,0.15,90.0,150.0,127.5,90.0,37.5
O01535,1,2024-02-07,2,32,3,Chair,Furniture,East,2,150.0,0.05,90.0,300.0,285.0,180.0,105.0
O01535,2,2024-02-07,3,32,3,Notebook,Stationery,East,1,5.0,0.15,2.0,5.0,4.25,2.0,2.25
O01536,1,2024-02-07,3,25,2,Notebook,Stationery,South,4,5.0,0.1,2.0,20.0,18.0,8.0,10.0
O01537,1,2024-02-08,4,29,1,Mouse,Electronics,North,2,25.0,0.0,12.0,50.0,50.0,24.0,26.0
O01538,1,2024-02-08,1,15,1,Laptop,Electronics,North,2,800.0,0.1,500.0,1600.0,1440.0,1000.0,440.0
O01538,2,2024-02-08,2,15,1,Chair,Furniture,North,3,150.0,0.0,90.0,450.0,450.0,270.0,180.0
O01538,3,2024-02-08,1,15,1,Laptop,Electronics,North,1,800.0,0.05,500.0,800.0,760.0,500.0,260.0
O01539,1,2024-02-09,1,61,3,Laptop,Electronics,East,3,800.0,0.05,500.0,2400.0,2280.0,1500.0,780.0
O01539,2,2024-02-09,1,61,3,Laptop,Electronics,East,1,800.0,0.05,500.0,800.0,760.0,500.0,260.0
O01540,1,2024-02-09,2,45,1,Chair,Furniture,North,2,150.0,0.0,90.0,300.0,300.0,180.0,120.0
O01540,2,2024-02-09,2,45,1,Chair,Furniture,North,1,150.0,0.15,90.0,150.0,127.5,90.0,37.5
O01540,3,2024-02-09,1,45,1,Laptop,Electronics,North,5,800.0,0.05,500.0,4000.0,3800.0,2500.0,1300.0
O01541,1,2024-02-10,2,54,4,Chair,Furniture,West,4,150.0,0.0,90.0,600.0,600.0,360.0,240.0
O01541,2,2024-02-10,3,54,4,Notebook,Stationery,West,5,5.0,0.15,2.0,25.0,21.25,10.0,11.25
O01541,3,2024-02-10,1,54,4,Laptop,Electronics,West,5,800.0,0.1,500.0,4000.0,3600.0,2500.0,1100.0
O01542,1,2024-02-10,3,1,3,Notebook,Stationery,East,2,5.0,0.0,2.0,10.0,10.0,4.0,6.0
O01542,2,2024-02-10,2,1,3,Chair,Furniture,East,4,150.0,0.15,90.0,600.0,510.0,360.0,150.0
O01542,3,2024-02-10,2,1,3,Chair,Furniture,East,1,150.0,0.1,90.0,150.0,135.0,90.0,45.0
O01543,1,2024-02-11,3,8,1,Notebook,Stationery,North,5,5.0,0.0,2.0,25.0,25.0,10.0,15.0
O01544,1,2024-02-11,3,78,4,Notebook,Stationery,West,5,5.0,0.0,2.0,25.0,25.0,10.0,15.0
O01545,1,2024-02-12,1,2,2,Laptop,Electronics,South,1,800.0,0.05,500.0,800.0,760.0,500.0,260.0
O01545,2,2024-02-12,4,2,2,Mouse,Electronics,South,6,25.0,0.0,12.0,150.0,150.0,72.0,78.0
O01546,1,2024-02-12,1,65,3,Laptop,Electronics,East,4,800.0,0.15,500.0,3200.0,2720.0,2000.0,720.0
O01546,2,2024-02-12,2,65,3,Chair,Furniture,East,2,150.0,0.15,90.0,300.0,255.0,180.0,75.0
O01546,3,2024-02-12,1,65,3,Laptop,Electronics,East,4,800.0,0.0,500.0,3200.0,3200.0,2000.0,1200.0
O01547,1,2024-02-13,2,7,3,Chair,Furniture,East,5,150.0,0.05,90.0,750.0,712.5,450.0,262.5
O01547,2,2024-02-13,1,7,3,Laptop,Electronics,East,4,800.0,0.15,500.0,3200.0,2720.0,2000.0,720.0
O01548,1,2024-02-13,2,4,2,Chair,Furniture,South,3,150.0,0.0,90.0,450.0,450.0,270.0,180.0
O01549,1,2024-02-14,2,79,2,Chair,Furniture,South,1,150.0,0.05,90.0,150.0,142.5,90.0,52.5
O01549,2,2024-02-14,4,79,2,Mouse,Electronics,South,6,25.0,0.15,12.0,150.0,127.5,72.0,55.5
O01550,1,2024-02-14,3,26,2,Notebook,Stationery,South,3,5.0,0.0,2.0,15.0,15.0,6.0,9.0
O01551,1,2024-02-15,1,17,3,Laptop,Electronics,East,2,800.0,0.15,500.0,1600.0,1360.0,1000.0,360.0
O01551,2,2024-02-15,1,17,3,Laptop,Electronics,East,1,800.0,0.05,500.0,800.0,760.0,500.0,260.0
O01551,3,2024-02-15,1,17,3,Laptop,Electronics,East,6,800.0,0.1,500.0,4800.0,4320.0,3000.0,1320.0
O01552,1,2024-02-15,3,28,2,Notebook,Stationery,South,4,5.0,0.05,2.0,20.0,19.0,8.0,11.0
O01552,2,2024-02-15,2,28,2,Chair,Furniture,South,2,150.0,0.15,90.0,300.0,255.0,180.0,75.0
O01553,1,2024-02-16,1,65,3,Laptop,Electronics,East,4,800.0,0.0,500.0,3200.0,3200.0,2000.0,1200.0
O01553,2,2024-02-16,1,65,3,Laptop,Electronics,East,3,800.0,0.0,500.0,2400.0,2400.0,1500.0,900.0
O01553,3,2024-02-16,4,65,3,Mouse,Electronics,East,1,25.0,0.0,12.0,25.0,25.0,12.0,13.0
O01554,1,2024-02-16,1,27,1,Laptop,Electronics,North,1,800.0,0.1,500.0,800.0,720.0,500.0,220.0
O01554,2,2024-02-16,3,27,1,Notebook,Stationery,North,3,5.0,0.05,2.0,15.0,14.25,6.0,8.25
O01555,1,2024-02-17,3,66,4,Notebook,Stationery,West,6,5.0,0.15,2.0,30.0,25.5,12.0,13.5
O01555,2,2024-02-17,3,66,4,Notebook,Stationery,West,4,5.0,0.1,2.0,20.0,18.0,8.0,10.0
O01556,1,2024-02-17,2,55,2,Chair,Furniture,South,5,150.0,0.05,90.0,750.0,712.5,450.0,262.5
O01556,2,2024-02-17,2,55,2,Chair,Furniture,South,1,150.0,0.05,90.0,150.0,142.5,90.0,52.5
O01557,1,2024-02-18,3,70,2,Notebook,Stationery,South,5,5.0,0.15,2.0,25.0,21.25,10.0,11.25
O01557,2,2024-02-18,3,70,2,Notebook,Stationery,South,6,5.0,0.0,2.0,30.0,30.0,12.0,18.0
O01558,1,2024-02-18,2,67,3,Chair,Furniture,East,1,150.0,0.0,90.0,150.0,150.0,90.0,60.0
O01558,2,2024-02-18,1,67,3,Laptop,Electronics,East,2,800.0,0.1,500.0,1600.0,1440.0,1000.0,440.0
O01559,1,2024-02-19,1,37,1,Laptop,Electronics,North,1,800.0,0.0,500.0,800.0,800.0,500.0,300.0
O01559,2,2024-02-19,1,37,1,Laptop,Electronics,North,2,800.0,0.15,500.0,1600.0,1360.0,1000.0,360.0
O01559,3,2024-02-19,3,37,1,Notebook,Stationery,North,4,5.0,0.05,2.0,20.0,19.0,8.0,11.0
O01560,1,2024-02-19,4,21,4,Mouse,Electronics,West,5,25.0,0.05,12.0,125.0,118.75,60.0,58.75
O01560,2,2024-02-19,2,21,4,Chair,Furniture,West,6,150.0,0.05,90.0,900.0,855.0,540.0,315.0
O01561,1,2024-02-20,2,31,2,Chair,Furniture,South,3,150.0,0.0,90.0,450.0,450.0,270.0,180.0
O01561,2,2024-02-20,1,31,2,Laptop,Electronics,South,5,800.0,0.05,500.0,4000.0,3800.0,2500.0,1300.0
O01561,3,2024-02-20,4,31,2,Mouse,Electronics,South,5,25.0,0.05,12.0,125.0,118.75,60.0,58.75
O01562,1,2024-02-20,2,28,1,Chair,Furniture,North,3,150.0,0.15,90.0,450.0,382.5,270.0,112.5
O01562,2,2024-02-20,2,28,1,Chair,Furniture,North,3,150.0,0.0,90.0,450.0,450.0,270.0,180.0
O01563,1,2024-02-21,1,67,2,Laptop,Electronics,South,3,800.0,0.05,500.0,2400.0,2280.0,1500.0,780.0
O01564,1,2024-02-21,2,75,3,Chair,Furniture,East,3,150.0,0.0,90.0,450.0,450.0,270.0,180.0
O01564,2,2024-02-21,2,75,3,Chair,Furniture,East,6,150.0,0.1,90.0,900.0,810.0,540.0,270.0
O01565,1,2024-02-22,4,43,1,Mouse,Electronics,North,5,25.0,0.05,12.0,125.0,118.75,60.0,58.75
O01565,2,2024-02-22,2,43,1,Chair,Furniture,North,3,150.0,0.15,90.0,450.0,382.5,270.0,112.5
O01566,1,2024-02-22,4,13,2,Mouse,Electronics,South,4,25.0,0.05,12.0,100.0,95.0,48.0,47.0
O01566,2,2024-02-22,3,13,2,Notebook,Stationery,South,4,5.0,0.1,2.0,20.0,18.0,8.0,10.0
O01567,1,2024-02-23,4,36,3,Mouse,Electronics,East,6,25.0,0.0,12.0,150.0,150.0,72.0,78.0
O01567,2,2024-02-23,2,36,3,Chair,Furniture,East,3,150.0,0.15,90.0,450.0,382.5,270.0,112.5
O01568,1,2024-02-23,4,7,4,Mouse,Electronics,West,6,25.0,0.05,12.0,150.0,142.5,72.0,70.5
O01568,2,2024-02-23,2,7,4,Chair,Furniture,West,6,150.0,0.05,90.0,900.0,855.0,540.0,315.0
O01569,1,2024-02-24,3,31,2,Notebook,Stationery,South,1,5.0,0.1,2.0,5.0,4.5,2.0,2.5
O01569,2,2024-02-24,1,31,2,Laptop,Electronics,South,5,800.0,0.1,500.0,4000.0,3600.0,2500.0,1100.0
O01569,3,2024-02-24,3,31,2,Notebook,Stationery,South,3,5.0,0.0,2.0,15.0,15.0,6.0,9.0
O01570,1,2024-02-24,4,26,3,Mouse,Electronics,East,4,25.0,0.0,12.0,100.0,100.0,48.0,52.0
O01570,2,2024-02-24,4,26,3,Mouse,Electronics,East,4,25.0,0.0,12.0,100.0,100.0,48.0,52.0
O01571,1,2024-02-25,4,77,1,Mouse,Electronics,North,6,25.0,0.1,12.0,150.0,135.0,72.0,63.0
O01572,1,2024-02-25,1,79,2,Laptop,Electronics,South,5,800.0,0.1,500.0,4000.0,3600.0,2500.0,1100.0
O01572,2,2024-02-25,3,79,2,Notebook,Stationery,South,2,5.0,0.1,2.0,10.0,9.0,4.0,5.0
O01572,3,2024-02-25,1,79,2,Laptop,Electronics,South,4,800.0,0.05,500.0,3200.0,3040.0,2000.0,1040.0
O01573,1,2024-02-26,2,9,2,Chair,Furniture,South,1,150.0,0.05,90.0,150.0,142.5,90.0,52.5
O01573,2,2024-02-26,1,9,2,Laptop,Electronics,South,4,800.0,0.15,500.0,3200.0,2720.0,2000.0,720.0
O01574,1,2024-02-26,1,33,1,Laptop,Electronics,North,3,800.0,0.1,500.0,2400.0,2160.0,1500.0,660.0
O01575,1,2024-02-27,1,13,1,Laptop,Electronics,North,5,800.0,0.05,500.0,4000.0,3800.0,2500.0,1300.0
O01575,2,2024-02-27,1,13,1,Laptop,Electronics,North,1,800.0,0.15,500.0,800.0,680.0,500.0,180.0
O01575,3,2024-02-27,4,13,1,Mouse,Electronics,North,4,25.0,0.15,12.0,100.0,85.0,48.0,37.0
O01576,1,2024-02-27,1,39,4,Laptop,Electronics,West,5,800.0,0.05,500.0,4000.0,3800.0,2500.0,1300.0
O01577,1,2024-02-28,2,70,4,Chair,Furniture,West,4,150.0,0.05,90.0,600.0,570.0,360.0,210.0
O01577,2,2024-02-28,4,70,4,Mouse,Electronics,West,1,25.0,0.0,12.0,25.0,25.0,12.0,13.0
O01577,3,2024-02-28,2,70,4,Chair,Furniture,West,5,150.0,0.0,90.0,750.0,750.0,450.0,300.0
O01578,1,2024-02-28,3,29,2,Notebook,Stationery,South,1,5.0,0.15,2.0,5.0,4.25,2.0,2.25
O01579,1,2024-02-29,4,24,2,Mouse,Electronics,South,4,25.0,0.15,12.0,100.0,85.0,48.0,37.0
O01579,2,2024-02-29,4,24,2,Mouse,Electronics,South,1,25.0,0.15,12.0,25.0,21.25,12.0,9.25
O01580,1,2024-02-29,2,39,3,Chair,Furniture,East,3,150.0,0.1,90.0,450.0,405.0,270.0,135.0
O01580,2,2024-02-29,3,39,3,Notebook,Stationery,East,3,5.0,0.05,2.0,15.0,14.25,6.0,8.25
O01581,1,2024-03-01,3,28,4,Notebook,Stationery,West,5,5.0,0.05,2.0,25.0,23.75,10.0,13.75
O01582,1,2024-03-01,2,24,2,Chair,Furniture,South,4,150.0,0.0,90.0,600.0,600.0,360.0,240.0
O01583,1,2024-03-02,1,24,1,Laptop,Electronics,North,5,800.0,0.1,500.0,4000.0,3600.0,2500.0,1100.0
O01583,2,2024-03-02,1,24,1,Laptop,Electronics,North,6,800.0,0.15,500.0,4800.0,4080.0,3000.0,1080.0
O01583,3,2024-03-02,4,24,1,Mouse,Electronics,North,3,25.0,0.15,12.0,75.0,63.75,36.0,27.75
O01584,1,2024-03-02,2,34,4,Chair,Furniture,West,5,150.0,0.0,90.0,750.0,750.0,450.0,300.0
O01585,1,2024-03-03,2,54,3,Chair,Furniture,East,1,150.0,0.1,90.0,150.0,135.0,90.0,45.0
O01586,1,2024-03-03,3,48,3,Notebook,Stationery,East,4,5.0,0.0,2.0,20.0,20.0,8.0,12.0
O01586,2,2024-03-03,2,48,3,Chair,Furniture,East,2,150.0,0.05,90.0,300.0,285.0,180.0,105.0
O01587,1,2024-03-04,2,14,3,Chair,Furniture,East,2,150.0,0.15,90.0,300.0,255.0,180.0,75.0
O01587,2,2024-03-04,1,14,3,Laptop,Electronics,East,3,800.0,0.15,500.0,2400.0,2040.0,1500.0,540.0
O01587,3,2024-03-04,4,14,3,Mouse,Electronics,East,3,25.0,0.15,12.0,75.0,63.75,36.0,27.75
O01588,1,2024-03-04,4,10,4,Mouse,Electronics,West,1,25.0,0.05,12.0,25.0,23.75,12.0,11.75
O01589,1,2024-03-05,2,65,3,Chair,Furniture,East,6,150.0,0.0,90.0,900.0,900.0,540.0,360.0
O01589,2,2024-03-05,4,65,3,Mouse,Electronics,East,6,25.0,0.15,12.0,150.0,127.5,72.0,55.5
O01590,1,2024-03-05,2,21,1,Chair,Furniture,North,5,150.0,0.0,90.0,750.0,750.0,450.0,300.0
O01590,2,2024-03-05,4,21,1,Mouse,Electronics,North,5,25.0,0.05,12.0,125.0,118.75,60.0,58.75
O01591,1,2024-03-06,4,62,3,Mouse,Electronics,East,6,25.0,0.05,12.0,150.0,142.5,72.0,70.5
O01591,2,2024-03-06,3,62,3,Notebook,Stationery,East,5,5.0,0.0,2.0,25.0,25.0,10.0,15.0
O01592,1,2024-03-06,3,7,3,Notebook,Stationery,East,5,5.0,0.05,2.0,25.0,23.75,10.0,13.75
O01592,2,2024-03-06,2,7,3,Chair,Furniture,East,3,150.0,0.05,90.0,450.0,427.5,270.0,157.5
O01592,3,2024-03-06,4,7,3,Mouse,Electronics,East,1,25.0,0.0,12.0,25.0,25.0,12.0,13.0
O01593,1,2024-03-07,2,25,4,Chair,Furniture,West,5,150.0,0.0,90.0,750.0,750.0,450.0,300.0
O01594,1,2024-03-07,2,61,4,Chair,Furniture,West,2,150.0,0.0,90.0,300.0,300.0,180.0,120.0
O01594,2,2024-03-07,2,61,4,Chair,Furniture,West,5,150.0,0.15,90.0,750.0,637.5,450.0,187.5
O01594,3,2024-03-07,3,61,4,Notebook,Stationery,West,5,5.0,0.05,2.0,25.0,23.75,10.0,13.75
O01595,1,2024-03-08,4,18,2,Mouse,Electronics,South,6,25.0,0.0,12.0,150.0,150.0,72.0,78.0
O01596,1,2024-03-08,4,26,2,Mouse,Electronics,South,6,25.0,0.05,12.0,150.0,142.5,72.0,70.5
O01596,2,2024-03-08,3,26,2,Notebook,Stationery,South,3,5.0,0.15,2.0,15.0,12.75,6.0,6.75
O01597,1,2024-03-09,1,41,3,Laptop,Electronics,East,6,800.0,0.0,500.0,4800.0,4800.0,3000.0,1800.0
O01597,2,2024-03-09,2,41,3,Chair,Furniture,East,4,150.0,0.05,90.0,600.0,570.0,360.0,210.0
O01597,3,2024-03-09,1,41,3,Laptop,Electronics,East,2,800.0,0.05,500.0,1600.0,1520.0,1000.0,520.0
O01598,1,2024-03-09,3,50,3,Notebook,Stationery,East,4,5.0,0.0,2.0,20.0,20.0,8.0,12.0
O01598,2,2024-03-09,1,50,3,Laptop,Electronics,East,5,800.0,0.05,500.0,4000.0,3800.0,2500.0,1300.0
O01598,3,2024-03-09,4,50,3,Mouse,Electronics,East,5,25.0,0.1,12.0,125.0,112.5,60.0,52.5
O01599,1,2024-03-10,4,5,2,Mouse,Electronics,South,2,25.0,0.1,12.0,50.0,45.0,24.0,21.0
O01600,1,2024-03-10,3,66,4,Notebook,Stationery,West,2,5.0,0.05,2.0,10.0,9.5,4.0,5.5
O01600,2,2024-03-10,3,66,4,Notebook,Stationery,West,6,5.0,0.1,2.0,30.0,27.0,12.0,15.0
O01601,1,2024-03-11,2,70,1,Chair,Furniture,North,5,150.0,0.1,90.0,750.0,675.0,450.0,225.0
O01601,2,2024-03-11,4,70,1,Mouse,Electronics,North,5,25.0,0.0,12.0,125.0,125.0,60.0,65.0
O01602,1,2024-03-11,3,27,3,Notebook,Stationery,East,4,5.0,0.1,2.0,20.0,18.0,8.0,10.0
O01602,2,2024-03-11,2,27,3,Chair,Furniture,East,2,150.0,0.05,90.0,300.0,285.0,180.0,105.0
O01602,3,2024-03-11,1,27,3,Laptop,Electronics,East,4,800.0,0.15,500.0,3200.0,2720.0,2000.0,720.0
O01603,1,2024-03-12,1,75,4,Laptop,Electronics,West,2,800.0,0.05,500.0,1600.0,1520.0,1000.0,520.0
O01603,2,2024-03-12,4,75,4,Mouse,Electronics,West,6,25.0,0.0,12.0,150.0,150.0,72.0,78.0
O01603,3,2024-03-12,1,75,4,Laptop,Electronics,West,1,800.0,0.05,500.0,800.0,760.0,500.0,260.0
O01604,1,2024-03-12,2,57,2,Chair,Furniture,South,6,150.0,0.1,90.0,900.0,810.0,540.0,270.0
O01604,2,2024-03-12,2,57,2,Chair,Furniture,South,4,150.0,0.0,90.0,600.0,600.0,360.0,240.0
O01604,3,2024-03-12,1,57,2,Laptop,Electronics,South,1,800.0,0.05,500.0,800.0,760.0,500.0,260.0
O01605,1,2024-03-13,4,37,2,Mouse,Electronics,South,1,25.0,0.1,12.0,25.0,22.5,12.0,10.5
O01606,1,2024-03-13,4,41,4,Mouse,Electronics,West,1,25.0,0.15,12.0,25.0,21.25,12.0,9.25
O01606,2,2024-03-13,4,41,4,Mouse,Electronics,West,3,25.0,0.0,12.0,75.0,75.0,36.0,39.0
O01606,3,2024-03-13,1,41,4,Laptop,Electronics,West,4,800.0,0.15,500.0,3200.0,2720.0,2000.0,720.0
O01607,1,2024-03-14,4,15,2,Mouse,Electronics,South,4,25.0,0.15,12.0,100.0,85.0,48.0,37.0
O01607,2,2024-03-14,3,15,2,Notebook,Stationery,South,5,5.0,0.1,2.0,25.0,22.5,10.0,12.5
O01608,1,2024-03-14,1,42,1,Laptop,Electronics,North,4,800.0,0.05,500.0,3200.0,3040.0,2000.0,1040.0
O01608,2,2024-03-14,4,42,1,Mouse,Electronics,North,2,25.0,0.05,12.0,50.0,47.5,24.0,23.5
O01609,1,2024-03-15,4,71,3,Mouse,Electronics,East,6,25.0,0.0,12.0,150.0,150.0,72.0,78.0
O01609,2,2024-03-15,3,71,3,Notebook,Stationery,East,5,5.0,0.15,2.0,25.0,21.25,10.0,11.25
O01610,1,2024-03-15,2,68,1,Chair,Furniture,North,4,150.0,0.15,90.0,600.0,510.0,360.0,150.0
O01611,1,2024-03-16,3,39,2,Notebook,Stationery,South,3,5.0,0.05,2.0,15.0,14.25,6.0,8.25
O01611,2,2024-03-16,2,39,2,Chair,Furniture,South,2,150.0,0.1,90.0,300.0,270.0,180.0,90.0
O01611,3,2024-03-16,2,39,2,Chair,Furniture,South,2,150.0,0.1,90.0,300.0,270.0,180.0,90.0
O01612,1,2024-03-16,2,80,4,Chair,Furniture,West,6,150.0,0.1,90.0,900.0,810.0,540.0,270.0
O01612,2,2024-03-16,1,80,4,Laptop,Electronics,West,5,800.0,0.05,500.0,4000.0,3800.0,2500.0,1300.0
O01612,3,2024-03-16,4,80,4,Mouse,Electronics,West,6,25.0,0.05,12.0,150.0,142.5,72.0,70.5
O01613,1,2024-03-17,3,38,3,Notebook,Stationery,East,5,5.0,0.05,2.0,25.0,23.75,10.0,13.75
O01613,2,2024-03-17,3,38,3,Notebook,Stationery,East,6,5.0,0.1,2.0,30.0,27.0,12.0,15.0
O01614,1,2024-03-17,2,79,1,Chair,Furniture,North,4,150.0,0.1,90.0,600.0,540.0,360.0,180.0
O01615,1,2024-03-18,2,22,3,Chair,Furniture,East,5,150.0,0.1,90.0,750.0,675.0,450.0,225.0
O01615,2,2024-03-18,2,22,3,Chair,Furniture,East,3,150.0,0.05,90.0,450.0,427.5,270.0,157.5
O01616,1,2024-03-18,2,27,4,Chair,Furniture,West,2,150.0,0.1,90.0,300.0,270.0,180.0,90.0
O01616,2,2024-03-18,2,27,4,Chair,Furniture,West,6,150.0,0.15,90.0,900.0,765.0,540.0,225.0
O01617,1,2024-03-19,1,72,2,Laptop,Electronics,South,2,800.0,0.0,500.0,1600.0,1600.0,1000.0,600.0
O01618,1,2024-03-19,2,6,2,Chair,Furniture,South,3,150.0,0.05,90.0,450.0,427.5,270.0,157.5
O01619,1,2024-03-20,2,71,4,Chair,Furniture,West,1,150.0,0.15,90.0,150.0,127.5,90.0,37.5
O01620,1,2024-03-20,2,22,4,Chair,Furniture,West,2,150.0,0.1,90.0,300.0,270.0,180.0,90.0
O01620,2,2024-03-20,4,22,4,Mouse,Electronics,West,5,25.0,0.1,12.0,125.0,112.5,60.0,52.5
O01620,3,2024-03-20,2,22,4,Chair,Furniture,West,5,150.0,0.15,90.0,750.0,637.5,450.0,187.5
O01621,1,2024-03-21,1,10,2,Laptop,Electronics,South,2,800.0,0.15,500.0,1600.0,1360.0,1000.0,360.0
O01621,2,2024-03-21,3,10,2,Notebook,Stationery,South,3,5.0,0.1,2.0,15.0,13.5,6.0,7.5
O01622,1,2024-03-21,2,60,3,Chair,Furniture,East,4,150.0,0.0,90.0,600.0,600.0,360.0,240.0
O01623,1,2024-03-22,4,69,3,Mouse,Electronics,East,6,25.0,0.1,12.0,150.0,135.0,72.0,63.0
O01623,2,2024-03-22,2,69,3,Chair,Furniture,East,6,150.0,0.1,90.0,900.0,810.0,540.0,270.0
O01623,3,2024-03-22,3,69,3,Notebook,Stationery,East,2,5.0,0.1,2.0,10.0,9.0,4.0,5.0
O01624,1,2024-03-22,1,8,4,Laptop,Electronics,West,2,800.0,0.1,500.0,1600.0,1440.0,1000.0,440.0
O01624,2,2024-03-22,1,8,4,Laptop,Electronics,West,4,800.0,0.1,500.0,3200.0,2880.0,2000.0,880.0
O01625,1,2024-03-23,1,67,3,Laptop,Electronics,East,4,800.0,0.05,500.0,3200.0,3040.0,2000.0,1040.0
O01626,1,2024-03-23,3,59,4,Notebook,Stationery,West,4,5.0,0.15,2.0,20.0,17.0,8.0,9.0
O01627,1,2024-03-24,3,62,1,Notebook,Stationery,North,4,5.0,0.0,2.0,20.0,20.0,8.0,12.0
O01627,2,2024-03-24,4,62,1,Mouse,Electronics,North,1,25.0,0.15,12.0,25.0,21.25,12.0,9.25
O01627,3,2024-03-24,1,62,1,Laptop,Electronics,North,4,800.0,0.15,500.0,3200.0,2720.0,2000.0,720.0
O01628,1,2024-03-24,1,77,4,Laptop,Electronics,West,6,800.0,0.05,500.0,4800.0,4560.0,3000.0,1560.0
O01629,1,2024-03-25,2,54,3,Chair,Furniture,East,3,150.0,0.05,90.0,450.0,427.5,270.0,157.5
O01629,2,2024-03-25,1,54,3,Laptop,Electronics,East,4,800.0,0.05,500.0,3200.0,3040.0,2000.0,1040.0
O01629,3,2024-03-25,2,54,3,Chair,Furniture,East,6,150.0,0.0,90.0,900.0,900.0,540.0,360.0
O01630,1,2024-03-25,1,43,3,Laptop,Electronics,East,3,800.0,0.05,500.0,2400.0,2280.0,1500.0,780.0
O01631,1,2024-03-26,3,12,4,Notebook,Stationery,West,4,5.0,0.05,2.0,20.0,19.0,8.0,11.0
O01632,1,2024-03-26,1,26,1,Laptop,Electronics,North,2,800.0,0.1,500.0,1600.0,1440.0,1000.0,440.0
O01632,2,2024-03-26,2,26,1,Chair,Furniture,North,6,150.0,0.0,90.0,900.0,900.0,540.0,360.0
O01632,3,2024-03-26,4,26,1,Mouse,Electronics,North,5,25.0,0.1,12.0,125.0,112.5,60.0,52.5
O01633,1,2024-03-27,4,54,3,Mouse,Electronics,East,4,25.0,0.0,12.0,100.0,100.0,48.0,52.0
O01634,1,2024-03-27,1,72,2,Laptop,Electronics,South,4,800.0,0.1,500.0,3200.0,2880.0,2000.0,880.0
O01635,1,2024-03-28,4,76,4,Mouse,Electronics,West,2,25.0,0.1,12.0,50.0,45.0,24.0,21.0
O01635,2,2024-03-28,1,76,4,Laptop,Electronics,West,6,800.0,0.1,500.0,4800.0,4320.0,3000.0,1320.0
O01635,3,2024-03-28,4,76,4,Mouse,Electronics,West,1,25.0,0.0,12.0,25.0,25.0,12.0,13.0
O01636,1,2024-03-28,1,32,3,Laptop,Electronics,East,6,800.0,0.05,500.0,4800.0,4560.0,3000.0,1560.0
O01636,2,2024-03-28,4,32,3,Mouse,Electronics,East,2,25.0,0.0,12.0,50.0,50.0,24.0,26.0
O01636,3,2024-03-28,4,32,3,Mouse,Electronics,East,5,25.0,0.0,12.0,125.0,125.0,60.0,65.0
O01637,1,2024-03-29,2,58,4,Chair,Furniture,West,5,150.0,0.0,90.0,750.0,750.0,450.0,300.0
O01637,2,2024-03-29,3,58,4,Notebook,Stationery,West,6,5.0,0.1,2.0,30.0,27.0,12.0,15.0
O01637,3,2024-03-29,1,58,4,Laptop,Electronics,West,2,800.0,0.0,500.0,1600.0,1600.0,1000.0,600.0
O01638,1,2024-03-29,3,76,2,Notebook,Stationery,South,1,5.0,0.15,2.0,5.0,4.25,2.0,2.25
O01638,2,2024-03-29,4,76,2,Mouse,Electronics,South,3,25.0,0.0,12.0,75.0,75.0,36.0,39.0
O01638,3,2024-03-29,1,76,2,Laptop,Electronics,South,3,800.0,0.0,500.0,2400.0,2400.0,1500.0,900.0
O01639,1,2024-03-30,1,67,2,Laptop,Electronics,South,2,800.0,0.15,500.0,1600.0,1360.0,1000.0,360.0
O01639,2,2024-03-30,4,67,2,Mouse,Electronics,South,6,25.0,0.15,12.0,150.0,127.5,72.0,55.5
O01639,3,2024-03-30,3,67,2,Notebook,Stationery,South,1,5.0,0.05,2.0,5.0,4.75,2.0,2.75
O01640,1,2024-03-30,4,1,2,Mouse,Electronics,South,3,25.0,0.05,12.0,75.0,71.25,36.0,35.25
O01641,1,2024-03-31,2,13,1,Chair,Furniture,North,3,150.0,0.05,90.0,450.0,427.5,270.0,157.5
O01641,2,2024-03-31,1,13,1,Laptop,Electronics,North,6,800.0,0.0,500.0,4800.0,4800.0,3000.0,1800.0
O01642,1,2024-03-31,2,41,2,Chair,Furniture,South,5,150.0,0.15,90.0,750.0,637.5,450.0,187.5
O01642,2,2024-03-31,2,41,2,Chair,Furniture,South,2,150.0,0.1,90.0,300.0,270.0,180.0,90.0
O01643,1,2024-04-01,4,18,3,Mouse,Electronics,East,2,25.0,0.05,12.0,50.0,47.5,24.0,23.5
O01643,2,2024-04-01,1,18,3,Laptop,Electronics,East,3,800.0,0.0,500.0,2400.0,2400.0,1500.0,900.0
O01643,3,2024-04-01,2,18,3,Chair,Furniture,East,6,150.0,0.15,90.0,900.0,765.0,540.0,225.0
O01644,1,2024-04-01,3,22,4,Notebook,Stationery,West,5,5.0,0.0,2.0,25.0,25.0,10.0,15.0
O01645,1,2024-04-02,2,51,1,Chair,Furniture,North,2,150.0,0.1,90.0,300.0,270.0,180.0,90.0
O01646,1,2024-04-02,1,33,3,Laptop,Electronics,East,2,800.0,0.1,500.0,1600.0,1440.0,1000.0,440.0
O01647,1,2024-04-03,4,53,2,Mouse,Electronics,South,2,25.0,0.05,12.0,50.0,47.5,24.0,23.5
O01648,1,2024-04-03,3,19,2,Notebook,Stationery,South,6,5.0,0.05,2.0,30.0,28.5,12.0,16.5
O01648,2,2024-04-03,3,19,2,Notebook,Stationery,South,2,5.0,0.15,2.0,10.0,8.5,4.0,4.5
O01648,3,2024-04-03,4,19,2,Mouse,Electronics,South,2,25.0,0.1,12.0,50.0,45.0,24.0,21.0
O01649,1,2024-04-04,1,36,3,Laptop,Electronics,East,1,800.0,0.05,500.0,800.0,760.0,500.0,260.0
O01650,1,2024-04-04,2,46,2,Chair,Furniture,South,3,150.0,0.0,90.0,450.0,450.0,270.0,180.0
O01651,1,2024-04-05,3,78,1,Notebook,Stationery,North,6,5.0,0.1,2.0,30.0,27.0,12.0,15.0
O01651,2,2024-04-05,2,78,1,Chair,Furniture,North,3,150.0,0.1,90.0,450.0,405.0,270.0,135.0
O01651,3,2024-04-05,1,78,1,Laptop,Electronics,North,6,800.0,0.1,500.0,4800.0,4320.0,3000.0,1320.0
O01652,1,2024-04-05,2,45,2,Chair,Furniture,South,5,150.0,0.05,90.0,750.0,712.5,450.0,262.5
O01652,2,2024-04-05,2,45,2,Chair,Furniture,South,1,150.0,0.1,90.0,150.0,135.0,90.0,45.0
O01653,1,2024-04-06,1,28,1,Laptop,Electronics,North,6,800.0,0.0,500.0,4800.0,4800.0,3000.0,1800.0
O01654,1,2024-04-06,1,28,1,Laptop,Electronics,North,6,800.0,0.1,500.0,4800.0,4320.0,3000.0,1320.0
O01654,2,2024-04-06,1,28,1,Laptop,Electronics,North,5,800.0,0.15,500.0,4000.0,3400.0,2500.0,900.0
O01654,3,2024-04-06,4,28,1,Mouse,Electronics,North,4,25.0,0.15,12.0,100.0,85.0,48.0,37.0
O01655,1,2024-04-07,4,75,3,Mouse,Electronics,East,5,25.0,0.1,12.0,125.0,112.5,60.0,52.5
O01655,2,2024-04-07,1,75,3,Laptop,Electronics,East,1,800.0,0.15,500.0,800.0,680.0,500.0,180.0
O01655,3,2024-04-07,2,75,3,Chair,Furniture,East,5,150.0,0.0,90.0,750.0,750.0,450.0,300.0
O01656,1,2024-04-07,1,70,4,Laptop,Electronics,West,1,800.0,0.05,500.0,800.0,760.0,500.0,260.0
O01656,2,2024-04-07,2,70,4,Chair,Furniture,West,5,150.0,0.1,90.0,750.0,675.0,450.0,225.0
O01656,3,2024-04-07,3,70,4,Notebook,Stationery,West,3,5.0,0.0,2.0,15.0,15.0,6.0,9.0
O01657,1,2024-04-08,2,29,3,Chair,Furniture,East,4,150.0,0.15,90.0,600.0,510.0,360.0,150.0
O01657,2,2024-04-08,2,29,3,Chair,Furniture,East,1,150.0,0.05,90.0,150.0,142.5,90.0,52.5
O01658,1,2024-04-08,2,63,1,Chair,Furniture,North,6,150.0,0.1,90.0,900.0,810.0,540.0,270.0
O01658,2,2024-04-08,1,63,1,Laptop,Electronics,North,5,800.0,0.1,500.0,4000.0,3600.0,2500.0,1100.0
O01658,3,2024-04-08,2,63,1,Chair,Furniture,North,1,150.0,0.15,90.0,150.0,127.5,90.0,37.5
O01659,1,2024-04-09,4,38,4,Mouse,Electronics,West,3,25.0,0.1,12.0,75.0,67.5,36.0,31.5
O01659,2,2024-04-09,2,38,4,Chair,Furniture,West,5,150.0,0.0,90.0,750.0,750.0,450.0,300.0
O01660,1,2024-04-09,2,18,3,Chair,Furniture,East,5,150.0,0.0,90.0,750.0,750.0,450.0,300.0
O01660,2,2024-04-09,4,18,3,Mouse,Electronics,East,1,25.0,0.05,12.0,25.0,23.75,12.0,11.75
O01661,1,2024-04-10,1,23,3,Laptop,Electronics,East,3,800.0,0.05,500.0,2400.0,2280.0,1500.0,780.0
O01661,2,2024-04-10,1,23,3,Laptop,Electronics,East,4,800.0,0.1,500.0,3200.0,2880.0,2000.0,880.0
O01662,1,2024-04-10,4,33,1,Mouse,Electronics,North,5,25.0,0.1,12.0,125.0,112.5,60.0,52.5
O01663,1,2024-04-11,1,20,2,Laptop,Electronics,South,2,800.0,0.05,500.0,1600.0,1520.0,1000.0,520.0
O01663,2,2024-04-11,4,20,2,Mouse,Electronics,South,4,25.0,0.1,12.0,100.0,90.0,48.0,42.0
O01664,1,2024-04-11,2,75,2,Chair,Furniture,South,2,150.0,0.15,90.0,300.0,255.0,180.0,75.0
O01664,2,2024-04-11,4,75,2,Mouse,Electronics,South,6,25.0,0.05,12.0,150.0,142.5,72.0,70.5
O01664,3,2024-04-11,4,75,2,Mouse,Electronics,South,4,25.0,0.1,12.0,100.0,90.0,48.0,42.0
O01665,1,2024-04-12,4,78,2,Mouse,Electronics,South,6,25.0,0.1,12.0,150.0,135.0,72.0,63.0
O01665,2,2024-04-12,4,78,2,Mouse,Electronics,South,4,25.0,0.05,12.0,100.0,95.0,48.0,47.0
O01665,3,2024-04-12,2,78,2,Chair,Furniture,South,4,150.0,0.05,90.0,600.0,570.0,360.0,210.0
O01666,1,2024-04-12,4,12,3,Mouse,Electronics,East,1,25.0,0.15,12.0,25.0,21.25,12.0,9.25
O01666,2,2024-04-12,2,12,3,Chair,Furniture,East,4,150.0,0.05,90.0,600.0,570.0,360.0,210.0
O01667,1,2024-04-13,1,71,3,Laptop,Electronics,East,5,800.0,0.0,500.0,4000.0,4000.0,2500.0,1500.0
O01667,2,2024-04-13,3,71,3,Notebook,Stationery,East,3,5.0,0.15,2.0,15.0,12.75,6.0,6.75
O01667,3,2024-04-13,2,71,3,Chair,Furniture,East,2,150.0,0.05,90.0,300.0,285.0,180.0,105.0
O01668,1,2024-04-13,3,57,4,Notebook,Stationery,West,3,5.0,0.1,2.0,15.0,13.5,6.0,7.5
O01668,2,2024-04-13,2,57,4,Chair,Furniture,West,3,150.0,0.1,90.0,450.0,405.0,270.0,135.0
O01669,1,2024-04-14,2,60,3,Chair,Furniture,East,2,150.0,0.0,90.0,300.0,300.0,180.0,120.0
O01670,1,2024-04-14,3,1,2,Notebook,Stationery,South,1,5.0,0.15,2.0,5.0,4.25,2.0,2.25
O01670,2,2024-04-14,4,1,2,Mouse,Electronics,South,5,25.0,0.05,12.0,125.0,118.75,60.0,58.75
O01671,1,2024-04-15,3,78,4,Notebook,Stationery,West,1,5.0,0.05,2.0,5.0,4.75,2.0,2.75
O01671,2,2024-04-15,3,78,4,Notebook,Stationery,West,1,5.0,0.0,2.0,5.0,5.0,2.0,3.0
O01671,3,2024-04-15,4,78,4,Mouse,Electronics,West,5,25.0,0.1,12.0,125.0,112.5,60.0,52.5
O01672,1,2024-04-15,2,41,2,Chair,Furniture,South,4,150.0,0.15,90.0,600.0,510.0,360.0,150.0
O01672,2,2024-04-15,1,41,2,Laptop,Electronics,South,1,800.0,0.05,500.0,800.0,760.0,500.0,260.0
O01672,3,2024-04-15,4,41,2,Mouse,Electronics,South,5,25.0,0.1,12.0,125.0,112.5,60.0,52.5
O01673,1,2024-04-16,4,61,3,Mouse,Electronics,East,2,25.0,0.0,12.0,50.0,50.0,24.0,26.0
O01673,2,2024-04-16,2,61,3,Chair,Furniture,East,3,150.0,0.15,90.0,450.0,382.5,270.0,112.5
O01673,3,2024-04-16,2,61,3,Chair,Furniture,East,4,150.0,0.1,90.0,600.0,540.0,360.0,180.0
O01674,1,2024-04-16,2,27,3,Chair,Furniture,East,1,150.0,0.1,90.0,150.0,135.0,90.0,45.0
O01674,2,2024-04-16,2,27,3,Chair,Furniture,East,5,150.0,0.05,90.0,750.0,712.5,450.0,262.5
O01674,3,2024-04-16,3,27,3,Notebook,Stationery,East,4,5.0,0.05,2.0,20.0,19.0,8.0,11.0
O01675,1,2024-04-17,4,53,2,Mouse,Electronics,South,6,25.0,0.0,12.0,150.0,150.0,72.0,78.0
O01675,2,2024-04-17,4,53,2,Mouse,Electronics,South,3,25.0,0.15,12.0,75.0,63.75,36.0,27.75
O01676,1,2024-04-17,3,76,3,Notebook,Stationery,East,3,5.0,0.0,2.0,15.0,15.0,6.0,9.0
O01676,2,2024-04-17,2,76,3,Chair,Furniture,East,5,150.0,0.0,90.0,750.0,750.0,450.0,300.0
O01676,3,2024-04-17,1,76,3,Laptop,Electronics,East,3,800.0,0.15,500.0,2400.0,2040.0,1500.0,540.0
O01677,1,2024-04-18,4,64,3,Mouse,Electronics,East,4,25.0,0.15,12.0,100.0,85.0,48.0,37.0
O01677,2,2024-04-18,3,64,3,Notebook,Stationery,East,1,5.0,0.1,2.0,5.0,4.5,2.0,2.5
O01678,1,2024-04-18,4,67,3,Mouse,Electronics,East,1,25.0,0.05,12.0,25.0,23.75,12.0,11.75
O01678,2,2024-04-18,3,67,3,Notebook,Stationery,East,5,5.0,0.0,2.0,25.0,25.0,10.0,15.0
O01679,1,2024-04-19,3,34,4,Notebook,Stationery,West,6,5.0,0.15,2.0,30.0,25.5,12.0,13.5
O01680,1,2024-04-19,4,33,1,Mouse,Electronics,North,5,25.0,0.1,12.0,125.0,112.5,60.0,52.5
O01681,1,2024-04-20,3,46,2,Notebook,Stationery,South,6,5.0,0.15,2.0,30.0,25.5,12.0,13.5
O01681,2,2024-04-20,1,46,2,Laptop,Electronics,South,4,800.0,0.0,500.0,3200.0,3200.0,2000.0,1200.0
O01681,3,2024-04-20,1,46,2,Laptop,Electronics,South,5,800.0,0.15,500.0,4000.0,3400.0,2500.0,900.0
O01682,1,2024-04-20,4,37,2,Mouse,Electronics,South,4,25.0,0.0,12.0,100.0,100.0,48.0,52.0
O01682,2,2024-04-20,3,37,2,Notebook,Stationery,South,6,5.0,0.1,2.0,30.0,27.0,12.0,15.0
O01682,3,2024-04-20,2,37,2,Chair,Furniture,South,3,150.0,0.15,90.0,450.0,382.5,270.0,112.5
O01683,1,2024-04-21,1,51,4,Laptop,Electronics,West,2,800.0,0.05,500.0,1600.0,1520.0,1000.0,520.0
O01683,2,2024-04-21,3,51,4,Notebook,Stationery,West,1,5.0,0.05,2.0,5.0,4.75,2.0,2.75
O01684,1,2024-04-21,2,54,1,Chair,Furniture,North,6,150.0,0.05,90.0,900.0,855.0,540.0,315.0
O01684,2,2024-04-21,1,54,1,Laptop,Electronics,North,4,800.0,0.05,500.0,3200.0,3040.0,2000.0,1040.0
O01685,1,2024-04-22,1,22,3,Laptop,Electronics,East,3,800.0,0.1,500.0,2400.0,2160.0,1500.0,660.0
O01686,1,2024-04-22,4,33,2,Mouse,Electronics,South,1,25.0,0.15,12.0,25.0,21.25,12.0,9.25
O01687,1,2024-04-23,2,37,1,Chair,Furniture,North,6,150.0,0.1,90.0,900.0,810.0,540.0,270.0
O01687,2,2024-04-23,2,37,1,Chair,Furniture,North,4,150.0,0.15,90.0,600.0,510.0,360.0,150.0
O01688,1,2024-04-23,2,16,4,Chair,Furniture,West,4,150.0,0.0,90.0,600.0,600.0,360.0,240.0
O01689,1,2024-04-24,1,73,3,Laptop,Electronics,East,6,800.0,0.1,500.0,4800.0,4320.0,3000.0,1320.0
O01690,1,2024-04-24,3,23,1,Notebook,Stationery,North,3,5.0,0.1,2.0,15.0,13.5,6.0,7.5
O01691,1,2024-04-25,1,61,1,Laptop,Electronics,North,5,800.0,0.15,500.0,4000.0,3400.0,2500.0,900.0
O01691,2,2024-04-25,2,61,1,Chair,Furniture,North,1,150.0,0.05,90.0,150.0,142.5,90.0,52.5
O01691,3,2024-04-25,2,61,1,Chair,Furniture,North,5,150.0,0.1,90.0,750.0,675.0,450.0,225.0
O01692,1,2024-04-25,1,33,3,Laptop,Electronics,East,6,800.0,0.05,500.0,4800.0,4560.0,3000.0,1560.0
O01692,2,2024-04-25,4,33,3,Mouse,Electronics,East,6,25.0,0.1,12.0,150.0,135.0,72.0,63.0
O01692,3,2024-04-25,4,33,3,Mouse,Electronics,East,5,25.0,0.0,12.0,125.0,125.0,60.0,65.0
O01693,1,2024-04-26,4,79,4,Mouse,Electronics,West,5,25.0,0.1,12.0,125.0,112.5,60.0,52.5
O01693,2,2024-04-26,3,79,4,Notebook,Stationery,West,6,5.0,0.15,2.0,30.0,25.5,12.0,13.5
O01694,1,2024-04-26,2,13,4,Chair,Furniture,West,3,150.0,0.05,90.0,450.0,427.5,270.0,157.5
O01695,1,2024-04-27,4,13,3,Mouse,Electronics,East,4,25.0,0.05,12.0,100.0,95.0,48.0,47.0
O01695,2,2024-04-27,4,13,3,Mouse,Electronics,East,5,25.0,0.05,12.0,125.0,118.75,60.0,58.75
O01696,1,2024-04-27,2,79,1,Chair,Furniture,North,6,150.0,0.1,90.0,900.0,810.0,540.0,270.0
O01696,2,2024-04-27,3,79,1,Notebook,Stationery,North,3,5.0,0.15,2.0,15.0,12.75,6.0,6.75
O01696,3,2024-04-27,2,79,1,Chair,Furniture,North,5,150.0,0.1,90.0,750.0,675.0,450.0,225.0
O01697,1,2024-04-28,1,77,3,Laptop,Electronics,East,5,800.0,0.05,500.0,4000.0,3800.0,2500.0,1300.0
O01697,2,2024-04-28,3,77,3,Notebook,Stationery,East,5,5.0,0.0,2.0,25.0,25.0,10.0,15.0
O01697,3,2024-04-28,4,77,3,Mouse,Electronics,East,3,25.0,0.1,12.0,75.0,67.5,36.0,31.5
O01698,1,2024-04-28,2,5,3,Chair,Furniture,East,1,150.0,0.05,90.0,150.0,142.5,90.0,52.5
O01698,2,2024-04-28,4,5,3,Mouse,Electronics,East,2,25.0,0.0,12.0,50.0,50.0,24.0,26.0
O01699,1,2024-04-29,4,62,4,Mouse,Electronics,West,6,25.0,0.0,12.0,150.0,150.0,72.0,78.0
O01699,2,2024-04-29,1,62,4,Laptop,Electronics,West,3,800.0,0.1,500.0,2400.0,2160.0,1500.0,660.0
O01700,1,2024-04-29,4,23,2,Mouse,Electronics,South,3,25.0,0.1,12.0,75.0,67.5,36.0,31.5
O01701,1,2024-04-30,3,50,4,Notebook,Stationery,West,6,5.0,0.15,2.0,30.0,25.5,12.0,13.5
O01701,2,2024-04-30,4,50,4,Mouse,Electronics,West,5,25.0,0.1,12.0,125.0,112.5,60.0,52.5
O01702,1,2024-04-30,1,28,3,Laptop,Electronics,East,4,800.0,0.15,500.0,3200.0,2720.0,2000.0,720.0
O01702,2,2024-04-30,1,28,3,Laptop,Electronics,East,1,800.0,0.05,500.0,800.0,760.0,500.0,260.0
O01702,3,2024-04-30,3,28,3,Notebook,Stationery,East,5,5.0,0.05,2.0,25.0,23.75,10.0,13.75
O01703,1,2024-05-01,1,61,4,Laptop,Electronics,West,3,800.0,0.05,500.0,2400.0,2280.0,1500.0,780.0
O01703,2,2024-05-01,1,61,4,Laptop,Electronics,West,5,800.0,0.05,500.0,4000.0,3800.0,2500.0,1300.0
O01703,3,2024-05-01,2,61,4,Chair,Furniture,West,5,150.0,0.0,90.0,750.0,750.0,450.0,300.0
O01704,1,2024-05-01,3,25,3,Notebook,Stationery,East,1,5.0,0.0,2.0,5.0,5.0,2.0,3.0
O01704,2,2024-05-01,4,25,3,Mouse,Electronics,East,5,25.0,0.15,12.0,125.0,106.25,60.0,46.25
O01704,3,2024-05-01,3,25,3,Notebook,Stationery,East,1,5.0,0.0,2.0,5.0,5.0,2.0,3.0
O01705,1,2024-05-02,4,57,3,Mouse,Electronics,East,4,25.0,0.05,12.0,100.0,95.0,48.0,47.0
O01705,2,2024-05-02,2,57,3,Chair,Furniture,East,3,150.0,0.05,90.0,450.0,427.5,270.0,157.5
O01706,1,2024-05-02,2,64,4,Chair,Furniture,West,5,150.0,0.15,90.0,750.0,637.5,450.0,187.5
O01706,2,2024-05-02,4,64,4,Mouse,Electronics,West,3,25.0,0.0,12.0,75.0,75.0,36.0,39.0
O01706,3,2024-05-02,3,64,4,Notebook,Stationery,West,4,5.0,0.15,2.0,20.0,17.0,8.0,9.0
O01707,1,2024-05-03,1,77,2,Laptop,Electronics,South,5,800.0,0.15,500.0,4000.0,3400.0,2500.0,900.0
O01707,2,2024-05-03,3,77,2,Notebook,Stationery,South,4,5.0,0.05,2.0,20.0,19.0,8.0,11.0
O01708,1,2024-05-03,2,74,2,Chair,Furniture,South,3,150.0,0.1,90.0,450.0,405.0,270.0,135.0
O01708,2,2024-05-03,2,74,2,Chair,Furniture,South,3,150.0,0.05,90.0,450.0,427.5,270.0,157.5
O01709,1,2024-05-04,2,7,2,Chair,Furniture,South,1,150.0,0.1,90.0,150.0,135.0,90.0,45.0
O01709,2,2024-05-04,2,7,2,Chair,Furniture,South,3,150.0,0.0,90.0,450.0,450.0,270.0,180.0
O01709,3,2024-05-04,1,7,2,Laptop,Electronics,South,3,800.0,0.05,500.0,2400.0,2280.0,1500.0,780.0
O01710,1,2024-05-04,4,17,2,Mouse,Electronics,South,4,25.0,0.05,12.0,100.0,95.0,48.0,47.0
O01710,2,2024-05-04,1,17,2,Laptop,Electronics,South,6,800.0,0.1,500.0,4800.0,4320.0,3000.0,1320.0
O01711,1,2024-05-05,3,52,3,Notebook,Stationery,East,1,5.0,0.05,2.0,5.0,4.75,2.0,2.75
O01712,1,2024-05-05,3,44,4,Notebook,Stationery,West,6,5.0,0.05,2.0,30.0,28.5,12.0,16.5
O01712,2,2024-05-05,1,44,4,Laptop,Electronics,West,3,800.0,0.05,500.0,2400.0,2280.0,1500.0,780.0
O01712,3,2024-05-05,2,44,4,Chair,Furniture,West,3,150.0,0.15,90.0,450.0,382.5,270.0,112.5
O01713,1,2024-05-06,4,57,1,Mouse,Electronics,North,4,25.0,0.05,12.0,100.0,95.0,48.0,47.0
O01713,2,2024-05-06,4,57,1,Mouse,Electronics,North,2,25.0,0.05,12.0,50.0,47.5,24.0,23.5
O01713,3,2024-05-06,3,57,1,Notebook,Stationery,North,3,5.0,0.15,2.0,15.0,12.75,6.0,6.75
O01714,1,2024-05-06,3,55,3,Notebook,Stationery,East,5,5.0,0.15,2.0,25.0,21.25,10.0,11.25
O01714,2,2024-05-06,3,55,3,Notebook,Stationery,East,3,5.0,0.15,2.0,15.0,12.75,6.0,6.75
O01714,3,2024-05-06,1,55,3,Laptop,Electronics,East,4,800.0,0.0,500.0,3200.0,3200.0,2000.0,1200.0
O01715,1,2024-05-07,1,44,2,Laptop,Electronics,South,4,800.0,0.1,500.0,3200.0,2880.0,2000.0,880.0
O01715,2,2024-05-07,4,44,2,Mouse,Electronics,South,5,25.0,0.15,12.0,125.0,106.25,60.0,46.25
O01715,3,2024-05-07,3,44,2,Notebook,Stationery,South,5,5.0,0.0,2.0,25.0,25.0,10.0,15.0
O01716,1,2024-05-07,1,57,4,Laptop,Electronics,West,5,800.0,0.15,500.0,4000.0,3400.0,2500.0,900.0
O01716,2,2024-05-07,1,57,4,Laptop,Electronics,West,2,800.0,0.05,500.0,1600.0,1520.0,1000.0,520.0
O01717,1,2024-05-08,1,63,4,Laptop,Electronics,West,2,800.0,0.15,500.0,1600.0,1360.0,1000.0,360.0
O01717,2,2024-05-08,3,63,4,Notebook,Stationery,West,3,5.0,0.15,2.0,15.0,12.75,6.0,6.75
O01718,1,2024-05-08,4,42,4,Mouse,Electronics,West,1,25.0,0.15,12.0,25.0,21.25,12.0,9.25
O01718,2,2024-05-08,4,42,4,Mouse,Electronics,West,2,25.0,0.15,12.0,50.0,42.5,24.0,18.5
O01718,3,2024-05-08,1,42,4,Laptop,Electronics,West,2,800.0,0.05,500.0,1600.0,1520.0,1000.0,520.0
O01719,1,2024-05-09,2,69,3,Chair,Furniture,East,6,150.0,0.0,90.0,900.0,900.0,540.0,360.0
O01719,2,2024-05-09,2,69,3,Chair,Furniture,East,2,150.0,0.15,90.0,300.0,255.0,180.0,75.0
O01719,3,2024-05-09,1,69,3,Laptop,Electronics,East,3,800.0,0.05,500.0,2400.0,2280.0,1500.0,780.0
O01720,1,2024-05-09,2,59,3,Chair,Furniture,East,6,150.0,0.05,90.0,900.0,855.0,540.0,315.0
O01721,1,2024-05-10,2,44,1,Chair,Furniture,North,5,150.0,0.15,90.0,750.0,637.5,450.0,187.5
O01721,2,2024-05-10,1,44,1,Laptop,Electronics,North,3,800.0,0.05,500.0,2400.0,2280.0,1500.0,780.0
O01721,3,2024-05-10,2,44,1,Chair,Furniture,North,5,150.0,0.1,90.0,750.0,675.0,450.0,225.0
O01722,1,2024-05-10,2,3,1,Chair,Furniture,North,2,150.0,0.15,90.0,300.0,255.0,180.0,75.0
O01722,2,2024-05-10,1,3,1,Laptop,Electronics,North,3,800.0,0.0,500.0,2400.0,2400.0,1500.0,900.0
O01722,3,2024-05-10,1,3,1,Laptop,Electronics,North,3,800.0,0.15,500.0,2400.0,2040.0,1500.0,540.0
O01723,1,2024-05-11,4,6,4,Mouse,Electronics,West,2,25.0,0.1,12.0,50.0,45.0,24.0,21.0
O01723,2,2024-05-11,1,6,4,Laptop,Electronics,West,1,800.0,0.15,500.0,800.0,680.0,500.0,180.0
O01724,1,2024-05-11,4,71,2,Mouse,Electronics,South,1,25.0,0.1,12.0,25.0,22.5,12.0,10.5
O01724,2,2024-05-11,2,71,2,Chair,Furniture,South,1,150.0,0.05,90.0,150.0,142.5,90.0,52.5
O01724,3,2024-05-11,1,71,2,Laptop,Electronics,South,1,800.0,0.05,500.0,800.0,760.0,500.0,260.0
O01725,1,2024-05-12,1,58,3,Laptop,Electronics,East,3,800.0,0.05,500.0,2400.0,2280.0,1500.0,780.0
O01725,2,2024-05-12,4,58,3,Mouse,Electronics,East,5,25.0,0.05,12.0,125.0,118.75,60.0,58.75
O01726,1,2024-05-12,4,29,3,Mouse,Electronics,East,1,25.0,0.0,12.0,25.0,25.0,12.0,13.0
O01726,2,2024-05-12,2,29,3,Chair,Furniture,East,2,150.0,0.05,90.0,300.0,285.0,180.0,105.0
O01726,3,2024-05-12,4,29,3,Mouse,Electronics,East,1,25.0,0.05,12.0,25.0,23.75,12.0,11.75
O01727,1,2024-05-13,4,55,4,Mouse,Electronics,West,2,25.0,0.15,12.0,50.0,42.5,24.0,18.5
O01727,2,2024-05-13,4,55,4,Mouse,Electronics,West,2,25.0,0.0,12.0,50.0,50.0,24.0,26.0
O01727,3,2024-05-13,3,55,4,Notebook,Stationery,West,5,5.0,0.0,2.0,25.0,25.0,10.0,15.0
O01728,1,2024-05-13,4,29,4,Mouse,Electronics,West,5,25.0,0.05,12.0,125.0,118.75,60.0,58.75
O01728,2,2024-05-13,1,29,4,Laptop,Electronics,West,3,800.0,0.15,500.0,2400.0,2040.0,1500.0,540.0
O01728,3,2024-05-13,4,29,4,Mouse,Electronics,West,5,25.0,0.15,12.0,125.0,106.25,60.0,46.25
O01729,1,2024-05-14,4,15,1,Mouse,Electronics,North,2,25.0,0.0,12.0,50.0,50.0,24.0,26.0
O01730,1,2024-05-14,2,79,2,Chair,Furniture,South,2,150.0,0.0,90.0,300.0,300.0,180.0,120.0
O01730,2,2024-05-14,3,79,2,Notebook,Stationery,South,4,5.0,0.15,2.0,20.0,17.0,8.0,9.0
O01731,1,2024-05-15,2,48,4,Chair,Furniture,West,2,150.0,0.0,90.0,300.0,300.0,180.0,120.0
O01731,2,2024-05-15,3,48,4,Notebook,Stationery,West,5,5.0,0.15,2.0,25.0,21.25,10.0,11.25
O01732,1,2024-05-15,3,60,3,Notebook,Stationery,East,3,5.0,0.1,2.0,15.0,13.5,6.0,7.5
O01732,2,2024-05-15,2,60,3,Chair,Furniture,East,3,150.0,0.15,90.0,450.0,382.5,270.0,112.5
O01732,3,2024-05-15,4,60,3,Mouse,Electronics,East,3,25.0,0.1,12.0,75.0,67.5,36.0,31.5
O01733,1,2024-05-16,1,58,4,Laptop,Electronics,West,5,800.0,0.0,500.0,4000.0,4000.0,2500.0,1500.0
O01733,2,2024-05-16,4,58,4,Mouse,Electronics,West,6,25.0,0.15,12.0,150.0,127.5,72.0,55.5
O01734,1,2024-05-16,2,8,3,Chair,Furniture,East,6,150.0,0.1,90.0,900.0,810.0,540.0,270.0
O01734,2,2024-05-16,3,8,3,Notebook,Stationery,East,1,5.0,0.05,2.0,5.0,4.75,2.0,2.75
O01734,3,2024-05-16,2,8,3,Chair,Furniture,East,5,150.0,0.15,90.0,750.0,637.5,450.0,187.5
O01735,1,2024-05-17,3,59,3,Notebook,Stationery,East,5,5.0,0.15,2.0,25.0,21.25,10.0,11.25
O01736,1,2024-05-17,1,61,2,Laptop,Electronics,South,3,800.0,0.1,500.0,2400.0,2160.0,1500.0,660.0
O01736,2,2024-05-17,1,61,2,Laptop,Electronics,South,5,800.0,0.05,500.0,4000.0,3800.0,2500.0,1300.0
O01736,3,2024-05-17,4,61,2,Mouse,Electronics,South,1,25.0,0.05,12.0,25.0,23.75,12.0,11.75
O01737,1,2024-05-18,3,77,2,Notebook,Stationery,South,3,5.0,0.1,2.0,15.0,13.5,6.0,7.5
O01737,2,2024-05-18,4,77,2,Mouse,Electronics,South,2,25.0,0.15,12.0,50.0,42.5,24.0,18.5
O01737,3,2024-05-18,1,77,2,Laptop,Electronics,South,4,800.0,0.0,500.0,3200.0,3200.0,2000.0,1200.0
O01738,1,2024-05-18,3,26,3,Notebook,Stationery,East,5,5.0,0.0,2.0,25.0,25.0,10.0,15.0
O01738,2,2024-05-18,1,26,3,Laptop,Electronics,East,4,800.0,0.05,500.0,3200.0,3040.0,2000.0,1040.0
O01739,1,2024-05-19,2,7,2,Chair,Furniture,South,2,150.0,0.05,90.0,300.0,285.0,180.0,105.0
O01740,1,2024-05-19,4,6,4,Mouse,Electronics,West,5,25.0,0.0,12.0,125.0,125.0,60.0,65.0
O01741,1,2024-05-20,3,43,3,Notebook,Stationery,East,5,5.0,0.1,2.0,25.0,22.5,10.0,12.5
O01741,2,2024-05-20,3,43,3,Notebook,Stationery,East,1,5.0,0.1,2.0,5.0,4.5,2.0,2.5
O01742,1,2024-05-20,4,11,2,Mouse,Electronics,South,2,25.0,0.15,12.0,50.0,42.5,24.0,18.5
O01743,1,2024-05-21,3,74,4,Notebook,Stationery,West,1,5.0,0.1,2.0,5.0,4.5,2.0,2.5
O01744,1,2024-05-21,3,6,2,Notebook,Stationery,South,2,5.0,0.1,2.0,10.0,9.0,4.0,5.0
O01744,2,2024-05-21,1,6,2,Laptop,Electronics,South,1,800.0,0.15,500.0,800.0,680.0,500.0,180.0
O01745,1,2024-05-22,4,9,2,Mouse,Electronics,South,1,25.0,0.15,12.0,25.0,21.25,12.0,9.25
O01745,2,2024-05-22,4,9,2,Mouse,Electronics,South,5,25.0,0.1,12.0,125.0,112.5,60.0,52.5
O01746,1,2024-05-22,2,33,4,Chair,Furniture,West,5,150.0,0.1,90.0,750.0,675.0,450.0,225.0
O01747,1,2024-05-23,3,16,3,Notebook,Stationery,East,5,5.0,0.05,2.0,25.0,23.75,10.0,13.75
O01748,1,2024-05-23,4,35,4,Mouse,Electronics,West,6,25.0,0.05,12.0,150.0,142.5,72.0,70.5
O01748,2,2024-05-23,2,35,4,Chair,Furniture,West,1,150.0,0.15,90.0,150.0,127.5,90.0,37.5
O01749,1,2024-05-24,3,52,3,Notebook,Stationery,East,1,5.0,0.0,2.0,5.0,5.0,2.0,3.0
O01749,2,2024-05-24,2,52,3,Chair,Furniture,East,5,150.0,0.0,90.0,750.0,750.0,450.0,300.0
O01750,1,2024-05-24,2,80,2,Chair,Furniture,South,2,150.0,0.1,90.0,300.0,270.0,180.0,90.0
O01750,2,2024-05-24,2,80,2,Chair,Furniture,South,4,150.0,0.05,90.0,600.0,570.0,360.0,210.0
O01750,3,2024-05-24,4,80,2,Mouse,Electronics,South,5,25.0,0.15,12.0,125.0,106.25,60.0,46.25
O01751,1,2024-05-25,4,21,1,Mouse,Electronics,North,3,25.0,0.0,12.0,75.0,75.0,36.0,39.0
O01752,1,2024-05-25,1,10,1,Laptop,Electronics,North,5,800.0,0.1,500.0,4000.0,3600.0,2500.0,1100.0
O01752,2,2024-05-25,4,10,1,Mouse,Electronics,North,2,25.0,0.05,12.0,50.0,47.5,24.0,23.5
O01753,1,2024-05-26,3,10,2,Notebook,Stationery,South,4,5.0,0.1,2.0,20.0,18.0,8.0,10.0
O01753,2,2024-05-26,3,10,2,Notebook,Stationery,South,3,5.0,0.15,2.0,15.0,12.75,6.0,6.75
O01754,1,2024-05-26,4,56,4,Mouse,Electronics,West,3,25.0,0.05,12.0,75.0,71.25,36.0,35.25
O01754,2,2024-05-26,3,56,4,Notebook,Stationery,West,5,5.0,0.0,2.0,25.0,25.0,10.0,15.0
O01754,3,2024-05-26,3,56,4,Notebook,Stationery,West,1,5.0,0.05,2.0,5.0,4.75,2.0,2.75
O01755,1,2024-05-27,2,46,2,Chair,Furniture,South,2,150.0,0.15,90.0,300.0,255.0,180.0,75.0
O01755,2,2024-05-27,4,46,2,Mouse,Electronics,South,6,25.0,0.1,12.0,150.0,135.0,72.0,63.0
O01756,1,2024-05-27,2,47,3,Chair,Furniture,East,3,150.0,0.1,90.0,450.0,405.0,270.0,135.0
O01756,2,2024-05-27,2,47,3,Chair,Furniture,East,5,150.0,0.1,90.0,750.0,675.0,450.0,225.0
O01756,3,2024-05-27,2,47,3,Chair,Furniture,East,5,150.0,0.1,90.0,750.0,675.0,450.0,225.0
O01757,1,2024-05-28,1,61,2,Laptop,Electronics,South,5,800.0,0.0,500.0,4000.0,4000.0,2500.0,1500.0
O01757,2,2024-05-28,3,61,2,Notebook,Stationery,South,3,5.0,0.1,2.0,15.0,13.5,6.0,7.5
O01758,1,2024-05-28,3,33,3,Notebook,Stationery,East,6,5.0,0.05,2.0,30.0,28.5,12.0,16.5
O01758,2,2024-05-28,2,33,3,Chair,Furniture,East,1,150.0,0.05,90.0,150.0,142.5,90.0,52.5
O01758,3,2024-05-28,1,33,3,Laptop,Electronics,East,5,800.0,0.0,500.0,4000.0,4000.0,2500.0,1500.0
O01759,1,2024-05-29,2,52,1,Chair,Furniture,North,6,150.0,0.1,90.0,900.0,810.0,540.0,270.0
O01759,2,2024-05-29,4,52,1,Mouse,Electronics,North,2,25.0,0.15,12.0,50.0,42.5,24.0,18.5
O01760,1,2024-05-29,2,10,2,Chair,Furniture,South,2,150.0,0.0,90.0,300.0,300.0,180.0,120.0
O01760,2,2024-05-29,1,10,2,Laptop,Electronics,South,1,800.0,0.0,500.0,800.0,800.0,500.0,300.0
O01761,1,2024-05-30,3,15,3,Notebook,Stationery,East,2,5.0,0.0,2.0,10.0,10.0,4.0,6.0
O01762,1,2024-05-30,1,7,4,Laptop,Electronics,West,2,800.0,0.15,500.0,1600.0,1360.0,1000.0,360.0
O01762,2,2024-05-30,2,7,4,Chair,Furniture,West,4,150.0,0.1,90.0,600.0,540.0,360.0,180.0
O01762,3,2024-05-30,4,7,4,Mouse,Electronics,West,5,25.0,0.1,12.0,125.0,112.5,60.0,52.5
O01763,1,2024-05-31,1,45,3,Laptop,Electronics,East,4,800.0,0.15,500.0,3200.0,2720.0,2000.0,720.0
O01764,1,2024-05-31,2,28,2,Chair,Furniture,South,4,150.0,0.1,90.0,600.0,540.0,360.0,180.0
O01765,1,2024-06-01,2,5,1,Chair,Furniture,North,6,150.0,0.1,90.0,900.0,810.0,540.0,270.0
O01766,1,2024-06-01,2,33,3,Chair,Furniture,East,1,150.0,0.1,90.0,150.0,135.0,90.0,45.0
O01766,2,2024-06-01,3,33,3,Notebook,Stationery,East,6,5.0,0.1,2.0,30.0,27.0,12.0,15.0
O01767,1,2024-06-02,2,19,2,Chair,Furniture,South,2,150.0,0.1,90.0,300.0,270.0,180.0,90.0
O01767,2,2024-06-02,2,19,2,Chair,Furniture,South,5,150.0,0.05,90.0,750.0,712.5,450.0,262.5
O01768,1,2024-06-02,2,5,2,Chair,Furniture,South,4,150.0,0.05,90.0,600.0,570.0,360.0,210.0
O01768,2,2024-06-02,2,5,2,Chair,Furniture,South,4,150.0,0.0,90.0,600.0,600.0,360.0,240.0
O01768,3,2024-06-02,3,5,2,Notebook,Stationery,South,6,5.0,0.15,2.0,30.0,25.5,12.0,13.5
O01769,1,2024-06-03,2,75,2,Chair,Furniture,South,4,150.0,0.0,90.0,600.0,600.0,360.0,240.0
O01769,2,2024-06-03,3,75,2,Notebook,Stationery,South,4,5.0,0.0,2.0,20.0,20.0,8.0,12.0
O01770,1,2024-06-03,2,33,3,Chair,Furniture,East,6,150.0,0.15,90.0,900.0,765.0,540.0,225.0
O01771,1,2024-06-04,3,48,2,Notebook,Stationery,South,5,5.0,0.0,2.0,25.0,25.0,10.0,15.0
O01771,2,2024-06-04,4,48,2,Mouse,Electronics,South,5,25.0,0.05,12.0,125.0,118.75,60.0,58.75
O01771,3,2024-06-04,2,48,2,Chair,Furniture,South,2,150.0,0.05,90.0,300.0,285.0,180.0,105.0
O01772,1,2024-06-04,4,19,2,Mouse,Electronics,South,3,25.0,0.15,12.0,75.0,63.75,36.0,27.75
O01772,2,2024-06-04,1,19,2,Laptop,Electronics,South,2,800.0,0.1,500.0,1600.0,1440.0,1000.0,440.0
O01773,1,2024-06-05,1,49,2,Laptop,Electronics,South,6,800.0,0.0,500.0,4800.0,4800.0,3000.0,1800.0
O01773,2,2024-06-05,2,49,2,Chair,Furniture,South,1,150.0,0.05,90.0,150.0,142.5,90.0,52.5
O01774,1,2024-06-05,3,53,2,Notebook,Stationery,South,5,5.0,0.0,2.0,25.0,25.0,10.0,15.0
O01774,2,2024-06-05,1,53,2,Laptop,Electronics,South,3,800.0,0.15,500.0,2400.0,2040.0,1500.0,540.0
O01774,3,2024-06-05,2,53,2,Chair,Furniture,South,6,150.0,0.0,90.0,900.0,900.0,540.0,360.0
O01775,1,2024-06-06,4,66,1,Mouse,Electronics,North,1,25.0,0.15,12.0,25.0,21.25,12.0,9.25
O01775,2,2024-06-06,1,66,1,Laptop,Electronics,North,1,800.0,0.15,500.0,800.0,680.0,500.0,180.0
O01776,1,2024-06-06,2,40,2,Chair,Furniture,South,3,150.0,0.05,90.0,450.0,427.5,270.0,157.5
O01776,2,2024-06-06,4,40,2,Mouse,Electronics,South,4,25.0,0.1,12.0,100.0,90.0,48.0,42.0
O01777,1,2024-06-07,4,21,2,Mouse,Electronics,South,1,25.0,0.15,12.0,25.0,21.25,12.0,9.25
O01778,1,2024-06-07,1,30,4,Laptop,Electronics,West,6,800.0,0.1,500.0,4800.0,4320.0,3000.0,1320.0
O01778,2,2024-06-07,3,30,4,Notebook,Stationery,West,3,5.0,0.1,2.0,15.0,13.5,6.0,7.5
O01779,1,2024-06-08,3,50,2,Notebook,Stationery,South,5,5.0,0.05,2.0,25.0,23.75,10.0,13.75
O01779,2,2024-06-08,4,50,2,Mouse,Electronics,South,6,25.0,0.15,12.0,150.0,127.5,72.0,55.5
O01779,3,2024-06-08,2,50,2,Chair,Furniture,South,5,150.0,0.1,90.0,750.0,675.0,450.0,225.0
O01780,1,2024-06-08,3,35,1,Notebook,Stationery,North,3,5.0,0.05,2.0,15.0,14.25,6.0,8.25
O01781,1,2024-06-09,4,26,1,Mouse,Electronics,North,4,25.0,0.1,12.0,100.0,90.0,48.0,42.0
O01781,2,2024-06-09,4,26,1,Mouse,Electronics,North,6,25.0,0.15,12.0,150.0,127.5,72.0,55.5
O01781,3,2024-06-09,2,26,1,Chair,Furniture,North,1,150.0,0.0,90.0,150.0,150.0,90.0,60.0
O01782,1,2024-06-09,2,19,4,Chair,Furniture,West,5,150.0,0.1,90.0,750.0,675.0,450.0,225.0
O01782,2,2024-06-09,1,19,4,Laptop,Electronics,West,3,800.0,0.15,500.0,2400.0,2040.0,1500.0,540.0
O01782,3,2024-06-09,1,19,4,Laptop,Electronics,West,4,800.0,0.0,500.0,3200.0,3200.0,2000.0,1200.0
O01783,1,2024-06-10,3,3,3,Notebook,Stationery,East,1,5.0,0.0,2.0,5.0,5.0,2.0,3.0
O01783,2,2024-06-10,4,3,3,Mouse,Electronics,East,3,25.0,0.0,12.0,75.0,75.0,36.0,39.0
O01783,3,2024-06-10,1,3,3,Laptop,Electronics,East,1,800.0,0.15,500.0,800.0,680.0,500.0,180.0
O01784,1,2024-06-10,3,33,1,Notebook,Stationery,North,1,5.0,0.1,2.0,5.0,4.5,2.0,2.5
O01784,2,2024-06-10,1,33,1,Laptop,Electronics,North,3,800.0,0.15,500.0,2400.0,2040.0,1500.0,540.0
O01785,1,2024-06-11,3,34,4,Notebook,Stationery,West,5,5.0,0.05,2.0,25.0,23.75,10.0,13.75
O01786,1,2024-06-11,1,67,1,Laptop,Electronics,North,2,800.0,0.0,500.0,1600.0,1600.0,1000.0,600.0
O01786,2,2024-06-11,4,67,1,Mouse,Electronics,North,6,25.0,0.1,12.0,150.0,135.0,72.0,63.0
O01786,3,2024-06-11,3,67,1,Notebook,Stationery,North,4,5.0,0.0,2.0,20.0,20.0,8.0,12.0
O01787,1,2024-06-12,1,17,3,Laptop,Electronics,East,3,800.0,0.0,500.0,2400.0,2400.0,1500.0,900.0
O01787,2,2024-06-12,1,17,3,Laptop,Electronics,East,4,800.0,0.1,500.0,3200.0,2880.0,2000.0,880.0
O01787,3,2024-06-12,4,17,3,Mouse,Electronics,East,6,25.0,0.1,12.0,150.0,135.0,72.0,63.0
O01788,1,2024-06-12,4,46,2,Mouse,Electronics,South,2,25.0,0.0,12.0,50.0,50.0,24.0,26.0
O01788,2,2024-06-12,3,46,2,Notebook,Stationery,South,6,5.0,0.15,2.0,30.0,25.5,12.0,13.5
O01789,1,2024-06-13,2,58,3,Chair,Furniture,East,2,150.0,0.15,90.0,300.0,255.0,180.0,75.0
O01789,2,2024-06-13,3,58,3,Notebook,Stationery,East,6,5.0,0.15,2.0,30.0,25.5,12.0,13.5
O01790,1,2024-06-13,1,34,3,Laptop,Electronics,East,1,800.0,0.0,500.0,800.0,800.0,500.0,300.0
O01790,2,2024-06-13,2,34,3,Chair,Furniture,East,1,150.0,0.05,90.0,150.0,142.5,90.0,52.5
O01791,1,2024-06-14,2,59,3,Chair,Furniture,East,5,150.0,0.1,90.0,750.0,675.0,450.0,225.0
O01791,2,2024-06-14,2,59,3,Chair,Furniture,East,6,150.0,0.1,90.0,900.0,810.0,540.0,270.0
O01792,1,2024-06-14,4,50,2,Mouse,Electronics,South,6,25.0,0.05,12.0,150.0,142.5,72.0,70.5
O01792,2,2024-06-14,1,50,2,Laptop,Electronics,South,4,800.0,0.05,500.0,3200.0,3040.0,2000.0,1040.0
O01793,1,2024-06-15,1,11,2,Laptop,Electronics,South,3,800.0,0.15,500.0,2400.0,2040.0,1500.0,540.0
O01793,2,2024-06-15,1,11,2,Laptop,Electronics,South,3,800.0,0.0,500.0,2400.0,2400.0,1500.0,900.0
O01793,3,2024-06-15,4,11,2,Mouse,Electronics,South,6,25.0,0.15,12.0,150.0,127.5,72.0,55.5
O01794,1,2024-06-15,4,54,1,Mouse,Electronics,North,5,25.0,0.15,12.0,125.0,106.25,60.0,46.25
O01794,2,2024-06-15,3,54,1,Notebook,Stationery,North,3,5.0,0.15,2.0,15.0,12.75,6.0,6.75
O01794,3,2024-06-15,4,54,1,Mouse,Electronics,North,1,25.0,0.0,12.0,25.0,25.0,12.0,13.0
O01795,1,2024-06-16,3,4,3,Notebook,Stationery,East,5,5.0,0.05,2.0,25.0,23.75,10.0,13.75
O01795,2,2024-06-16,4,4,3,Mouse,Electronics,East,3,25.0,0.0,12.0,75.0,75.0,36.0,39.0
O01795,3,2024-06-16,1,4,3,Laptop,Electronics,East,3,800.0,0.1,500.0,2400.0,2160.0,1500.0,660.0
O01796,1,2024-06-16,1,47,2,Laptop,Electronics,South,2,800.0,0.0,500.0,1600.0,1600.0,1000.0,600.0
O01797,1,2024-06-17,4,74,1,Mouse,Electronics,North,6,25.0,0.1,12.0,150.0,135.0,72.0,63.0
O01797,2,2024-06-17,1,74,1,Laptop,Electronics,North,6,800.0,0.1,500.0,4800.0,4320.0,3000.0,1320.0
O01798,1,2024-06-17,2,27,1,Chair,Furniture,North,2,150.0,0.05,90.0,300.0,285.0,180.0,105.0
O01798,2,2024-06-17,1,27,1,Laptop,Electronics,North,5,800.0,0.0,500.0,4000.0,4000.0,2500.0,1500.0
O01799,1,2024-06-18,4,41,2,Mouse,Electronics,South,3,25.0,0.05,12.0,75.0,71.25,36.0,35.25
O01799,2,2024-06-18,4,41,2,Mouse,Electronics,South,1,25.0,0.0,12.0,25.0,25.0,12.0,13.0
O01799,3,2024-06-18,3,41,2,Notebook,Stationery,South,4,5.0,0.05,2.0,20.0,19.0,8.0,11.0
O01800,1,2024-06-18,1,62,4,Laptop,Electronics,West,4,800.0,0.15,500.0,3200.0,2720.0,2000.0,720.0
O01800,2,2024-06-18,4,62,4,Mouse,Electronics,West,1,25.0,0.15,12.0,25.0,21.25,12.0,9.25
O01800,3,2024-06-18,4,62,4,Mouse,Electronics,West,6,25.0,0.1,12.0,150.0,135.0,72.0,63.0
O01801,1,2024-06-19,4,15,4,Mouse,Electronics,West,6,25.0,0.1,12.0,150.0,135.0,72.0,63.0
O01801,2,2024-06-19,3,15,4,Notebook,Stationery,West,4,5.0,0.15,2.0,20.0,17.0,8.0,9.0
O01801,3,2024-06-19,3,15,4,Notebook,Stationery,West,2,5.0,0.1,2.0,10.0,9.0,4.0,5.0
O01802,1,2024-06-19,1,62,4,Laptop,Electronics,West,5,800.0,0.1,500.0,4000.0,3600.0,2500.0,1100.0
O01802,2,2024-06-19,3,62,4,Notebook,Stationery,West,4,5.0,0.1,2.0,20.0,18.0,8.0,10.0
O01803,1,2024-06-20,4,80,4,Mouse,Electronics,West,1,25.0,0.15,12.0,25.0,21.25,12.0,9.25
O01803,2,2024-06-20,3,80,4,Notebook,Stationery,West,4,5.0,0.15,2.0,20.0,17.0,8.0,9.0
O01804,1,2024-06-20,3,77,1,Notebook,Stationery,North,2,5.0,0.05,2.0,10.0,9.5,4.0,5.5
O01805,1,2024-06-21,2,57,1,Chair,Furniture,North,2,150.0,0.15,90.0,300.0,255.0,180.0,75.0
O01806,1,2024-06-21,3,77,2,Notebook,Stationery,South,3,5.0,0.15,2.0,15.0,12.75,6.0,6.75
O01807,1,2024-06-22,3,79,4,Notebook,Stationery,West,5,5.0,0.15,2.0,25.0,21.25,10.0,11.25
O01807,2,2024-06-22,2,79,4,Chair,Furniture,West,1,150.0,0.1,90.0,150.0,135.0,90.0,45.0
O01808,1,2024-06-22,2,17,2,Chair,Furniture,South,3,150.0,0.15,90.0,450.0,382.5,270.0,112.5
O01808,2,2024-06-22,1,17,2,Laptop,Electronics,South,3,800.0,0.0,500.0,2400.0,2400.0,1500.0,900.0
O01808,3,2024-06-22,2,17,2,Chair,Furniture,South,2,150.0,0.0,90.0,300.0,300.0,180.0,120.0
O01809,1,2024-06-23,3,67,1,Notebook,Stationery,North,4,5.0,0.15,2.0,20.0,17.0,8.0,9.0
O01810,1,2024-06-23,4,44,3,Mouse,Electronics,East,1,25.0,0.15,12.0,25.0,21.25,12.0,9.25
O01811,1,2024-06-24,1,53,4,Laptop,Electronics,West,4,800.0,0.1,500.0,3200.0,2880.0,2000.0,880.0
O01811,2,2024-06-24,3,53,4,Notebook,Stationery,West,2,5.0,0.05,2.0,10.0,9.5,4.0,5.5
O01812,1,2024-06-24,3,39,3,Notebook,Stationery,East,1,5.0,0.05,2.0,5.0,4.75,2.0,2.75
O01813,1,2024-06-25,1,40,3,Laptop,Electronics,East,3,800.0,0.0,500.0,2400.0,2400.0,1500.0,900.0
O01813,2,2024-06-25,4,40,3,Mouse,Electronics,East,4,25.0,0.0,12.0,100.0,100.0,48.0,52.0
O01813,3,2024-06-25,4,40,3,Mouse,Electronics,East,2,25.0,0.1,12.0,50.0,45.0,24.0,21.0
O01814,1,2024-06-25,4,19,2,Mouse,Electronics,South,3,25.0,0.05,12.0,75.0,71.25,36.0,35.25
O01815,1,2024-06-26,2,56,2,Chair,Furniture,South,2,150.0,0.1,90.0,300.0,270.0,180.0,90.0
O01815,2,2024-06-26,1,56,2,Laptop,Electronics,South,6,800.0,0.1,500.0,4800.0,4320.0,3000.0,1320.0
O01815,3,2024-06-26,4,56,2,Mouse,Electronics,South,6,25.0,0.0,12.0,150.0,150.0,72.0,78.0
O01816,1,2024-06-26,3,30,2,Notebook,Stationery,South,1,5.0,0.05,2.0,5.0,4.75,2.0,2.75
O01816,2,2024-06-26,1,30,2,Laptop,Electronics,South,1,800.0,0.0,500.0,800.0,800.0,500.0,300.0
O01817,1,2024-06-27,4,39,2,Mouse,Electronics,South,1,25.0,0.15,12.0,25.0,21.25,12.0,9.25
O01817,2,2024-06-27,3,39,2,Notebook,Stationery,South,3,5.0,0.0,2.0,15.0,15.0,6.0,9.0
O01817,3,2024-06-27,1,39,2,Laptop,Electronics,South,4,800.0,0.0,500.0,3200.0,3200.0,2000.0,1200.0
O01818,1,2024-06-27,4,8,3,Mouse,Electronics,East,2,25.0,0.0,12.0,50.0,50.0,24.0,26.0
O01819,1,2024-06-28,3,67,3,Notebook,Stationery,East,3,5.0,0.0,2.0,15.0,15.0,6.0,9.0
O01819,2,2024-06-28,4,67,3,Mouse,Electronics,East,4,25.0,0.15,12.0,100.0,85.0,48.0,37.0
O01819,3,2024-06-28,2,67,3,Chair,Furniture,East,2,150.0,0.05,90.0,300.0,285.0,180.0,105.0
O01820,1,2024-06-28,4,47,1,Mouse,Electronics,North,3,25.0,0.05,12.0,75.0,71.25,36.0,35.25
O01820,2,2024-06-28,2,47,1,Chair,Furniture,North,3,150.0,0.1,90.0,450.0,405.0,270.0,135.0
O01820,3,2024-06-28,1,47,1,Laptop,Electronics,North,4,800.0,0.1,500.0,3200.0,2880.0,2000.0,880.0
O01821,1,2024-06-29,3,54,2,Notebook,Stationery,South,4,5.0,0.15,2.0,20.0,17.0,8.0,9.0
O01822,1,2024-06-29,4,63,1,Mouse,Electronics,North,4,25.0,0.1,12.0,100.0,90.0,48.0,42.0
O01823,1,2024-06-30,2,21,3,Chair,Furniture,East,4,150.0,0.0,90.0,600.0,600.0,360.0,240.0
O01823,2,2024-06-30,3,21,3,Notebook,Stationery,East,2,5.0,0.0,2.0,10.0,10.0,4.0,6.0
O01824,1,2024-06-30,2,58,2,Chair,Furniture,South,6,150.0,0.0,90.0,900.0,900.0,540.0,360.0
O01824,2,2024-06-30,3,58,2,Notebook,Stationery,South,4,5.0,0.1,2.0,20.0,18.0,8.0,10.0
O01825,1,2024-07-01,2,29,4,Chair,Furniture,West,3,150.0,0.1,90.0,450.0,405.0,270.0,135.0
O01825,2,2024-07-01,4,29,4,Mouse,Electronics,West,1,25.0,0.1,12.0,25.0,22.5,12.0,10.5
O01825,3,2024-07-01,3,29,4,Notebook,Stationery,West,5,5.0,0.05,2.0,25.0,23.75,10.0,13.75
O01826,1,2024-07-01,1,9,1,Laptop,Electronics,North,3,800.0,0.05,500.0,2400.0,2280.0,1500.0,780.0
O01826,2,2024-07-01,3,9,1,Notebook,Stationery,North,4,5.0,0.05,2.0,20.0,19.0,8.0,11.0
O01826,3,2024-07-01,3,9,1,Notebook,Stationery,North,3,5.0,0.0,2.0,15.0,15.0,6.0,9.0
O01827,1,2024-07-02,1,78,4,Laptop,Electronics,West,6,800.0,0.0,500.0,4800.0,4800.0,3000.0,1800.0
O01827,2,2024-07-02,1,78,4,Laptop,Electronics,West,4,800.0,0.15,500.0,3200.0,2720.0,2000.0,720.0
O01827,3,2024-07-02,3,78,4,Notebook,Stationery,West,1,5.0,0.05,2.0,5.0,4.75,2.0,2.75
O01828,1,2024-07-02,3,28,2,Notebook,Stationery,South,1,5.0,0.05,2.0,5.0,4.75,2.0,2.75
O01829,1,2024-07-03,3,28,4,Notebook,Stationery,West,3,5.0,0.0,2.0,15.0,15.0,6.0,9.0
O01829,2,2024-07-03,2,28,4,Chair,Furniture,West,4,150.0,0.0,90.0,600.0,600.0,360.0,240.0
O01829,3,2024-07-03,1,28,4,Laptop,Electronics,West,3,800.0,0.1,500.0,2400.0,2160.0,1500.0,660.0
O01830,1,2024-07-03,1,29,1,Laptop,Electronics,North,6,800.0,0.1,500.0,4800.0,4320.0,3000.0,1320.0
O01830,2,2024-07-03,1,29,1,Laptop,Electronics,North,3,800.0,0.05,500.0,2400.0,2280.0,1500.0,780.0
O01830,3,2024-07-03,3,29,1,Notebook,Stationery,North,1,5.0,0.05,2.0,5.0,4.75,2.0,2.75
O01831,1,2024-07-04,4,15,4,Mouse,Electronics,West,3,25.0,0.05,12.0,75.0,71.25,36.0,35.25
O01831,2,2024-07-04,1,15,4,Laptop,Electronics,West,2,800.0,0.1,500.0,1600.0,1440.0,1000.0,440.0
O01832,1,2024-07-04,3,46,3,Notebook,Stationery,East,3,5.0,0.1,2.0,15.0,13.5,6.0,7.5
O01833,1,2024-07-05,4,38,4,Mouse,Electronics,West,4,25.0,0.1,12.0,100.0,90.0,48.0,42.0
O01833,2,2024-07-05,3,38,4,Notebook,Stationery,West,4,5.0,0.0,2.0,20.0,20.0,8.0,12.0
O01834,1,2024-07-05,4,19,2,Mouse,Electronics,South,3,25.0,0.1,12.0,75.0,67.5,36.0,31.5
O01834,2,2024-07-05,1,19,2,Laptop,Electronics,South,1,800.0,0.1,500.0,800.0,720.0,500.0,220.0
O01835,1,2024-07-06,2,30,1,Chair,Furniture,North,5,150.0,0.0,90.0,750.0,750.0,450.0,300.0
O01836,1,2024-07-06,3,28,4,Notebook,Stationery,West,3,5.0,0.15,2.0,15.0,12.75,6.0,6.75
O01836,2,2024-07-06,2,28,4,Chair,Furniture,West,3,150.0,0.1,90.0,450.0,405.0,270.0,135.0
O01837,1,2024-07-07,2,32,1,Chair,Furniture,North,2,150.0,0.05,90.0,300.0,285.0,180.0,105.0
O01838,1,2024-07-07,3,45,1,Notebook,Stationery,North,1,5.0,0.05,2.0,5.0,4.75,2.0,2.75
O01838,2,2024-07-07,1,45,1,Laptop,Electronics,North,3,800.0,0.05,500.0,2400.0,2280.0,1500.0,780.0
O01839,1,2024-07-08,3,67,2,Notebook,Stationery,South,6,5.0,0.1,2.0,30.0,27.0,12.0,15.0
O01840,1,2024-07-08,2,57,2,Chair,Furniture,South,4,150.0,0.05,90.0,600.0,570.0,360.0,210.0
O01840,2,2024-07-08,1,57,2,Laptop,Electronics,South,2,800.0,0.15,500.0,1600.0,1360.0,1000.0,360.0
O01840,3,2024-07-08,2,57,2,Chair,Furniture,South,5,150.0,0.15,90.0,750.0,637.5,450.0,187.5
O01841,1,2024-07-09,2,10,3,Chair,Furniture,East,6,150.0,0.05,90.0,900.0,855.0,540.0,315.0
O01842,1,2024-07-09,4,14,4,Mouse,Electronics,West,4,25.0,0.15,12.0,100.0,85.0,48.0,37.0
O01842,2,2024-07-09,1,14,4,Laptop,Electronics,West,2,800.0,0.1,500.0,1600.0,1440.0,1000.0,440.0
O01843,1,2024-07-10,1,64,4,Laptop,Electronics,West,2,800.0,0.15,500.0,1600.0,1360.0,1000.0,360.0
O01843,2,2024-07-10,3,64,4,Notebook,Stationery,West,3,5.0,0.0,2.0,15.0,15.0,6.0,9.0
O01843,3,2024-07-10,3,64,4,Notebook,Stationery,West,4,5.0,0.1,2.0,20.0,18.0,8.0,10.0
O01844,1,2024-07-10,3,11,3,Notebook,Stationery,East,2,5.0,0.15,2.0,10.0,8.5,4.0,4.5
O01844,2,2024-07-10,3,11,3,Notebook,Stationery,East,2,5.0,0.1,2.0,10.0,9.0,4.0,5.0
O01844,3,2024-07-10,4,11,3,Mouse,Electronics,East,2,25.0,0.15,12.0,50.0,42.5,24.0,18.5
O01845,1,2024-07-11,4,18,4,Mouse,Electronics,West,2,25.0,0.0,12.0,50.0,50.0,24.0,26.0
O01846,1,2024-07-11,4,49,3,Mouse,Electronics,East,2,25.0,0.05,12.0,50.0,47.5,24.0,23.5
O01846,2,2024-07-11,3,49,3,Notebook,Stationery,East,6,5.0,0.0,2.0,30.0,30.0,12.0,18.0
O01846,3,2024-07-11,2,49,3,Chair,Furniture,East,3,150.0,0.15,90.0,450.0,382.5,270.0,112.5
O01847,1,2024-07-12,1,41,3,Laptop,Electronics,East,6,800.0,0.0,500.0,4800.0,4800.0,3000.0,1800.0
O01847,2,2024-07-12,1,41,3,Laptop,Electronics,East,3,800.0,0.05,500.0,2400.0,2280.0,1500.0,780.0
O01847,3,2024-07-12,4,41,3,Mouse,Electronics,East,6,25.0,0.1,12.0,150.0,135.0,72.0,63.0
O01848,1,2024-07-12,4,32,4,Mouse,Electronics,West,4,25.0,0.05,12.0,100.0,95.0,48.0,47.0
O01849,1,2024-07-13,1,71,3,Laptop,Electronics,East,3,800.0,0.1,500.0,2400.0,2160.0,1500.0,660.0
O01849,2,2024-07-13,3,71,3,Notebook,Stationery,East,2,5.0,0.05,2.0,10.0,9.5,4.0,5.5
O01849,3,2024-07-13,3,71,3,Notebook,Stationery,East,4,5.0,0.05,2.0,20.0,19.0,8.0,11.0
O01850,1,2024-07-13,1,16,1,Laptop,Electronics,North,1,800.0,0.1,500.0,800.0,720.0,500.0,220.0
O01850,2,2024-07-13,2,16,1,Chair,Furniture,North,6,150.0,0.1,90.0,900.0,810.0,540.0,270.0
O01851,1,2024-07-14,3,15,4,Notebook,Stationery,West,1,5.0,0.1,2.0,5.0,4.5,2.0,2.5
O01851,2,2024-07-14,3,15,4,Notebook,Stationery,West,1,5.0,0.1,2.0,5.0,4.5,2.0,2.5
O01852,1,2024-07-14,2,50,2,Chair,Furniture,South,2,150.0,0.05,90.0,300.0,285.0,180.0,105.0
O01852,2,2024-07-14,3,50,2,Notebook,Stationery,South,2,5.0,0.05,2.0,10.0,9.5,4.0,5.5
O01853,1,2024-07-15,2,25,3,Chair,Furniture,East,3,150.0,0.15,90.0,450.0,382.5,270.0,112.5
O01853,2,2024-07-15,1,25,3,Laptop,Electronics,East,2,800.0,0.15,500.0,1600.0,1360.0,1000.0,360.0
O01853,3,2024-07-15,1,25,3,Laptop,Electronics,East,1,800.0,0.0,500.0,800.0,800.0,500.0,300.0
O01854,1,2024-07-15,2,14,2,Chair,Furniture,South,6,150.0,0.15,90.0,900.0,765.0,540.0,225.0
O01854,2,2024-07-15,3,14,2,Notebook,Stationery,South,6,5.0,0.0,2.0,30.0,30.0,12.0,18.0
O01854,3,2024-07-15,4,14,2,Mouse,Electronics,South,1,25.0,0.1,12.0,25.0,22.5,12.0,10.5
O01855,1,2024-07-16,4,29,3,Mouse,Electronics,East,4,25.0,0.1,12.0,100.0,90.0,48.0,42.0
O01856,1,2024-07-16,4,39,1,Mouse,Electronics,North,5,25.0,0.15,12.0,125.0,106.25,60.0,46.25
O01857,1,2024-07-17,2,36,4,Chair,Furniture,West,4,150.0,0.1,90.0,600.0,540.0,360.0,180.0
O01858,1,2024-07-17,3,46,4,Notebook,Stationery,West,1,5.0,0.05,2.0,5.0,4.75,2.0,2.75
O01858,2,2024-07-17,3,46,4,Notebook,Stationery,West,2,5.0,0.15,2.0,10.0,8.5,4.0,4.5
O01858,3,2024-07-17,2,46,4,Chair,Furniture,West,5,150.0,0.05,90.0,750.0,712.5,450.0,262.5
O01859,1,2024-07-18,2,22,2,Chair,Furniture,South,4,150.0,0.1,90.0,600.0,540.0,360.0,180.0
O01860,1,2024-07-18,3,50,4,Notebook,Stationery,West,4,5.0,0.05,2.0,20.0,19.0,8.0,11.0
O01861,1,2024-07-19,3,39,1,Notebook,Stationery,North,3,5.0,0.0,2.0,15.0,15.0,6.0,9.0
O01861,2,2024-07-19,2,39,1,Chair,Furniture,North,6,150.0,0.0,90.0,900.0,900.0,540.0,360.0
O01862,1,2024-07-19,4,43,4,Mouse,Electronics,West,5,25.0,0.15,12.0,125.0,106.25,60.0,46.25
O01862,2,2024-07-19,3,43,4,Notebook,Stationery,West,4,5.0,0.05,2.0,20.0,19.0,8.0,11.0
O01862,3,2024-07-19,4,43,4,Mouse,Electronics,West,1,25.0,0.1,12.0,25.0,22.5,12.0,10.5
O01863,1,2024-07-20,1,34,3,Laptop,Electronics,East,1,800.0,0.15,500.0,800.0,680.0,500.0,180.0
O01863,2,2024-07-20,2,34,3,Chair,Furniture,East,3,150.0,0.05,90.0,450.0,427.5,270.0,157.5
O01863,3,2024-07-20,2,34,3,Chair,Furniture,East,6,150.0,0.05,90.0,900.0,855.0,540.0,315.0
O01864,1,2024-07-20,3,48,1,Notebook,Stationery,North,2,5.0,0.15,2.0,10.0,8.5,4.0,4.5
O01864,2,2024-07-20,4,48,1,Mouse,Electronics,North,2,25.0,0.1,12.0,50.0,45.0,24.0,21.0
O01864,3,2024-07-20,1,48,1,Laptop,Electronics,North,4,800.0,0.15,500.0,3200.0,2720.0,2000.0,720.0
O01865,1,2024-07-21,4,25,1,Mouse,Electronics,North,6,25.0,0.0,12.0,150.0,150.0,72.0,78.0
O01866,1,2024-07-21,2,5,1,Chair,Furniture,North,5,150.0,0.05,90.0,750.0,712.5,450.0,262.5
O01866,2,2024-07-21,4,5,1,Mouse,Electronics,North,1,25.0,0.15,12.0,25.0,21.25,12.0,9.25
O01867,1,2024-07-22,2,21,4,Chair,Furniture,West,6,150.0,0.15,90.0,900.0,765.0,540.0,225.0
O01867,2,2024-07-22,4,21,4,Mouse,Electronics,West,3,25.0,0.15,12.0,75.0,63.75,36.0,27.75
O01867,3,2024-07-22,1,21,4,Laptop,Electronics,West,2,800.0,0.1,500.0,1600.0,1440.0,1000.0,440.0
O01868,1,2024-07-22,3,44,2,Notebook,Stationery,South,2,5.0,0.05,2.0,10.0,9.5,4.0,5.5
O01868,2,2024-07-22,4,44,2,Mouse,Electronics,South,3,25.0,0.15,12.0,75.0,63.75,36.0,27.75
O01869,1,2024-07-23,3,62,4,Notebook,Stationery,West,6,5.0,0.15,2.0,30.0,25.5,12.0,13.5
O01870,1,2024-07-23,3,76,2,Notebook,Stationery,South,4,5.0,0.05,2.0,20.0,19.0,8.0,11.0
O01871,1,2024-07-24,4,72,2,Mouse,Electronics,South,2,25.0,0.0,12.0,50.0,50.0,24.0,26.0
O01872,1,2024-07-24,4,37,1,Mouse,Electronics,North,1,25.0,0.1,12.0,25.0,22.5,12.0,10.5
O01872,2,2024-07-24,2,37,1,Chair,Furniture,North,6,150.0,0.05,90.0,900.0,855.0,540.0,315.0
O01873,1,2024-07-25,3,47,1,Notebook,Stationery,North,1,5.0,0.0,2.0,5.0,5.0,2.0,3.0
O01873,2,2024-07-25,3,47,1,Notebook,Stationery,North,5,5.0,0.05,2.0,25.0,23.75,10.0,13.75
O01874,1,2024-07-25,1,48,3,Laptop,Electronics,East,1,800.0,0.1,500.0,800.0,720.0,500.0,220.0
O01874,2,2024-07-25,3,48,3,Notebook,Stationery,East,2,5.0,0.15,2.0,10.0,8.5,4.0,4.5
O01875,1,2024-07-26,1,79,4,Laptop,Electronics,West,6,800.0,0.15,500.0,4800.0,4080.0,3000.0,1080.0
O01875,2,2024-07-26,2,79,4,Chair,Furniture,West,1,150.0,0.1,90.0,150.0,135.0,90.0,45.0
O01875,3,2024-07-26,1,79,4,Laptop,Electronics,West,6,800.0,0.15,500.0,4800.0,4080.0,3000.0,1080.0
O01876,1,2024-07-26,4,77,1,Mouse,Electronics,North,4,25.0,0.05,12.0,100.0,95.0,48.0,47.0
O01877,1,2024-07-27,4,11,3,Mouse,Electronics,East,5,25.0,0.1,12.0,125.0,112.5,60.0,52.5
O01877,2,2024-07-27,1,11,3,Laptop,Electronics,East,1,800.0,0.15,500.0,800.0,680.0,500.0,180.0
O01877,3,2024-07-27,2,11,3,Chair,Furniture,East,6,150.0,0.05,90.0,900.0,855.0,540.0,315.0
O01878,1,2024-07-27,3,26,3,Notebook,Stationery,East,5,5.0,0.15,2.0,25.0,21.25,10.0,11.25
O01878,2,2024-07-27,3,26,3,Notebook,Stationery,East,5,5.0,0.05,2.0,25.0,23.75,10.0,13.75
O01879,1,2024-07-28,2,44,2,Chair,Furniture,South,3,150.0,0.05,90.0,450.0,427.5,270.0,157.5
O01879,2,2024-07-28,3,44,2,Notebook,Stationery,South,3,5.0,0.15,2.0,15.0,12.75,6.0,6.75
O01879,3,2024-07-28,4,44,2,Mouse,Electronics,South,3,25.0,0.15,12.0,75.0,63.75,36.0,27.75
O01880,1,2024-07-28,3,46,4,Notebook,Stationery,West,4,5.0,0.15,2.0,20.0,17.0,8.0,9.0
O01881,1,2024-07-29,2,40,2,Chair,Furniture,South,3,150.0,0.05,90.0,450.0,427.5,270.0,157.5
O01881,2,2024-07-29,1,40,2,Laptop,Electronics,South,5,800.0,0.0,500.0,4000.0,4000.0,2500.0,1500.0
O01881,3,2024-07-29,3,40,2,Notebook,Stationery,South,1,5.0,0.05,2.0,5.0,4.75,2.0,2.75
O01882,1,2024-07-29,2,79,3,Chair,Furniture,East,1,150.0,0.05,90.0,150.0,142.5,90.0,52.5
O01883,1,2024-07-30,4,46,4,Mouse,Electronics,West,2,25.0,0.15,12.0,50.0,42.5,24.0,18.5
O01883,2,2024-07-30,2,46,4,Chair,Furniture,West,2,150.0,0.05,90.0,300.0,285.0,180.0,105.0
O01884,1,2024-07-30,4,66,3,Mouse,Electronics,East,3,25.0,0.1,12.0,75.0,67.5,36.0,31.5
O01884,2,2024-07-30,2,66,3,Chair,Furniture,East,1,150.0,0.15,90.0,150.0,127.5,90.0,37.5
O01885,1,2024-07-31,4,74,2,Mouse,Electronics,South,3,25.0,0.15,12.0,75.0,63.75,36.0,27.75
O01885,2,2024-07-31,4,74,2,Mouse,Electronics,South,4,25.0,0.15,12.0,100.0,85.0,48.0,37.0
O01885,3,2024-07-31,4,74,2,Mouse,Electronics,South,4,25.0,0.0,12.0,100.0,100.0,48.0,52.0
O01886,1,2024-07-31,3,67,2,Notebook,Stationery,South,4,5.0,0.15,2.0,20.0,17.0,8.0,9.0
O01886,2,2024-07-31,4,67,2,Mouse,Electronics,South,2,25.0,0.1,12.0,50.0,45.0,24.0,21.0
O01887,1,2024-08-01,3,21,4,Notebook,Stationery,West,3,5.0,0.0,2.0,15.0,15.0,6.0,9.0
O01887,2,2024-08-01,2,21,4,Chair,Furniture,West,3,150.0,0.1,90.0,450.0,405.0,270.0,135.0
O01887,3,2024-08-01,3,21,4,Notebook,Stationery,West,3,5.0,0.15,2.0,15.0,12.75,6.0,6.75
O01888,1,2024-08-01,3,22,3,Notebook,Stationery,East,6,5.0,0.05,2.0,30.0,28.5,12.0,16.5
O01888,2,2024-08-01,3,22,3,Notebook,Stationery,East,2,5.0,0.15,2.0,10.0,8.5,4.0,4.5
O01888,3,2024-08-01,1,22,3,Laptop,Electronics,East,6,800.0,0.1,500.0,4800.0,4320.0,3000.0,1320.0
O01889,1,2024-08-02,1,51,4,Laptop,Electronics,West,6,800.0,0.15,500.0,4800.0,4080.0,3000.0,1080.0
O01889,2,2024-08-02,1,51,4,Laptop,Electronics,West,1,800.0,0.15,500.0,800.0,680.0,500.0,180.0
O01889,3,2024-08-02,4,51,4,Mouse,Electronics,West,1,25.0,0.15,12.0,25.0,21.25,12.0,9.25
O01890,1,2024-08-02,4,51,4,Mouse,Electronics,West,1,25.0,0.1,12.0,25.0,22.5,12.0,10.5
O01890,2,2024-08-02,1,51,4,Laptop,Electronics,West,5,800.0,0.1,500.0,4000.0,3600.0,2500.0,1100.0
O01891,1,2024-08-03,1,57,3,Laptop,Electronics,East,6,800.0,0.0,500.0,4800.0,4800.0,3000.0,1800.0
O01891,2,2024-08-03,2,57,3,Chair,Furniture,East,2,150.0,0.15,90.0,300.0,255.0,180.0,75.0
O01891,3,2024-08-03,4,57,3,Mouse,Electronics,East,4,25.0,0.0,12.0,100.0,100.0,48.0,52.0
O01892,1,2024-08-03,2,30,4,Chair,Furniture,West,3,150.0,0.15,90.0,450.0,382.5,270.0,112.5
O01893,1,2024-08-04,3,48,2,Notebook,Stationery,South,5,5.0,0.0,2.0,25.0,25.0,10.0,15.0
O01893,2,2024-08-04,1,48,2,Laptop,Electronics,South,5,800.0,0.05,500.0,4000.0,3800.0,2500.0,1300.0
O01893,3,2024-08-04,1,48,2,Laptop,Electronics,South,3,800.0,0.1,500.0,2400.0,2160.0,1500.0,660.0
O01894,1,2024-08-04,3,52,1,Notebook,Stationery,North,4,5.0,0.0,2.0,20.0,20.0,8.0,12.0
O01894,2,2024-08-04,4,52,1,Mouse,Electronics,North,6,25.0,0.15,12.0,150.0,127.5,72.0,55.5
O01895,1,2024-08-05,2,37,1,Chair,Furniture,North,1,150.0,0.1,90.0,150.0,135.0,90.0,45.0
O01896,1,2024-08-05,4,59,3,Mouse,Electronics,East,1,25.0,0.05,12.0,25.0,23.75,12.0,11.75
O01897,1,2024-08-06,1,57,3,Laptop,Electronics,East,3,800.0,0.05,500.0,2400.0,2280.0,1500.0,780.0
O01897,2,2024-08-06,4,57,3,Mouse,Electronics,East,3,25.0,0.15,12.0,75.0,63.75,36.0,27.75
O01898,1,2024-08-06,3,62,2,Notebook,Stationery,South,1,5.0,0.0,2.0,5.0,5.0,2.0,3.0
O01898,2,2024-08-06,1,62,2,Laptop,Electronics,South,3,800.0,0.0,500.0,2400.0,2400.0,1500.0,900.0
O01898,3,2024-08-06,2,62,2,Chair,Furniture,South,1,150.0,0.05,90.0,150.0,142.5,90.0,52.5
O01899,1,2024-08-07,1,23,2,Laptop,Electronics,South,5,800.0,0.0,500.0,4000.0,4000.0,2500.0,1500.0
O01899,2,2024-08-07,3,23,2,Notebook,Stationery,South,4,5.0,0.05,2.0,20.0,19.0,8.0,11.0
O01900,1,2024-08-07,2,53,3,Chair,Furniture,East,1,150.0,0.1,90.0,150.0,135.0,90.0,45.0
O01901,1,2024-08-08,3,13,4,Notebook,Stationery,West,2,5.0,0.1,2.0,10.0,9.0,4.0,5.0
O01901,2,2024-08-08,3,13,4,Notebook,Stationery,West,2,5.0,0.15,2.0,10.0,8.5,4.0,4.5
O01901,3,2024-08-08,3,13,4,Notebook,Stationery,West,2,5.0,0.0,2.0,10.0,10.0,4.0,6.0
O01902,1,2024-08-08,3,13,3,Notebook,Stationery,East,3,5.0,0.15,2.0,15.0,12.75,6.0,6.75
O01902,2,2024-08-08,1,13,3,Laptop,Electronics,East,6,800.0,0.05,500.0,4800.0,4560.0,3000.0,1560.0
O01902,3,2024-08-08,3,13,3,Notebook,Stationery,East,6,5.0,0.15,2.0,30.0,25.5,12.0,13.5
O01903,1,2024-08-09,4,24,1,Mouse,Electronics,North,1,25.0,0.05,12.0,25.0,23.75,12.0,11.75
O01903,2,2024-08-09,1,24,1,Laptop,Electronics,North,3,800.0,0.1,500.0,2400.0,2160.0,1500.0,660.0
O01903,3,2024-08-09,4,24,1,Mouse,Electronics,North,2,25.0,0.05,12.0,50.0,47.5,24.0,23.5
O01904,1,2024-08-09,4,75,1,Mouse,Electronics,North,2,25.0,0.15,12.0,50.0,42.5,24.0,18.5
O01904,2,2024-08-09,3,75,1,Notebook,Stationery,North,6,5.0,0.1,2.0,30.0,27.0,12.0,15.0
O01905,1,2024-08-10,4,80,3,Mouse,Electronics,East,3,25.0,0.1,12.0,75.0,67.5,36.0,31.5
O01905,2,2024-08-10,3,80,3,Notebook,Stationery,East,5,5.0,0.1,2.0,25.0,22.5,10.0,12.5
O01905,3,2024-08-10,3,80,3,Notebook,Stationery,East,5,5.0,0.0,2.0,25.0,25.0,10.0,15.0
O01906,1,2024-08-10,1,54,3,Laptop,Electronics,East,6,800.0,0.05,500.0,4800.0,4560.0,3000.0,1560.0
O01906,2,2024-08-10,2,54,3,Chair,Furniture,East,3,150.0,0.1,90.0,450.0,405.0,270.0,135.0
O01907,1,2024-08-11,3,21,2,Notebook,Stationery,South,3,5.0,0.05,2.0,15.0,14.25,6.0,8.25
O01907,2,2024-08-11,1,21,2,Laptop,Electronics,South,1,800.0,0.0,500.0,800.0,800.0,500.0,300.0
O01907,3,2024-08-11,3,21,2,Notebook,Stationery,South,4,5.0,0.05,2.0,20.0,19.0,8.0,11.0
O01908,1,2024-08-11,4,14,3,Mouse,Electronics,East,2,25.0,0.15,12.0,50.0,42.5,24.0,18.5
O01908,2,2024-08-11,1,14,3,Laptop,Electronics,East,6,800.0,0.0,500.0,4800.0,4800.0,3000.0,1800.0
O01908,3,2024-08-11,4,14,3,Mouse,Electronics,East,2,25.0,0.0,12.0,50.0,50.0,24.0,26.0
O01909,1,2024-08-12,2,59,2,Chair,Furniture,South,6,150.0,0.0,90.0,900.0,900.0,540.0,360.0
O01910,1,2024-08-12,2,77,1,Chair,Furniture,North,2,150.0,0.0,90.0,300.0,300.0,180.0,120.0
O01910,2,2024-08-12,4,77,1,Mouse,Electronics,North,4,25.0,0.0,12.0,100.0,100.0,48.0,52.0
O01910,3,2024-08-12,1,77,1,Laptop,Electronics,North,2,800.0,0.15,500.0,1600.0,1360.0,1000.0,360.0
O01911,1,2024-08-13,3,53,4,Notebook,Stationery,West,4,5.0,0.1,2.0,20.0,18.0,8.0,10.0
O01911,2,2024-08-13,2,53,4,Chair,Furniture,West,4,150.0,0.05,90.0,600.0,570.0,360.0,210.0
O01911,3,2024-08-13,1,53,4,Laptop,Electronics,West,1,800.0,0.1,500.0,800.0,720.0,500.0,220.0
O01912,1,2024-08-13,3,13,1,Notebook,Stationery,North,4,5.0,0.05,2.0,20.0,19.0,8.0,11.0
O01913,1,2024-08-14,3,22,3,Notebook,Stationery,East,2,5.0,0.05,2.0,10.0,9.5,4.0,5.5
O01913,2,2024-08-14,2,22,3,Chair,Furniture,East,2,150.0,0.15,90.0,300.0,255.0,180.0,75.0
O01914,1,2024-08-14,4,76,1,Mouse,Electronics,North,4,25.0,0.1,12.0,100.0,90.0,48.0,42.0
O01915,1,2024-08-15,3,51,3,Notebook,Stationery,East,5,5.0,0.0,2.0,25.0,25.0,10.0,15.0
O01915,2,2024-08-15,2,51,3,Chair,Furniture,East,6,150.0,0.1,90.0,900.0,810.0,540.0,270.0
O01915,3,2024-08-15,2,51,3,Chair,Furniture,East,2,150.0,0.15,90.0,300.0,255.0,180.0,75.0
O01916,1,2024-08-15,1,12,3,Laptop,Electronics,East,3,800.0,0.1,500.0,2400.0,2160.0,1500.0,660.0
O01916,2,2024-08-15,3,12,3,Notebook,Stationery,East,2,5.0,0.0,2.0,10.0,10.0,4.0,6.0
O01916,3,2024-08-15,1,12,3,Laptop,Electronics,East,6,800.0,0.0,500.0,4800.0,4800.0,3000.0,1800.0
O01917,1,2024-08-16,1,33,2,Laptop,Electronics,South,4,800.0,0.1,500.0,3200.0,2880.0,2000.0,880.0
O01918,1,2024-08-16,2,17,4,Chair,Furniture,West,5,150.0,0.1,90.0,750.0,675.0,450.0,225.0
O01919,1,2024-08-17,4,21,2,Mouse,Electronics,South,5,25.0,0.1,12.0,125.0,112.5,60.0,52.5
O01919,2,2024-08-17,2,21,2,Chair,Furniture,South,3,150.0,0.05,90.0,450.0,427.5,270.0,157.5
O01919,3,2024-08-17,2,21,2,Chair,Furniture,South,1,150.0,0.1,90.0,150.0,135.0,90.0,45.0
O01920,1,2024-08-17,4,22,1,Mouse,Electronics,North,1,25.0,0.05,12.0,25.0,23.75,12.0,11.75
O01920,2,2024-08-17,4,22,1,Mouse,Electronics,North,3,25.0,0.15,12.0,75.0,63.75,36.0,27.75
O01920,3,2024-08-17,1,22,1,Laptop,Electronics,North,1,800.0,0.0,500.0,800.0,800.0,500.0,300.0
O01921,1,2024-08-18,1,78,4,Laptop,Electronics,West,5,800.0,0.15,500.0,4000.0,3400.0,2500.0,900.0
O01921,2,2024-08-18,4,78,4,Mouse,Electronics,West,3,25.0,0.15,12.0,75.0,63.75,36.0,27.75
O01921,3,2024-08-18,4,78,4,Mouse,Electronics,West,3,25.0,0.05,12.0,75.0,71.25,36.0,35.25
O01922,1,2024-08-18,1,1,3,Laptop,Electronics,East,3,800.0,0.15,500.0,2400.0,2040.0,1500.0,540.0
O01922,2,2024-08-18,1,1,3,Laptop,Electronics,East,4,800.0,0.05,500.0,3200.0,3040.0,2000.0,1040.0
O01922,3,2024-08-18,4,1,3,Mouse,Electronics,East,2,25.0,0.1,12.0,50.0,45.0,24.0,21.0
O01923,1,2024-08-19,2,69,2,Chair,Furniture,South,4,150.0,0.05,90.0,600.0,570.0,360.0,210.0
O01924,1,2024-08-19,4,45,3,Mouse,Electronics,East,5,25.0,0.0,12.0,125.0,125.0,60.0,65.0
O01925,1,2024-08-20,4,63,3,Mouse,Electronics,East,4,25.0,0.0,12.0,100.0,100.0,48.0,52.0
O01925,2,2024-08-20,4,63,3,Mouse,Electronics,East,2,25.0,0.0,12.0,50.0,50.0,24.0,26.0
O01925,3,2024-08-20,1,63,3,Laptop,Electronics,East,6,800.0,0.1,500.0,4800.0,4320.0,3000.0,1320.0
O01926,1,2024-08-20,4,40,1,Mouse,Electronics,North,6,25.0,0.05,12.0,150.0,142.5,72.0,70.5
O01926,2,2024-08-20,4,40,1,Mouse,Electronics,North,5,25.0,0.0,12.0,125.0,125.0,60.0,65.0
O01927,1,2024-08-21,2,33,4,Chair,Furniture,West,6,150.0,0.05,90.0,900.0,855.0,540.0,315.0
O01927,2,2024-08-21,2,33,4,Chair,Furniture,West,3,150.0,0.1,90.0,450.0,405.0,270.0,135.0
O01927,3,2024-08-21,2,33,4,Chair,Furniture,West,6,150.0,0.05,90.0,900.0,855.0,540.0,315.0
O01928,1,2024-08-21,3,9,4,Notebook,Stationery,West,5,5.0,0.05,2.0,25.0,23.75,10.0,13.75
O01928,2,2024-08-21,3,9,4,Notebook,Stationery,West,6,5.0,0.15,2.0,30.0,25.5,12.0,13.5
O01928,3,2024-08-21,3,9,4,Notebook,Stationery,West,5,5.0,0.05,2.0,25.0,23.75,10.0,13.75
O01929,1,2024-08-22,2,21,3,Chair,Furniture,East,4,150.0,0.05,90.0,600.0,570.0,360.0,210.0
O01930,1,2024-08-22,4,45,4,Mouse,Electronics,West,5,25.0,0.0,12.0,125.0,125.0,60.0,65.0
O01930,2,2024-08-22,4,45,4,Mouse,Electronics,West,6,25.0,0.05,12.0,150.0,142.5,72.0,70.5
O01931,1,2024-08-23,3,50,3,Notebook,Stationery,East,3,5.0,0.05,2.0,15.0,14.25,6.0,8.25
O01931,2,2024-08-23,1,50,3,Laptop,Electronics,East,6,800.0,0.05,500.0,4800.0,4560.0,3000.0,1560.0
O01931,3,2024-08-23,2,50,3,Chair,Furniture,East,3,150.0,0.1,90.0,450.0,405.0,270.0,135.0
O01932,1,2024-08-23,4,46,3,Mouse,Electronics,East,2,25.0,0.15,12.0,50.0,42.5,24.0,18.5
O01932,2,2024-08-23,2,46,3,Chair,Furniture,East,4,150.0,0.0,90.0,600.0,600.0,360.0,240.0
O01932,3,2024-08-23,2,46,3,Chair,Furniture,East,6,150.0,0.15,90.0,900.0,765.0,540.0,225.0
O01933,1,2024-08-24,1,26,1,Laptop,Electronics,North,4,800.0,0.0,500.0,3200.0,3200.0,2000.0,1200.0
O01933,2,2024-08-24,2,26,1,Chair,Furniture,North,1,150.0,0.15,90.0,150.0,127.5,90.0,37.5
O01934,1,2024-08-24,2,65,2,Chair,Furniture,South,4,150.0,0.05,90.0,600.0,570.0,360.0,210.0
O01934,2,2024-08-24,2,65,2,Chair,Furniture,South,1,150.0,0.1,90.0,150.0,135.0,90.0,45.0
O01934,3,2024-08-24,3,65,2,Notebook,Stationery,South,6,5.0,0.0,2.0,30.0,30.0,12.0,18.0
O01935,1,2024-08-25,2,58,1,Chair,Furniture,North,1,150.0,0.1,90.0,150.0,135.0,90.0,45.0
O01936,1,2024-08-25,1,42,3,Laptop,Electronics,East,5,800.0,0.15,500.0,4000.0,3400.0,2500.0,900.0
O01937,1,2024-08-26,1,4,2,Laptop,Electronics,South,4,800.0,0.0,500.0,3200.0,3200.0,2000.0,1200.0
O01937,2,2024-08-26,4,4,2,Mouse,Electronics,South,2,25.0,0.15,12.0,50.0,42.5,24.0,18.5
O01938,1,2024-08-26,1,60,2,Laptop,Electronics,South,2,800.0,0.15,500.0,1600.0,1360.0,1000.0,360.0
O01938,2,2024-08-26,3,60,2,Notebook,Stationery,South,5,5.0,0.0,2.0,25.0,25.0,10.0,15.0
O01938,3,2024-08-26,2,60,2,Chair,Furniture,South,4,150.0,0.15,90.0,600.0,510.0,360.0,150.0
O01939,1,2024-08-27,3,78,2,Notebook,Stationery,South,1,5.0,0.15,2.0,5.0,4.25,2.0,2.25
O01940,1,2024-08-27,2,35,1,Chair,Furniture,North,1,150.0,0.1,90.0,150.0,135.0,90.0,45.0
O01940,2,2024-08-27,4,35,1,Mouse,Electronics,North,5,25.0,0.15,12.0,125.0,106.25,60.0,46.25
O01941,1,2024-08-28,3,50,4,Notebook,Stationery,West,5,5.0,0.1,2.0,25.0,22.5,10.0,12.5
O01941,2,2024-08-28,1,50,4,Laptop,Electronics,West,5,800.0,0.0,500.0,4000.0,4000.0,2500.0,1500.0
O01942,1,2024-08-28,1,77,2,Laptop,Electronics,South,1,800.0,0.05,500.0,800.0,760.0,500.0,260.0
O01943,1,2024-08-29,1,13,1,Laptop,Electronics,North,3,800.0,0.0,500.0,2400.0,2400.0,1500.0,900.0
O01943,2,2024-08-29,3,13,1,Notebook,Stationery,North,5,5.0,0.05,2.0,25.0,23.75,10.0,13.75
O01944,1,2024-08-29,2,24,3,Chair,Furniture,East,3,150.0,0.0,90.0,450.0,450.0,270.0,180.0
O01944,2,2024-08-29,2,24,3,Chair,Furniture,East,2,150.0,0.15,90.0,300.0,255.0,180.0,75.0
O01944,3,2024-08-29,4,24,3,Mouse,Electronics,East,4,25.0,0.05,12.0,100.0,95.0,48.0,47.0
O01945,1,2024-08-30,1,26,2,Laptop,Electronics,South,3,800.0,0.1,500.0,2400.0,2160.0,1500.0,660.0
O01946,1,2024-08-30,4,30,2,Mouse,Electronics,South,6,25.0,0.0,12.0,150.0,150.0,72.0,78.0
O01947,1,2024-08-31,4,47,3,Mouse,Electronics,East,4,25.0,0.15,12.0,100.0,85.0,48.0,37.0
O01947,2,2024-08-31,4,47,3,Mouse,Electronics,East,1,25.0,0.0,12.0,25.0,25.0,12.0,13.0
O01948,1,2024-08-31,4,29,2,Mouse,Electronics,South,1,25.0,0.15,12.0,25.0,21.25,12.0,9.25
O01948,2,2024-08-31,4,29,2,Mouse,Electronics,South,5,25.0,0.0,12.0,125.0,125.0,60.0,65.0
O01948,3,2024-08-31,4,29,2,Mouse,Electronics,South,4,25.0,0.05,12.0,100.0,95.0,48.0,47.0
O01949,1,2024-09-01,3,20,4,Notebook,Stationery,West,1,5.0,0.05,2.0,5.0,4.75,2.0,2.75
O01949,2,2024-09-01,2,20,4,Chair,Furniture,West,5,150.0,0.15,90.0,750.0,637.5,450.0,187.5
O01950,1,2024-09-01,1,58,2,Laptop,Electronics,South,5,800.0,0.15,500.0,4000.0,3400.0,2500.0,900.0
O01950,2,2024-09-01,2,58,2,Chair,Furniture,South,1,150.0,0.0,90.0,150.0,150.0,90.0,60.0
O01951,1,2024-09-02,3,39,3,Notebook,Stationery,East,5,5.0,0.1,2.0,25.0,22.5,10.0,12.5
O01952,1,2024-09-02,3,17,4,Notebook,Stationery,West,1,5.0,0.05,2.0,5.0,4.75,2.0,2.75
O01952,2,2024-09-02,3,17,4,Notebook,Stationery,West,6,5.0,0.15,2.0,30.0,25.5,12.0,13.5
O01952,3,2024-09-02,3,17,4,Notebook,Stationery,West,3,5.0,0.15,2.0,15.0,12.75,6.0,6.75
O01953,1,2024-09-03,3,61,2,Notebook,Stationery,South,2,5.0,0.15,2.0,10.0,8.5,4.0,4.5
O01953,2,2024-09-03,2,61,2,Chair,Furniture,South,6,150.0,0.0,90.0,900.0,900.0,540.0,360.0
O01953,3,2024-09-03,3,61,2,Notebook,Stationery,South,1,5.0,0.1,2.0,5.0,4.5,2.0,2.5
O01954,1,2024-09-03,4,57,3,Mouse,Electronics,East,5,25.0,0.15,12.0,125.0,106.25,60.0,46.25
O01955,1,2024-09-04,2,4,4,Chair,Furniture,West,4,150.0,0.0,90.0,600.0,600.0,360.0,240.0
O01956,1,2024-09-04,1,24,2,Laptop,Electronics,South,2,800.0,0.05,500.0,1600.0,1520.0,1000.0,520.0
O01956,2,2024-09-04,1,24,2,Laptop,Electronics,South,4,800.0,0.1,500.0,3200.0,2880.0,2000.0,880.0
O01956,3,2024-09-04,1,24,2,Laptop,Electronics,South,3,800.0,0.05,500.0,2400.0,2280.0,1500.0,780.0
O01957,1,2024-09-05,1,48,1,Laptop,Electronics,North,1,800.0,0.1,500.0,800.0,720.0,500.0,220.0
O01957,2,2024-09-05,1,48,1,Laptop,Electronics,North,4,800.0,0.1,500.0,3200.0,2880.0,2000.0,880.0
O01957,3,2024-09-05,3,48,1,Notebook,Stationery,North,1,5.0,0.1,2.0,5.0,4.5,2.0,2.5
O01958,1,2024-09-05,2,69,1,Chair,Furniture,North,1,150.0,0.05,90.0,150.0,142.5,90.0,52.5
O01959,1,2024-09-06,2,47,3,Chair,Furniture,East,2,150.0,0.1,90.0,300.0,270.0,180.0,90.0
O01959,2,2024-09-06,1,47,3,Laptop,Electronics,East,2,800.0,0.05,500.0,1600.0,1520.0,1000.0,520.0
O01960,1,2024-09-06,4,5,1,Mouse,Electronics,North,2,25.0,0.05,12.0,50.0,47.5,24.0,23.5
O01960,2,2024-09-06,4,5,1,Mouse,Electronics,North,3,25.0,0.1,12.0,75.0,67.5,36.0,31.5
O01960,3,2024-09-06,3,5,1,Notebook,Stationery,North,2,5.0,0.0,2.0,10.0,10.0,4.0,6.0
O01961,1,2024-09-07,1,62,2,Laptop,Electronics,South,2,800.0,0.1,500.0,1600.0,1440.0,1000.0,440.0
O01961,2,2024-09-07,3,62,2,Notebook,Stationery,South,2,5.0,0.1,2.0,10.0,9.0,4.0,5.0
O01961,3,2024-09-07,3,62,2,Notebook,Stationery,South,1,5.0,0.05,2.0,5.0,4.75,2.0,2.75
O01962,1,2024-09-07,3,58,2,Notebook,Stationery,South,3,5.0,0.15,2.0,15.0,12.75,6.0,6.75
O01962,2,2024-09-07,2,58,2,Chair,Furniture,South,5,150.0,0.0,90.0,750.0,750.0,450.0,300.0
O01962,3,2024-09-07,1,58,2,Laptop,Electronics,South,2,800.0,0.15,500.0,1600.0,1360.0,1000.0,360.0
O01963,1,2024-09-08,4,80,3,Mouse,Electronics,East,4,25.0,0.05,12.0,100.0,95.0,48.0,47.0
O01964,1,2024-09-08,3,58,3,Notebook,Stationery,East,4,5.0,0.05,2.0,20.0,19.0,8.0,11.0
O01964,2,2024-09-08,4,58,3,Mouse,Electronics,East,5,25.0,0.15,12.0,125.0,106.25,60.0,46.25
O01965,1,2024-09-09,3,27,3,Notebook,Stationery,East,6,5.0,0.05,2.0,30.0,28.5,12.0,16.5
O01965,2,2024-09-09,3,27,3,Notebook,Stationery,East,5,5.0,0.1,2.0,25.0,22.5,10.0,12.5
O01965,3,2024-09-09,2,27,3,Chair,Furniture,East,3,150.0,0.1,90.0,450.0,405.0,270.0,135.0
O01966,1,2024-09-09,3,23,4,Notebook,Stationery,West,1,5.0,0.15,2.0,5.0,4.25,2.0,2.25
O01966,2,2024-09-09,3,23,4,Notebook,Stationery,West,4,5.0,0.15,2.0,20.0,17.0,8.0,9.0
O01966,3,2024-09-09,4,23,4,Mouse,Electronics,West,1,25.0,0.0,12.0,25.0,25.0,12.0,13.0
O01967,1,2024-09-10,4,42,4,Mouse,Electronics,West,5,25.0,0.15,12.0,125.0,106.25,60.0,46.25
O01967,2,2024-09-10,1,42,4,Laptop,Electronics,West,4,800.0,0.0,500.0,3200.0,3200.0,2000.0,1200.0
O01968,1,2024-09-10,4,56,2,Mouse,Electronics,South,1,25.0,0.05,12.0,25.0,23.75,12.0,11.75
O01968,2,2024-09-10,3,56,2,Notebook,Stationery,South,2,5.0,0.05,2.0,10.0,9.5,4.0,5.5
O01968,3,2024-09-10,4,56,2,Mouse,Electronics,South,1,25.0,0.1,12.0,25.0,22.5,12.0,10.5
O01969,1,2024-09-11,2,50,3,Chair,Furniture,East,1,150.0,0.1,90.0,150.0,135.0,90.0,45.0
O01969,2,2024-09-11,4,50,3,Mouse,Electronics,East,4,25.0,0.0,12.0,100.0,100.0,48.0,52.0
O01969,3,2024-09-11,2,50,3,Chair,Furniture,East,4,150.0,0.05,90.0,600.0,570.0,360.0,210.0
O01970,1,2024-09-11,2,21,3,Chair,Furniture,East,5,150.0,0.1,90.0,750.0,675.0,450.0,225.0
O01971,1,2024-09-12,3,36,4,Notebook,Stationery,West,5,5.0,0.15,2.0,25.0,21.25,10.0,11.25
O01972,1,2024-09-12,3,45,3,Notebook,Stationery,East,6,5.0,0.0,2.0,30.0,30.0,12.0,18.0
O01973,1,2024-09-13,4,40,4,Mouse,Electronics,West,5,25.0,0.0,12.0,125.0,125.0,60.0,65.0
O01974,1,2024-09-13,4,58,3,Mouse,Electronics,East,6,25.0,0.1,12.0,150.0,135.0,72.0,63.0
O01974,2,2024-09-13,1,58,3,Laptop,Electronics,East,5,800.0,0.0,500.0,4000.0,4000.0,2500.0,1500.0
O01975,1,2024-09-14,3,56,4,Notebook,Stationery,West,3,5.0,0.15,2.0,15.0,12.75,6.0,6.75
O01975,2,2024-09-14,4,56,4,Mouse,Electronics,West,3,25.0,0.0,12.0,75.0,75.0,36.0,39.0
O01975,3,2024-09-14,1,56,4,Laptop,Electronics,West,6,800.0,0.15,500.0,4800.0,4080.0,3000.0,1080.0
O01976,1,2024-09-14,2,47,3,Chair,Furniture,East,4,150.0,0.15,90.0,600.0,510.0,360.0,150.0
O01976,2,2024-09-14,1,47,3,Laptop,Electronics,East,4,800.0,0.05,500.0,3200.0,3040.0,2000.0,1040.0
O01977,1,2024-09-15,1,48,4,Laptop,Electronics,West,3,800.0,0.15,500.0,2400.0,2040.0,1500.0,540.0
O01977,2,2024-09-15,2,48,4,Chair,Furniture,West,5,150.0,0.1,90.0,750.0,675.0,450.0,225.0
O01977,3,2024-09-15,2,48,4,Chair,Furniture,West,6,150.0,0.1,90.0,900.0,810.0,540.0,270.0
O01978,1,2024-09-15,3,74,2,Notebook,Stationery,South,2,5.0,0.0,2.0,10.0,10.0,4.0,6.0
O01979,1,2024-09-16,2,67,1,Chair,Furniture,North,5,150.0,0.05,90.0,750.0,712.5,450.0,262.5
O01979,2,2024-09-16,3,67,1,Notebook,Stationery,North,5,5.0,0.05,2.0,25.0,23.75,10.0,13.75
O01980,1,2024-09-16,3,1,2,Notebook,Stationery,South,3,5.0,0.15,2.0,15.0,12.75,6.0,6.75
O01980,2,2024-09-16,1,1,2,Laptop,Electronics,South,2,800.0,0.1,500.0,1600.0,1440.0,1000.0,440.0
O01981,1,2024-09-17,1,60,3,Laptop,Electronics,East,4,800.0,0.15,500.0,3200.0,2720.0,2000.0,720.0
O01982,1,2024-09-17,3,26,3,Notebook,Stationery,East,5,5.0,0.0,2.0,25.0,25.0,10.0,15.0
O01982,2,2024-09-17,4,26,3,Mouse,Electronics,East,5,25.0,0.1,12.0,125.0,112.5,60.0,52.5
O01982,3,2024-09-17,1,26,3,Laptop,Electronics,East,6,800.0,0.1,500.0,4800.0,4320.0,3000.0,1320.0
O01983,1,2024-09-18,3,80,3,Notebook,Stationery,East,1,5.0,0.05,2.0,5.0,4.75,2.0,2.75
O01984,1,2024-09-18,2,8,3,Chair,Furniture,East,1,150.0,0.0,90.0,150.0,150.0,90.0,60.0
O01984,2,2024-09-18,4,8,3,Mouse,Electronics,East,5,25.0,0.1,12.0,125.0,112.5,60.0,52.5
O01984,3,2024-09-18,2,8,3,Chair,Furniture,East,3,150.0,0.05,90.0,450.0,427.5,270.0,157.5
O01985,1,2024-09-19,3,29,1,Notebook,Stationery,North,3,5.0,0.0,2.0,15.0,15.0,6.0,9.0
O01986,1,2024-09-19,4,8,2,Mouse,Electronics,South,3,25.0,0.15,12.0,75.0,63.75,36.0,27.75
O01986,2,2024-09-19,1,8,2,Laptop,Electronics,South,3,800.0,0.15,500.0,2400.0,2040.0,1500.0,540.0
O01987,1,2024-09-20,4,42,2,Mouse,Electronics,South,3,25.0,0.1,12.0,75.0,67.5,36.0,31.5
O01987,2,2024-09-20,2,42,2,Chair,Furniture,South,1,150.0,0.15,90.0,150.0,127.5,90.0,37.5
O01987,3,2024-09-20,3,42,2,Notebook,Stationery,South,6,5.0,0.05,2.0,30.0,28.5,12.0,16.5
O01988,1,2024-09-20,2,60,4,Chair,Furniture,West,4,150.0,0.0,90.0,600.0,600.0,360.0,240.0
O01988,2,2024-09-20,1,60,4,Laptop,Electronics,West,3,800.0,0.0,500.0,2400.0,2400.0,1500.0,900.0
O01988,3,2024-09-20,3,60,4,Notebook,Stationery,West,1,5.0,0.1,2.0,5.0,4.5,2.0,2.5
O01989,1,2024-09-21,1,42,2,Laptop,Electronics,South,6,800.0,0.1,500.0,4800.0,4320.0,3000.0,1320.0
O01989,2,2024-09-21,4,42,2,Mouse,Electronics,South,2,25.0,0.05,12.0,50.0,47.5,24.0,23.5
O01990,1,2024-09-21,1,76,2,Laptop,Electronics,South,2,800.0,0.1,500.0,1600.0,1440.0,1000.0,440.0
O01990,2,2024-09-21,4,76,2,Mouse,Electronics,South,3,25.0,0.15,12.0,75.0,63.75,36.0,27.75
O01991,1,2024-09-22,3,52,1,Notebook,Stationery,North,4,5.0,0.15,2.0,20.0,17.0,8.0,9.0
O01991,2,2024-09-22,2,52,1,Chair,Furniture,North,4,150.0,0.05,90.0,600.0,570.0,360.0,210.0
O01992,1,2024-09-22,1,68,3,Laptop,Electronics,East,6,800.0,0.0,500.0,4800.0,4800.0,3000.0,1800.0
O01993,1,2024-09-23,3,6,3,Notebook,Stationery,East,1,5.0,0.05,2.0,5.0,4.75,2.0,2.75
O01993,2,2024-09-23,3,6,3,Notebook,Stationery,East,5,5.0,0.0,2.0,25.0,25.0,10.0,15.0
O01994,1,2024-09-23,4,59,1,Mouse,Electronics,North,2,25.0,0.05,12.0,50.0,47.5,24.0,23.5
O01994,2,2024-09-23,4,59,1,Mouse,Electronics,North,5,25.0,0.1,12.0,125.0,112.5,60.0,52.5
O01994,3,2024-09-23,3,59,1,Notebook,Stationery,North,2,5.0,0.1,2.0,10.0,9.0,4.0,5.0
O01995,1,2024-09-24,1,15,1,Laptop,Electronics,North,4,800.0,0.15,500.0,3200.0,2720.0,2000.0,720.0
O01995,2,2024-09-24,1,15,1,Laptop,Electronics,North,1,800.0,0.1,500.0,800.0,720.0,500.0,220.0
O01995,3,2024-09-24,4,15,1,Mouse,Electronics,North,2,25.0,0.1,12.0,50.0,45.0,24.0,21.0
O01996,1,2024-09-24,2,67,2,Chair,Furniture,South,5,150.0,0.1,90.0,750.0,675.0,450.0,225.0
O01996,2,2024-09-24,3,67,2,Notebook,Stationery,South,3,5.0,0.05,2.0,15.0,14.25,6.0,8.25
O01996,3,2024-09-24,4,67,2,Mouse,Electronics,South,2,25.0,0.0,12.0,50.0,50.0,24.0,26.0
O01997,1,2024-09-25,2,30,3,Chair,Furniture,East,4,150.0,0.15,90.0,600.0,510.0,360.0,150.0
O01998,1,2024-09-25,1,80,2,Laptop,Electronics,South,5,800.0,0.15,500.0,4000.0,3400.0,2500.0,900.0
O01998,2,2024-09-25,1,80,2,Laptop,Electronics,South,1,800.0,0.1,500.0,800.0,720.0,500.0,220.0
O01998,3,2024-09-25,4,80,2,Mouse,Electronics,South,1,25.0,0.0,12.0,25.0,25.0,12.0,13.0
O01999,1,2024-09-26,2,10,1,Chair,Furniture,North,5,150.0,0.1,90.0,750.0,675.0,450.0,225.0
O01999,2,2024-09-26,2,10,1,Chair,Furniture,North,2,150.0,0.1,90.0,300.0,270.0,180.0,90.0
O02000,1,2024-09-26,3,46,1,Notebook,Stationery,North,5,5.0,0.0,2.0,25.0,25.0,10.0,15.0
O02000,2,2024-09-26,1,46,1,Laptop,Electronics,North,6,800.0,0.15,500.0,4800.0,4080.0,3000.0,1080.0
O02001,1,2024-09-27,4,65,4,Mouse,Electronics,West,1,25.0,0.1,12.0,25.0,22.5,12.0,10.5
O02001,2,2024-09-27,3,65,4,Notebook,Stationery,West,4,5.0,0.15,2.0,20.0,17.0,8.0,9.0
O02001,3,2024-09-27,4,65,4,Mouse,Electronics,West,5,25.0,0.1,12.0,125.0,112.5,60.0,52.5
O02002,1,2024-09-27,2,74,3,Chair,Furniture,East,2,150.0,0.1,90.0,300.0,270.0,180.0,90.0
O02002,2,2024-09-27,1,74,3,Laptop,Electronics,East,5,800.0,0.1,500.0,4000.0,3600.0,2500.0,1100.0
O02003,1,2024-09-28,2,39,2,Chair,Furniture,South,3,150.0,0.15,90.0,450.0,382.5,270.0,112.5
O02003,2,2024-09-28,2,39,2,Chair,Furniture,South,1,150.0,0.1,90.0,150.0,135.0,90.0,45.0
O02003,3,2024-09-28,1,39,2,Laptop,Electronics,South,5,800.0,0.1,500.0,4000.0,3600.0,2500.0,1100.0
O02004,1,2024-09-28,1,55,3,Laptop,Electronics,East,1,800.0,0.15,500.0,800.0,680.0,500.0,180.0
O02004,2,2024-09-28,2,55,3,Chair,Furniture,East,1,150.0,0.15,90.0,150.0,127.5,90.0,37.5
O02004,3,2024-09-28,1,55,3,Laptop,Electronics,East,1,800.0,0.0,500.0,800.0,800.0,500.0,300.0
O02005,1,2024-09-29,2,25,4,Chair,Furniture,West,4,150.0,0.0,90.0,600.0,600.0,360.0,240.0
O02005,2,2024-09-29,3,25,4,Notebook,Stationery,West,3,5.0,0.05,2.0,15.0,14.25,6.0,8.25
O02006,1,2024-09-29,4,42,2,Mouse,Electronics,South,6,25.0,0.0,12.0,150.0,150.0,72.0,78.0
O02006,2,2024-09-29,3,42,2,Notebook,Stationery,South,1,5.0,0.05,2.0,5.0,4.75,2.0,2.75
O02007,1,2024-09-30,1,33,4,Laptop,Electronics,West,5,800.0,0.05,500.0,4000.0,3800.0,2500.0,1300.0
O02007,2,2024-09-30,3,33,4,Notebook,Stationery,West,4,5.0,0.05,2.0,20.0,19.0,8.0,11.0
O02007,3,2024-09-30,1,33,4,Laptop,Electronics,West,1,800.0,0.0,500.0,800.0,800.0,500.0,300.0
O02008,1,2024-09-30,4,49,1,Mouse,Electronics,North,4,25.0,0.05,12.0,100.0,95.0,48.0,47.0
O02008,2,2024-09-30,1,49,1,Laptop,Electronics,North,5,800.0,0.05,500.0,4000.0,3800.0,2500.0,1300.0
O02008,3,2024-09-30,4,49,1,Mouse,Electronics,North,4,25.0,0.15,12.0,100.0,85.0,48.0,37.0
O02009,1,2024-10-01,4,59,4,Mouse,Electronics,West,2,25.0,0.0,12.0,50.0,50.0,24.0,26.0
O02009,2,2024-10-01,1,59,4,Laptop,Electronics,West,2,800.0,0.1,500.0,1600.0,1440.0,1000.0,440.0
O02010,1,2024-10-01,4,2,4,Mouse,Electronics,West,4,25.0,0.1,12.0,100.0,90.0,48.0,42.0
O02011,1,2024-10-02,2,4,3,Chair,Furniture,East,4,150.0,0.15,90.0,600.0,510.0,360.0,150.0
O02011,2,2024-10-02,4,4,3,Mouse,Electronics,East,2,25.0,0.1,12.0,50.0,45.0,24.0,21.0
O02011,3,2024-10-02,1,4,3,Laptop,Electronics,East,1,800.0,0.1,500.0,800.0,720.0,500.0,220.0
O02012,1,2024-10-02,1,54,3,Laptop,Electronics,East,5,800.0,0.15,500.0,4000.0,3400.0,2500.0,900.0
O02012,2,2024-10-02,1,54,3,Laptop,Electronics,East,4,800.0,0.15,500.0,3200.0,2720.0,2000.0,720.0
O02013,1,2024-10-03,1,37,4,Laptop,Electronics,West,3,800.0,0.0,500.0,2400.0,2400.0,1500.0,900.0
O02014,1,2024-10-03,2,62,4,Chair,Furniture,West,2,150.0,0.05,90.0,300.0,285.0,180.0,105.0
O02015,1,2024-10-04,1,40,2,Laptop,Electronics,South,3,800.0,0.1,500.0,2400.0,2160.0,1500.0,660.0
O02016,1,2024-10-04,3,22,4,Notebook,Stationery,West,4,5.0,0.15,2.0,20.0,17.0,8.0,9.0
O02016,2,2024-10-04,1,22,4,Laptop,Electronics,West,3,800.0,0.1,500.0,2400.0,2160.0,1500.0,660.0
O02017,1,2024-10-05,4,6,2,Mouse,Electronics,South,1,25.0,0.15,12.0,25.0,21.25,12.0,9.25
O02018,1,2024-10-05,1,39,1,Laptop,Electronics,North,2,800.0,0.1,500.0,1600.0,1440.0,1000.0,440.0
O02018,2,2024-10-05,1,39,1,Laptop,Electronics,North,1,800.0,0.1,500.0,800.0,720.0,500.0,220.0
O02018,3,2024-10-05,4,39,1,Mouse,Electronics,North,2,25.0,0.1,12.0,50.0,45.0,24.0,21.0
O02019,1,2024-10-06,4,6,3,Mouse,Electronics,East,6,25.0,0.15,12.0,150.0,127.5,72.0,55.5
O02019,2,2024-10-06,3,6,3,Notebook,Stationery,East,5,5.0,0.05,2.0,25.0,23.75,10.0,13.75
O02020,1,2024-10-06,2,8,4,Chair,Furniture,West,1,150.0,0.1,90.0,150.0,135.0,90.0,45.0
O02021,1,2024-10-07,3,5,1,Notebook,Stationery,North,3,5.0,0.1,2.0,15.0,13.5,6.0,7.5
O02021,2,2024-10-07,4,5,1,Mouse,Electronics,North,1,25.0,0.0,12.0,25.0,25.0,12.0,13.0
O02021,3,2024-10-07,1,5,1,Laptop,Electronics,North,1,800.0,0.05,500.0,800.0,760.0,500.0,260.0
O02022,1,2024-10-07,1,41,4,Laptop,Electronics,West,4,800.0,0.15,500.0,3200.0,2720.0,2000.0,720.0
O02022,2,2024-10-07,4,41,4,Mouse,Electronics,West,6,25.0,0.1,12.0,150.0,135.0,72.0,63.0
O02023,1,2024-10-08,1,35,3,Laptop,Electronics,East,5,800.0,0.05,500.0,4000.0,3800.0,2500.0,1300.0
O02024,1,2024-10-08,3,39,3,Notebook,Stationery,East,6,5.0,0.15,2.0,30.0,25.5,12.0,13.5
O02024,2,2024-10-08,1,39,3,Laptop,Electronics,East,6,800.0,0.05,500.0,4800.0,4560.0,3000.0,1560.0
O02024,3,2024-10-08,4,39,3,Mouse,Electronics,East,2,25.0,0.15,12.0,50.0,42.5,24.0,18.5
O02025,1,2024-10-09,4,17,3,Mouse,Electronics,East,3,25.0,0.0,12.0,75.0,75.0,36.0,39.0
O02025,2,2024-10-09,1,17,3,Laptop,Electronics,East,1,800.0,0.0,500.0,800.0,800.0,500.0,300.0
O02025,3,2024-10-09,1,17,3,Laptop,Electronics,East,5,800.0,0.0,500.0,4000.0,4000.0,2500.0,1500.0
O02026,1,2024-10-09,4,59,3,Mouse,Electronics,East,1,25.0,0.05,12.0,25.0,23.75,12.0,11.75
O02026,2,2024-10-09,1,59,3,Laptop,Electronics,East,5,800.0,0.05,500.0,4000.0,3800.0,2500.0,1300.0
O02027,1,2024-10-10,2,43,4,Chair,Furniture,West,5,150.0,0.0,90.0,750.0,750.0,450.0,300.0
O02027,2,2024-10-10,4,43,4,Mouse,Electronics,West,3,25.0,0.0,12.0,75.0,75.0,36.0,39.0
O02028,1,2024-10-10,1,22,4,Laptop,Electronics,West,5,800.0,0.15,500.0,4000.0,3400.0,2500.0,900.0
O02028,2,2024-10-10,4,22,4,Mouse,Electronics,West,6,25.0,0.1,12.0,150.0,135.0,72.0,63.0
O02029,1,2024-10-11,3,37,1,Notebook,Stationery,North,4,5.0,0.05,2.0,20.0,19.0,8.0,11.0
O02029,2,2024-10-11,3,37,1,Notebook,Stationery,North,2,5.0,0.1,2.0,10.0,9.0,4.0,5.0
O02029,3,2024-10-11,1,37,1,Laptop,Electronics,North,3,800.0,0.1,500.0,2400.0,2160.0,1500.0,660.0
O02030,1,2024-10-11,1,31,4,Laptop,Electronics,West,4,800.0,0.05,500.0,3200.0,3040.0,2000.0,1040.0
O02031,1,2024-10-12,3,37,1,Notebook,Stationery,North,2,5.0,0.15,2.0,10.0,8.5,4.0,4.5
O02031,2,2024-10-12,4,37,1,Mouse,Electronics,North,6,25.0,0.15,12.0,150.0,127.5,72.0,55.5
O02032,1,2024-10-12,3,24,3,Notebook,Stationery,East,6,5.0,0.05,2.0,30.0,28.5,12.0,16.5
O02033,1,2024-10-13,2,71,2,Chair,Furniture,South,2,150.0,0.05,90.0,300.0,285.0,180.0,105.0
O02033,2,2024-10-13,3,71,2,Notebook,Stationery,South,3,5.0,0.1,2.0,15.0,13.5,6.0,7.5
O02034,1,2024-10-13,4,67,4,Mouse,Electronics,West,5,25.0,0.15,12.0,125.0,106.25,60.0,46.25
O02034,2,2024-10-13,4,67,4,Mouse,Electronics,West,2,25.0,0.1,12.0,50.0,45.0,24.0,21.0
O02034,3,2024-10-13,3,67,4,Notebook,Stationery,West,5,5.0,0.0,2.0,25.0,25.0,10.0,15.0
O02035,1,2024-10-14,2,73,3,Chair,Furniture,East,3,150.0,0.1,90.0,450.0,405.0,270.0,135.0
O02035,2,2024-10-14,3,73,3,Notebook,Stationery,East,4,5.0,0.0,2.0,20.0,20.0,8.0,12.0
O02036,1,2024-10-14,3,80,4,Notebook,Stationery,West,1,5.0,0.1,2.0,5.0,4.5,2.0,2.5
O02036,2,2024-10-14,1,80,4,Laptop,Electronics,West,4,800.0,0.0,500.0,3200.0,3200.0,2000.0,1200.0
O02036,3,2024-10-14,2,80,4,Chair,Furniture,West,3,150.0,0.0,90.0,450.0,450.0,270.0,180.0
O02037,1,2024-10-15,1,7,1,Laptop,Electronics,North,2,800.0,0.1,500.0,1600.0,1440.0,1000.0,440.0
O02037,2,2024-10-15,3,7,1,Notebook,Stationery,North,3,5.0,0.05,2.0,15.0,14.25,6.0,8.25
O02037,3,2024-10-15,1,7,1,Laptop,Electronics,North,4,800.0,0.1,500.0,3200.0,2880.0,2000.0,880.0
O02038,1,2024-10-15,2,33,3,Chair,Furniture,East,6,150.0,0.05,90.0,900.0,855.0,540.0,315.0
O02039,1,2024-10-16,3,71,3,Notebook,Stationery,East,2,5.0,0.15,2.0,10.0,8.5,4.0,4.5
O02039,2,2024-10-16,3,71,3,Notebook,Stationery,East,3,5.0,0.15,2.0,15.0,12.75,6.0,6.75
O02039,3,2024-10-16,4,71,3,Mouse,Electronics,East,5,25.0,0.15,12.0,125.0,106.25,60.0,46.25
O02040,1,2024-10-16,3,2,1,Notebook,Stationery,North,6,5.0,0.1,2.0,30.0,27.0,12.0,15.0
O02041,1,2024-10-17,3,41,2,Notebook,Stationery,South,6,5.0,0.0,2.0,30.0,30.0,12.0,18.0
O02041,2,2024-10-17,2,41,2,Chair,Furniture,South,3,150.0,0.15,90.0,450.0,382.5,270.0,112.5
O02042,1,2024-10-17,1,7,1,Laptop,Electronics,North,6,800.0,0.0,500.0,4800.0,4800.0,3000.0,1800.0
O02042,2,2024-10-17,4,7,1,Mouse,Electronics,North,6,25.0,0.15,12.0,150.0,127.5,72.0,55.5
O02042,3,2024-10-17,2,7,1,Chair,Furniture,North,2,150.0,0.15,90.0,300.0,255.0,180.0,75.0
O02043,1,2024-10-18,4,48,1,Mouse,Electronics,North,6,25.0,0.05,12.0,150.0,142.5,72.0,70.5
O02043,2,2024-10-18,4,48,1,Mouse,Electronics,North,6,25.0,0.1,12.0,150.0,135.0,72.0,63.0
O02043,3,2024-10-18,2,48,1,Chair,Furniture,North,5,150.0,0.0,90.0,750.0,750.0,450.0,300.0
O02044,1,2024-10-18,4,54,2,Mouse,Electronics,South,3,25.0,0.05,12.0,75.0,71.25,36.0,35.25
O02044,2,2024-10-18,4,54,2,Mouse,Electronics,South,6,25.0,0.05,12.0,150.0,142.5,72.0,70.5
O02044,3,2024-10-18,1,54,2,Laptop,Electronics,South,1,800.0,0.15,500.0,800.0,680.0,500.0,180.0
O02045,1,2024-10-19,1,52,4,Laptop,Electronics,West,2,800.0,0.0,500.0,1600.0,1600.0,1000.0,600.0
O02045,2,2024-10-19,4,52,4,Mouse,Electronics,West,6,25.0,0.1,12.0,150.0,135.0,72.0,63.0
O02046,1,2024-10-19,4,20,3,Mouse,Electronics,East,2,25.0,0.0,12.0,50.0,50.0,24.0,26.0
O02047,1,2024-10-20,4,65,3,Mouse,Electronics,East,5,25.0,0.15,12.0,125.0,106.25,60.0,46.25
O02048,1,2024-10-20,4,73,2,Mouse,Electronics,South,6,25.0,0.0,12.0,150.0,150.0,72.0,78.0
O02048,2,2024-10-20,2,73,2,Chair,Furniture,South,6,150.0,0.0,90.0,900.0,900.0,540.0,360.0
O02048,3,2024-10-20,2,73,2,Chair,Furniture,South,2,150.0,0.15,90.0,300.0,255.0,180.0,75.0
O02049,1,2024-10-21,4,50,4,Mouse,Electronics,West,3,25.0,0.15,12.0,75.0,63.75,36.0,27.75
O02049,2,2024-10-21,1,50,4,Laptop,Electronics,West,2,800.0,0.1,500.0,1600.0,1440.0,1000.0,440.0
O02050,1,2024-10-21,2,51,4,Chair,Furniture,West,3,150.0,0.1,90.0,450.0,405.0,270.0,135.0
O02051,1,2024-10-22,4,25,2,Mouse,Electronics,South,4,25.0,0.15,12.0,100.0,85.0,48.0,37.0
O02052,1,2024-10-22,2,10,2,Chair,Furniture,South,4,150.0,0.0,90.0,600.0,600.0,360.0,240.0
O02052,2,2024-10-22,2,10,2,Chair,Furniture,South,3,150.0,0.0,90.0,450.0,450.0,270.0,180.0
O02052,3,2024-10-22,2,10,2,Chair,Furniture,South,1,150.0,0.1,90.0,150.0,135.0,90.0,45.0
O02053,1,2024-10-23,2,69,4,Chair,Furniture,West,2,150.0,0.1,90.0,300.0,270.0,180.0,90.0
O02054,1,2024-10-23,4,80,1,Mouse,Electronics,North,6,25.0,0.15,12.0,150.0,127.5,72.0,55.5
O02054,2,2024-10-23,1,80,1,Laptop,Electronics,North,2,800.0,0.0,500.0,1600.0,1600.0,1000.0,600.0
O02054,3,2024-10-23,3,80,1,Notebook,Stationery,North,4,5.0,0.0,2.0,20.0,20.0,8.0,12.0
O02055,1,2024-10-24,3,13,3,Notebook,Stationery,East,6,5.0,0.1,2.0,30.0,27.0,12.0,15.0
O02056,1,2024-10-24,3,2,3,Notebook,Stationery,East,5,5.0,0.0,2.0,25.0,25.0,10.0,15.0
O02056,2,2024-10-24,3,2,3,Notebook,Stationery,East,2,5.0,0.1,2.0,10.0,9.0,4.0,5.0
O02057,1,2024-10-25,1,73,4,Laptop,Electronics,West,5,800.0,0.1,500.0,4000.0,3600.0,2500.0,1100.0
O02057,2,2024-10-25,4,73,4,Mouse,Electronics,West,5,25.0,0.15,12.0,125.0,106.25,60.0,46.25
O02057,3,2024-10-25,1,73,4,Laptop,Electronics,West,1,800.0,0.1,500.0,800.0,720.0,500.0,220.0
O02058,1,2024-10-25,2,79,1,Chair,Furniture,North,1,150.0,0.1,90.0,150.0,135.0,90.0,45.0
O02058,2,2024-10-25,1,79,1,Laptop,Electronics,North,3,800.0,0.1,500.0,2400.0,2160.0,1500.0,660.0
O02058,3,2024-10-25,2,79,1,Chair,Furniture,North,5,150.0,0.0,90.0,750.0,750.0,450.0,300.0
O02059,1,2024-10-26,3,71,3,Notebook,Stationery,East,3,5.0,0.0,2.0,15.0,15.0,6.0,9.0
O02060,1,2024-10-26,2,72,3,Chair,Furniture,East,1,150.0,0.0,90.0,150.0,150.0,90.0,60.0
O02060,2,2024-10-26,2,72,3,Chair,Furniture,East,2,150.0,0.1,90.0,300.0,270.0,180.0,90.0
O02060,3,2024-10-26,3,72,3,Notebook,Stationery,East,5,5.0,0.05,2.0,25.0,23.75,10.0,13.75
O02061,1,2024-10-27,4,50,3,Mouse,Electronics,East,3,25.0,0.05,12.0,75.0,71.25,36.0,35.25
O02061,2,2024-10-27,4,50,3,Mouse,Electronics,East,2,25.0,0.15,12.0,50.0,42.5,24.0,18.5
O02061,3,2024-10-27,3,50,3,Notebook,Stationery,East,4,5.0,0.1,2.0,20.0,18.0,8.0,10.0
O02062,1,2024-10-27,4,80,2,Mouse,Electronics,South,4,25.0,0.1,12.0,100.0,90.0,48.0,42.0
O02062,2,2024-10-27,4,80,2,Mouse,Electronics,South,5,25.0,0.05,12.0,125.0,118.75,60.0,58.75
O02062,3,2024-10-27,1,80,2,Laptop,Electronics,South,4,800.0,0.15,500.0,3200.0,2720.0,2000.0,720.0
O02063,1,2024-10-28,2,53,4,Chair,Furniture,West,5,150.0,0.05,90.0,750.0,712.5,450.0,262.5
O02064,1,2024-10-28,1,6,4,Laptop,Electronics,West,4,800.0,0.0,500.0,3200.0,3200.0,2000.0,1200.0
O02065,1,2024-10-29,3,75,1,Notebook,Stationery,North,2,5.0,0.15,2.0,10.0,8.5,4.0,4.5
O02065,2,2024-10-29,3,75,1,Notebook,Stationery,North,4,5.0,0.1,2.0,20.0,18.0,8.0,10.0
O02065,3,2024-10-29,3,75,1,Notebook,Stationery,North,6,5.0,0.15,2.0,30.0,25.5,12.0,13.5
O02066,1,2024-10-29,1,32,3,Laptop,Electronics,East,5,800.0,0.05,500.0,4000.0,3800.0,2500.0,1300.0
O02066,2,2024-10-29,1,32,3,Laptop,Electronics,East,4,800.0,0.0,500.0,3200.0,3200.0,2000.0,1200.0
O02067,1,2024-10-30,2,41,3,Chair,Furniture,East,2,150.0,0.15,90.0,300.0,255.0,180.0,75.0
O02067,2,2024-10-30,3,41,3,Notebook,Stationery,East,3,5.0,0.05,2.0,15.0,14.25,6.0,8.25
O02067,3,2024-10-30,1,41,3,Laptop,Electronics,East,2,800.0,0.15,500.0,1600.0,1360.0,1000.0,360.0
O02068,1,2024-10-30,1,19,1,Laptop,Electronics,North,6,800.0,0.0,500.0,4800.0,4800.0,3000.0,1800.0
O02068,2,2024-10-30,3,19,1,Notebook,Stationery,North,6,5.0,0.15,2.0,30.0,25.5,12.0,13.5
O02068,3,2024-10-30,2,19,1,Chair,Furniture,North,3,150.0,0.0,90.0,450.0,450.0,270.0,180.0
O02069,1,2024-10-31,3,56,3,Notebook,Stationery,East,5,5.0,0.1,2.0,25.0,22.5,10.0,12.5
O02070,1,2024-10-31,1,49,3,Laptop,Electronics,East,5,800.0,0.05,500.0,4000.0,3800.0,2500.0,1300.0
O02070,2,2024-10-31,3,49,3,Notebook,Stationery,East,3,5.0,0.15,2.0,15.0,12.75,6.0,6.75
O02071,1,2024-11-01,4,43,1,Mouse,Electronics,North,6,25.0,0.05,12.0,150.0,142.5,72.0,70.5
O02071,2,2024-11-01,4,43,1,Mouse,Electronics,North,6,25.0,0.05,12.0,150.0,142.5,72.0,70.5
O02072,1,2024-11-01,4,13,2,Mouse,Electronics,South,3,25.0,0.15,12.0,75.0,63.75,36.0,27.75
O02072,2,2024-11-01,4,13,2,Mouse,Electronics,South,4,25.0,0.0,12.0,100.0,100.0,48.0,52.0
O02072,3,2024-11-01,3,13,2,Notebook,Stationery,South,6,5.0,0.0,2.0,30.0,30.0,12.0,18.0
O02073,1,2024-11-02,3,64,4,Notebook,Stationery,West,1,5.0,0.1,2.0,5.0,4.5,2.0,2.5
O02073,2,2024-11-02,4,64,4,Mouse,Electronics,West,3,25.0,0.1,12.0,75.0,67.5,36.0,31.5
O02074,1,2024-11-02,3,6,3,Notebook,Stationery,East,1,5.0,0.0,2.0,5.0,5.0,2.0,3.0
O02075,1,2024-11-03,3,4,2,Notebook,Stationery,South,2,5.0,0.05,2.0,10.0,9.5,4.0,5.5
O02075,2,2024-11-03,2,4,2,Chair,Furniture,South,6,150.0,0.1,90.0,900.0,810.0,540.0,270.0
O02076,1,2024-11-03,3,24,2,Notebook,Stationery,South,4,5.0,0.15,2.0,20.0,17.0,8.0,9.0
O02076,2,2024-11-03,1,24,2,Laptop,Electronics,South,4,800.0,0.05,500.0,3200.0,3040.0,2000.0,1040.0
O02076,3,2024-11-03,3,24,2,Notebook,Stationery,South,3,5.0,0.15,2.0,15.0,12.75,6.0,6.75
O02077,1,2024-11-04,1,10,2,Laptop,Electronics,South,6,800.0,0.1,500.0,4800.0,4320.0,3000.0,1320.0
O02077,2,2024-11-04,4,10,2,Mouse,Electronics,South,3,25.0,0.1,12.0,75.0,67.5,36.0,31.5
O02077,3,2024-11-04,2,10,2,Chair,Furniture,South,5,150.0,0.0,90.0,750.0,750.0,450.0,300.0
O02078,1,2024-11-04,1,55,4,Laptop,Electronics,West,3,800.0,0.0,500.0,2400.0,2400.0,1500.0,900.0
O02078,2,2024-11-04,4,55,4,Mouse,Electronics,West,6,25.0,0.05,12.0,150.0,142.5,72.0,70.5
O02078,3,2024-11-04,1,55,4,Laptop,Electronics,West,3,800.0,0.15,500.0,2400.0,2040.0,1500.0,540.0
O02079,1,2024-11-05,4,43,4,Mouse,Electronics,West,4,25.0,0.05,12.0,100.0,95.0,48.0,47.0
O02079,2,2024-11-05,1,43,4,Laptop,Electronics,West,6,800.0,0.05,500.0,4800.0,4560.0,3000.0,1560.0
O02079,3,2024-11-05,4,43,4,Mouse,Electronics,West,3,25.0,0.0,12.0,75.0,75.0,36.0,39.0
O02080,1,2024-11-05,2,32,4,Chair,Furniture,West,2,150.0,0.1,90.0,300.0,270.0,180.0,90.0
O02080,2,2024-11-05,3,32,4,Notebook,Stationery,West,1,5.0,0.1,2.0,5.0,4.5,2.0,2.5
O02081,1,2024-11-06,4,22,1,Mouse,Electronics,North,4,25.0,0.0,12.0,100.0,100.0,48.0,52.0
O02082,1,2024-11-06,3,73,4,Notebook,Stationery,West,1,5.0,0.15,2.0,5.0,4.25,2.0,2.25
O02082,2,2024-11-06,2,73,4,Chair,Furniture,West,6,150.0,0.0,90.0,900.0,900.0,540.0,360.0
O02082,3,2024-11-06,1,73,4,Laptop,Electronics,West,1,800.0,0.1,500.0,800.0,720.0,500.0,220.0
O02083,1,2024-11-07,1,13,1,Laptop,Electronics,North,4,800.0,0.1,500.0,3200.0,2880.0,2000.0,880.0
O02084,1,2024-11-07,1,12,1,Laptop,Electronics,North,4,800.0,0.05,500.0,3200.0,3040.0,2000.0,1040.0
O02085,1,2024-11-08,2,36,2,Chair,Furniture,South,4,150.0,0.1,90.0,600.0,540.0,360.0,180.0
O02086,1,2024-11-08,1,34,2,Laptop,Electronics,South,2,800.0,0.1,500.0,1600.0,1440.0,1000.0,440.0
O02087,1,2024-11-09,2,20,2,Chair,Furniture,South,2,150.0,0.05,90.0,300.0,285.0,180.0,105.0
O02087,2,2024-11-09,2,20,2,Chair,Furniture,South,3,150.0,0.05,90.0,450.0,427.5,270.0,157.5
O02088,1,2024-11-09,2,51,1,Chair,Furniture,North,2,150.0,0.0,90.0,300.0,300.0,180.0,120.0
O02088,2,2024-11-09,1,51,1,Laptop,Electronics,North,5,800.0,0.0,500.0,4000.0,4000.0,2500.0,1500.0
O02088,3,2024-11-09,3,51,1,Notebook,Stationery,North,6,5.0,0.1,2.0,30.0,27.0,12.0,15.0
O02089,1,2024-11-10,1,16,1,Laptop,Electronics,North,2,800.0,0.0,500.0,1600.0,1600.0,1000.0,600.0
O02089,2,2024-11-10,1,16,1,Laptop,Electronics,North,4,800.0,0.1,500.0,3200.0,2880.0,2000.0,880.0
O02089,3,2024-11-10,3,16,1,Notebook,Stationery,North,5,5.0,0.0,2.0,25.0,25.0,10.0,15.0
O02090,1,2024-11-10,1,71,4,Laptop,Electronics,West,4,800.0,0.1,500.0,3200.0,2880.0,2000.0,880.0
O02090,2,2024-11-10,4,71,4,Mouse,Electronics,West,6,25.0,0.05,12.0,150.0,142.5,72.0,70.5
O02090,3,2024-11-10,2,71,4,Chair,Furniture,West,5,150.0,0.1,90.0,750.0,675.0,450.0,225.0
O02091,1,2024-11-11,2,20,1,Chair,Furniture,North,1,150.0,0.15,90.0,150.0,127.5,90.0,37.5
O02091,2,2024-11-11,1,20,1,Laptop,Electronics,North,1,800.0,0.05,500.0,800.0,760.0,500.0,260.0
O02092,1,2024-11-11,1,54,2,Laptop,Electronics,South,5,800.0,0.1,500.0,4000.0,3600.0,2500.0,1100.0
O02092,2,2024-11-11,4,54,2,Mouse,Electronics,South,1,25.0,0.15,12.0,25.0,21.25,12.0,9.25
O02093,1,2024-11-12,2,13,2,Chair,Furniture,South,6,150.0,0.1,90.0,900.0,810.0,540.0,270.0
O02094,1,2024-11-12,4,38,1,Mouse,Electronics,North,3,25.0,0.1,12.0,75.0,67.5,36.0,31.5
O02094,2,2024-11-12,1,38,1,Laptop,Electronics,North,4,800.0,0.1,500.0,3200.0,2880.0,2000.0,880.0
O02094,3,2024-11-12,3,38,1,Notebook,Stationery,North,6,5.0,0.05,2.0,30.0,28.5,12.0,16.5
O02095,1,2024-11-13,3,22,3,Notebook,Stationery,East,3,5.0,0.0,2.0,15.0,15.0,6.0,9.0
O02095,2,2024-11-13,3,22,3,Notebook,Stationery,East,6,5.0,0.05,2.0,30.0,28.5,12.0,16.5
O02095,3,2024-11-13,4,22,3,Mouse,Electronics,East,4,25.0,0.05,12.0,100.0,95.0,48.0,47.0
O02096,1,2024-11-13,3,2,3,Notebook,Stationery,East,2,5.0,0.1,2.0,10.0,9.0,4.0,5.0
O02096,2,2024-11-13,1,2,3,Laptop,Electronics,East,5,800.0,0.05,500.0,4000.0,3800.0,2500.0,1300.0
O02097,1,2024-11-14,4,61,2,Mouse,Electronics,South,3,25.0,0.0,12.0,75.0,75.0,36.0,39.0
O02098,1,2024-11-14,2,9,4,Chair,Furniture,West,2,150.0,0.1,90.0,300.0,270.0,180.0,90.0
O02099,1,2024-11-15,2,23,2,Chair,Furniture,South,1,150.0,0.05,90.0,150.0,142.5,90.0,52.5
O02099,2,2024-11-15,1,23,2,Laptop,Electronics,South,5,800.0,0.15,500.0,4000.0,3400.0,2500.0,900.0
O02099,3,2024-11-15,4,23,2,Mouse,Electronics,South,3,25.0,0.05,12.0,75.0,71.25,36.0,35.25
O02100,1,2024-11-15,1,41,2,Laptop,Electronics,South,6,800.0,0.1,500.0,4800.0,4320.0,3000.0,1320.0
O02100,2,2024-11-15,1,41,2,Laptop,Electronics,South,4,800.0,0.15,500.0,3200.0,2720.0,2000.0,720.0
O02100,3,2024-11-15,2,41,2,Chair,Furniture,South,5,150.0,0.1,90.0,750.0,675.0,450.0,225.0
O02101,1,2024-11-16,2,38,2,Chair,Furniture,South,2,150.0,0.15,90.0,300.0,255.0,180.0,75.0
O02101,2,2024-11-16,3,38,2,Notebook,Stationery,South,3,5.0,0.1,2.0,15.0,13.5,6.0,7.5
O02101,3,2024-11-16,2,38,2,Chair,Furniture,South,1,150.0,0.1,90.0,150.0,135.0,90.0,45.0
O02102,1,2024-11-16,2,43,4,Chair,Furniture,West,6,150.0,0.0,90.0,900.0,900.0,540.0,360.0
O02103,1,2024-11-17,2,45,4,Chair,Furniture,West,4,150.0,0.15,90.0,600.0,510.0,360.0,150.0
O02104,1,2024-11-17,1,50,3,Laptop,Electronics,East,5,800.0,0.05,500.0,4000.0,3800.0,2500.0,1300.0
O02104,2,2024-11-17,4,50,3,Mouse,Electronics,East,1,25.0,0.05,12.0,25.0,23.75,12.0,11.75
O02105,1,2024-11-18,4,7,4,Mouse,Electronics,West,6,25.0,0.1,12.0,150.0,135.0,72.0,63.0
O02105,2,2024-11-18,2,7,4,Chair,Furniture,West,5,150.0,0.1,90.0,750.0,675.0,450.0,225.0
O02105,3,2024-11-18,2,7,4,Chair,Furniture,West,2,150.0,0.05,90.0,300.0,285.0,180.0,105.0
O02106,1,2024-11-18,4,24,2,Mouse,Electronics,South,2,25.0,0.1,12.0,50.0,45.0,24.0,21.0
O02106,2,2024-11-18,2,24,2,Chair,Furniture,South,6,150.0,0.1,90.0,900.0,810.0,540.0,270.0
O02106,3,2024-11-18,4,24,2,Mouse,Electronics,South,4,25.0,0.15,12.0,100.0,85.0,48.0,37.0
O02107,1,2024-11-19,2,5,3,Chair,Furniture,East,4,150.0,0.05,90.0,600.0,570.0,360.0,210.0
O02107,2,2024-11-19,2,5,3,Chair,Furniture,East,1,150.0,0.05,90.0,150.0,142.5,90.0,52.5
O02107,3,2024-11-19,1,5,3,Laptop,Electronics,East,3,800.0,0.05,500.0,2400.0,2280.0,1500.0,780.0
O02108,1,2024-11-19,3,28,3,Notebook,Stationery,East,4,5.0,0.0,2.0,20.0,20.0,8.0,12.0
O02108,2,2024-11-19,2,28,3,Chair,Furniture,East,6,150.0,0.1,90.0,900.0,810.0,540.0,270.0
O02109,1,2024-11-20,2,32,2,Chair,Furniture,South,6,150.0,0.1,90.0,900.0,810.0,540.0,270.0
O02109,2,2024-11-20,2,32,2,Chair,Furniture,South,6,150.0,0.0,90.0,900.0,900.0,540.0,360.0
O02110,1,2024-11-20,4,64,4,Mouse,Electronics,West,5,25.0,0.05,12.0,125.0,118.75,60.0,58.75
O02110,2,2024-11-20,2,64,4,Chair,Furniture,West,4,150.0,0.1,90.0,600.0,540.0,360.0,180.0
O02111,1,2024-11-21,4,60,2,Mouse,Electronics,South,2,25.0,0.1,12.0,50.0,45.0,24.0,21.0
O02112,1,2024-11-21,1,52,3,Laptop,Electronics,East,2,800.0,0.1,500.0,1600.0,1440.0,1000.0,440.0
O02112,2,2024-11-21,4,52,3,Mouse,Electronics,East,3,25.0,0.05,12.0,75.0,71.25,36.0,35.25
O02112,3,2024-11-21,1,52,3,Laptop,Electronics,East,2,800.0,0.0,500.0,1600.0,1600.0,1000.0,600.0
O02113,1,2024-11-22,3,9,2,Notebook,Stationery,South,1,5.0,0.1,2.0,5.0,4.5,2.0,2.5
O02113,2,2024-11-22,3,9,2,Notebook,Stationery,South,6,5.0,0.05,2.0,30.0,28.5,12.0,16.5
O02113,3,2024-11-22,1,9,2,Laptop,Electronics,South,5,800.0,0.0,500.0,4000.0,4000.0,2500.0,1500.0
O02114,1,2024-11-22,3,65,4,Notebook,Stationery,West,5,5.0,0.15,2.0,25.0,21.25,10.0,11.25
O02115,1,2024-11-23,3,46,3,Notebook,Stationery,East,5,5.0,0.05,2.0,25.0,23.75,10.0,13.75
O02116,1,2024-11-23,1,57,4,Laptop,Electronics,West,2,800.0,0.0,500.0,1600.0,1600.0,1000.0,600.0
O02116,2,2024-11-23,3,57,4,Notebook,Stationery,West,4,5.0,0.0,2.0,20.0,20.0,8.0,12.0
O02117,1,2024-11-24,4,49,3,Mouse,Electronics,East,1,25.0,0.1,12.0,25.0,22.5,12.0,10.5
O02118,1,2024-11-24,2,46,3,Chair,Furniture,East,4,150.0,0.1,90.0,600.0,540.0,360.0,180.0
O02118,2,2024-11-24,2,46,3,Chair,Furniture,East,6,150.0,0.1,90.0,900.0,810.0,540.0,270.0
O02118,3,2024-11-24,1,46,3,Laptop,Electronics,East,2,800.0,0.0,500.0,1600.0,1600.0,1000.0,600.0
O02119,1,2024-11-25,3,17,1,Notebook,Stationery,North,2,5.0,0.05,2.0,10.0,9.5,4.0,5.5
O02119,2,2024-11-25,2,17,1,Chair,Furniture,North,4,150.0,0.0,90.0,600.0,600.0,360.0,240.0
O02119,3,2024-11-25,1,17,1,Laptop,Electronics,North,3,800.0,0.0,500.0,2400.0,2400.0,1500.0,900.0
O02120,1,2024-11-25,1,26,1,Laptop,Electronics,North,1,800.0,0.0,500.0,800.0,800.0,500.0,300.0
O02120,2,2024-11-25,4,26,1,Mouse,Electronics,North,5,25.0,0.1,12.0,125.0,112.5,60.0,52.5
O02121,1,2024-11-26,4,22,3,Mouse,Electronics,East,4,25.0,0.15,12.0,100.0,85.0,48.0,37.0
O02122,1,2024-11-26,2,15,4,Chair,Furniture,West,3,150.0,0.05,90.0,450.0,427.5,270.0,157.5
O02122,2,2024-11-26,1,15,4,Laptop,Electronics,West,2,800.0,0.15,500.0,1600.0,1360.0,1000.0,360.0
O02123,1,2024-11-27,1,20,4,Laptop,Electronics,West,4,800.0,0.15,500.0,3200.0,2720.0,2000.0,720.0
O02123,2,2024-11-27,2,20,4,Chair,Furniture,West,4,150.0,0.0,90.0,600.0,600.0,360.0,240.0
O02124,1,2024-11-27,3,23,1,Notebook,Stationery,North,2,5.0,0.05,2.0,10.0,9.5,4.0,5.5
O02124,2,2024-11-27,4,23,1,Mouse,Electronics,North,5,25.0,0.0,12.0,125.0,125.0,60.0,65.0
O02125,1,2024-11-28,4,40,4,Mouse,Electronics,West,5,25.0,0.05,12.0,125.0,118.75,60.0,58.75
O02126,1,2024-11-28,1,17,3,Laptop,Electronics,East,6,800.0,0.1,500.0,4800.0,4320.0,3000.0,1320.0
O02126,2,2024-11-28,4,17,3,Mouse,Electronics,East,3,25.0,0.15,12.0,75.0,63.75,36.0,27.75
O02127,1,2024-11-29,2,62,3,Chair,Furniture,East,6,150.0,0.05,90.0,900.0,855.0,540.0,315.0
O02127,2,2024-11-29,4,62,3,Mouse,Electronics,East,2,25.0,0.1,12.0,50.0,45.0,24.0,21.0
O02128,1,2024-11-29,2,3,4,Chair,Furniture,West,6,150.0,0.0,90.0,900.0,900.0,540.0,360.0
O02128,2,2024-11-29,3,3,4,Notebook,Stationery,West,1,5.0,0.05,2.0,5.0,4.75,2.0,2.75
O02128,3,2024-11-29,1,3,4,Laptop,Electronics,West,2,800.0,0.1,500.0,1600.0,1440.0,1000.0,440.0
O02129,1,2024-11-30,1,10,4,Laptop,Electronics,West,4,800.0,0.0,500.0,3200.0,3200.0,2000.0,1200.0
O02130,1,2024-11-30,2,56,1,Chair,Furniture,North,6,150.0,0.0,90.0,900.0,900.0,540.0,360.0
O02130,2,2024-11-30,2,56,1,Chair,Furniture,North,1,150.0,0.1,90.0,150.0,135.0,90.0,45.0
O02130,3,2024-11-30,2,56,1,Chair,Furniture,North,6,150.0,0.15,90.0,900.0,765.0,540.0,225.0
O02131,1,2024-12-01,1,69,2,Laptop,Electronics,South,6,800.0,0.05,500.0,4800.0,4560.0,3000.0,1560.0
O02131,2,2024-12-01,1,69,2,Laptop,Electronics,South,1,800.0,0.15,500.0,800.0,680.0,500.0,180.0
O02131,3,2024-12-01,1,69,2,Laptop,Electronics,South,4,800.0,0.1,500.0,3200.0,2880.0,2000.0,880.0
O02132,1,2024-12-01,1,57,3,Laptop,Electronics,East,1,800.0,0.1,500.0,800.0,720.0,500.0,220.0
O02133,1,2024-12-02,1,16,4,Laptop,Electronics,West,1,800.0,0.15,500.0,800.0,680.0,500.0,180.0
O02134,1,2024-12-02,1,66,3,Laptop,Electronics,East,6,800.0,0.0,500.0,4800.0,4800.0,3000.0,1800.0
O02135,1,2024-12-03,4,33,2,Mouse,Electronics,South,1,25.0,0.1,12.0,25.0,22.5,12.0,10.5
O02135,2,2024-12-03,2,33,2,Chair,Furniture,South,3,150.0,0.05,90.0,450.0,427.5,270.0,157.5
O02136,1,2024-12-03,4,59,3,Mouse,Electronics,East,4,25.0,0.15,12.0,100.0,85.0,48.0,37.0
O02137,1,2024-12-04,1,1,3,Laptop,Electronics,East,5,800.0,0.0,500.0,4000.0,4000.0,2500.0,1500.0
O02138,1,2024-12-04,2,58,4,Chair,Furniture,West,4,150.0,0.0,90.0,600.0,600.0,360.0,240.0
O02138,2,2024-12-04,1,58,4,Laptop,Electronics,West,4,800.0,0.15,500.0,3200.0,2720.0,2000.0,720.0
O02138,3,2024-12-04,3,58,4,Notebook,Stationery,West,4,5.0,0.1,2.0,20.0,18.0,8.0,10.0
O02139,1,2024-12-05,3,28,1,Notebook,Stationery,North,3,5.0,0.15,2.0,15.0,12.75,6.0,6.75
O02139,2,2024-12-05,1,28,1,Laptop,Electronics,North,5,800.0,0.0,500.0,4000.0,4000.0,2500.0,1500.0
O02140,1,2024-12-05,2,15,2,Chair,Furniture,South,5,150.0,0.05,90.0,750.0,712.5,450.0,262.5
O02141,1,2024-12-06,3,54,3,Notebook,Stationery,East,5,5.0,0.0,2.0,25.0,25.0,10.0,15.0
O02142,1,2024-12-06,4,22,3,Mouse,Electronics,East,5,25.0,0.05,12.0,125.0,118.75,60.0,58.75
O02143,1,2024-12-07,3,15,4,Notebook,Stationery,West,2,5.0,0.15,2.0,10.0,8.5,4.0,4.5
O02144,1,2024-12-07,4,1,3,Mouse,Electronics,East,2,25.0,0.05,12.0,50.0,47.5,24.0,23.5
O02144,2,2024-12-07,3,1,3,Notebook,Stationery,East,6,5.0,0.0,2.0,30.0,30.0,12.0,18.0
O02144,3,2024-12-07,2,1,3,Chair,Furniture,East,6,150.0,0.05,90.0,900.0,855.0,540.0,315.0
O02145,1,2024-12-08,3,48,3,Notebook,Stationery,East,6,5.0,0.1,2.0,30.0,27.0,12.0,15.0
O02146,1,2024-12-08,3,25,1,Notebook,Stationery,North,2,5.0,0.1,2.0,10.0,9.0,4.0,5.0
O02146,2,2024-12-08,2,25,1,Chair,Furniture,North,6,150.0,0.15,90.0,900.0,765.0,540.0,225.0
O02146,3,2024-12-08,4,25,1,Mouse,Electronics,North,2,25.0,0.1,12.0,50.0,45.0,24.0,21.0
O02147,1,2024-12-09,1,33,2,Laptop,Electronics,South,5,800.0,0.1,500.0,4000.0,3600.0,2500.0,1100.0
O02147,2,2024-12-09,2,33,2,Chair,Furniture,South,6,150.0,0.0,90.0,900.0,900.0,540.0,360.0
O02147,3,2024-12-09,3,33,2,Notebook,Stationery,South,4,5.0,0.0,2.0,20.0,20.0,8.0,12.0
O02148,1,2024-12-09,2,57,4,Chair,Furniture,West,6,150.0,0.05,90.0,900.0,855.0,540.0,315.0
O02148,2,2024-12-09,2,57,4,Chair,Furniture,West,5,150.0,0.15,90.0,750.0,637.5,450.0,187.5
O02149,1,2024-12-10,3,55,3,Notebook,Stationery,East,2,5.0,0.1,2.0,10.0,9.0,4.0,5.0
O02149,2,2024-12-10,3,55,3,Notebook,Stationery,East,3,5.0,0.15,2.0,15.0,12.75,6.0,6.75
O02149,3,2024-12-10,1,55,3,Laptop,Electronics,East,5,800.0,0.1,500.0,4000.0,3600.0,2500.0,1100.0
O02150,1,2024-12-10,4,11,4,Mouse,Electronics,West,6,25.0,0.05,12.0,150.0,142.5,72.0,70.5
O02150,2,2024-12-10,4,11,4,Mouse,Electronics,West,4,25.0,0.0,12.0,100.0,100.0,48.0,52.0
O02150,3,2024-12-10,2,11,4,Chair,Furniture,West,6,150.0,0.0,90.0,900.0,900.0,540.0,360.0
O02151,1,2024-12-11,2,21,2,Chair,Furniture,South,2,150.0,0.1,90.0,300.0,270.0,180.0,90.0
O02151,2,2024-12-11,4,21,2,Mouse,Electronics,South,3,25.0,0.1,12.0,75.0,67.5,36.0,31.5
O02152,1,2024-12-11,1,73,2,Laptop,Electronics,South,5,800.0,0.0,500.0,4000.0,4000.0,2500.0,1500.0
O02152,2,2024-12-11,2,73,2,Chair,Furniture,South,4,150.0,0.05,90.0,600.0,570.0,360.0,210.0
O02153,1,2024-12-12,2,28,3,Chair,Furniture,East,5,150.0,0.15,90.0,750.0,637.5,450.0,187.5
O02153,2,2024-12-12,4,28,3,Mouse,Electronics,East,1,25.0,0.1,12.0,25.0,22.5,12.0,10.5
O02154,1,2024-12-12,3,71,1,Notebook,Stationery,North,1,5.0,0.1,2.0,5.0,4.5,2.0,2.5
O02154,2,2024-12-12,3,71,1,Notebook,Stationery,North,3,5.0,0.15,2.0,15.0,12.75,6.0,6.75
O02155,1,2024-12-13,3,22,1,Notebook,Stationery,North,5,5.0,0.0,2.0,25.0,25.0,10.0,15.0
O02156,1,2024-12-13,4,70,1,Mouse,Electronics,North,5,25.0,0.05,12.0,125.0,118.75,60.0,58.75
O02157,1,2024-12-14,4,53,2,Mouse,Electronics,South,5,25.0,0.0,12.0,125.0,125.0,60.0,65.0
O02157,2,2024-12-14,4,53,2,Mouse,Electronics,South,1,25.0,0.05,12.0,25.0,23.75,12.0,11.75
O02157,3,2024-12-14,4,53,2,Mouse,Electronics,South,2,25.0,0.05,12.0,50.0,47.5,24.0,23.5
O02158,1,2024-12-14,2,54,2,Chair,Furniture,South,6,150.0,0.1,90.0,900.0,810.0,540.0,270.0
O02158,2,2024-12-14,2,54,2,Chair,Furniture,South,4,150.0,0.1,90.0,600.0,540.0,360.0,180.0
O02159,1,2024-12-15,1,51,4,Laptop,Electronics,West,2,800.0,0.0,500.0,1600.0,1600.0,1000.0,600.0
O02159,2,2024-12-15,1,51,4,Laptop,Electronics,West,2,800.0,0.1,500.0,1600.0,1440.0,1000.0,440.0
O02159,3,2024-12-15,3,51,4,Notebook,Stationery,West,2,5.0,0.0,2.0,10.0,10.0,4.0,6.0
O02160,1,2024-12-15,1,79,4,Laptop,Electronics,West,2,800.0,0.15,500.0,1600.0,1360.0,1000.0,360.0
O02160,2,2024-12-15,3,79,4,Notebook,Stationery,West,2,5.0,0.15,2.0,10.0,8.5,4.0,4.5
O02160,3,2024-12-15,4,79,4,Mouse,Electronics,West,6,25.0,0.0,12.0,150.0,150.0,72.0,78.0
O02161,1,2024-12-16,4,63,4,Mouse,Electronics,West,6,25.0,0.15,12.0,150.0,127.5,72.0,55.5
O02161,2,2024-12-16,4,63,4,Mouse,Electronics,West,5,25.0,0.15,12.0,125.0,106.25,60.0,46.25
O02162,1,2024-12-16,2,28,1,Chair,Furniture,North,3,150.0,0.15,90.0,450.0,382.5,270.0,112.5
O02163,1,2024-12-17,4,64,3,Mouse,Electronics,East,1,25.0,0.15,12.0,25.0,21.25,12.0,9.25
O02163,2,2024-12-17,2,64,3,Chair,Furniture,East,3,150.0,0.0,90.0,450.0,450.0,270.0,180.0
O02163,3,2024-12-17,2,64,3,Chair,Furniture,East,1,150.0,0.0,90.0,150.0,150.0,90.0,60.0
O02164,1,2024-12-17,2,1,3,Chair,Furniture,East,3,150.0,0.15,90.0,450.0,382.5,270.0,112.5
O02164,2,2024-12-17,1,1,3,Laptop,Electronics,East,1,800.0,0.05,500.0,800.0,760.0,500.0,260.0
O02164,3,2024-12-17,1,1,3,Laptop,Electronics,East,1,800.0,0.05,500.0,800.0,760.0,500.0,260.0
O02165,1,2024-12-18,3,11,2,Notebook,Stationery,South,3,5.0,0.0,2.0,15.0,15.0,6.0,9.0
O02165,2,2024-12-18,4,11,2,Mouse,Electronics,South,5,25.0,0.05,12.0,125.0,118.75,60.0,58.75
O02166,1,2024-12-18,2,6,4,Chair,Furniture,West,5,150.0,0.0,90.0,750.0,750.0,450.0,300.0
O02166,2,2024-12-18,3,6,4,Notebook,Stationery,West,5,5.0,0.05,2.0,25.0,23.75,10.0,13.75
O02167,1,2024-12-19,2,40,2,Chair,Furniture,South,6,150.0,0.05,90.0,900.0,855.0,540.0,315.0
O02168,1,2024-12-19,4,76,3,Mouse,Electronics,East,4,25.0,0.0,12.0,100.0,100.0,48.0,52.0
O02169,1,2024-12-20,3,7,2,Notebook,Stationery,South,1,5.0,0.0,2.0,5.0,5.0,2.0,3.0
O02170,1,2024-12-20,2,31,2,Chair,Furniture,South,1,150.0,0.15,90.0,150.0,127.5,90.0,37.5
O02170,2,2024-12-20,1,31,2,Laptop,Electronics,South,6,800.0,0.15,500.0,4800.0,4080.0,3000.0,1080.0
O02170,3,2024-12-20,2,31,2,Chair,Furniture,South,4,150.0,0.15,90.0,600.0,510.0,360.0,150.0
O02171,1,2024-12-21,4,65,2,Mouse,Electronics,South,4,25.0,0.1,12.0,100.0,90.0,48.0,42.0
O02171,2,2024-12-21,3,65,2,Notebook,Stationery,South,6,5.0,0.15,2.0,30.0,25.5,12.0,13.5
O02172,1,2024-12-21,3,44,1,Notebook,Stationery,North,5,5.0,0.05,2.0,25.0,23.75,10.0,13.75
O02173,1,2024-12-22,2,38,1,Chair,Furniture,North,5,150.0,0.05,90.0,750.0,712.5,450.0,262.5
O02173,2,2024-12-22,4,38,1,Mouse,Electronics,North,1,25.0,0.0,12.0,25.0,25.0,12.0,13.0
O02173,3,2024-12-22,1,38,1,Laptop,Electronics,North,3,800.0,0.05,500.0,2400.0,2280.0,1500.0,780.0
O02174,1,2024-12-22,1,52,1,Laptop,Electronics,North,5,800.0,0.05,500.0,4000.0,3800.0,2500.0,1300.0
O02174,2,2024-12-22,2,52,1,Chair,Furniture,North,6,150.0,0.05,90.0,900.0,855.0,540.0,315.0
O02175,1,2024-12-23,1,55,3,Laptop,Electronics,East,5,800.0,0.0,500.0,4000.0,4000.0,2500.0,1500.0
O02176,1,2024-12-23,3,67,3,Notebook,Stationery,East,4,5.0,0.05,2.0,20.0,19.0,8.0,11.0
O02177,1,2024-12-24,4,23,3,Mouse,Electronics,East,4,25.0,0.15,12.0,100.0,85.0,48.0,37.0
O02177,2,2024-12-24,3,23,3,Notebook,Stationery,East,2,5.0,0.05,2.0,10.0,9.5,4.0,5.5
O02177,3,2024-12-24,1,23,3,Laptop,Electronics,East,4,800.0,0.15,500.0,3200.0,2720.0,2000.0,720.0
O02178,1,2024-12-24,4,58,3,Mouse,Electronics,East,1,25.0,0.1,12.0,25.0,22.5,12.0,10.5
O02179,1,2024-12-25,2,27,2,Chair,Furniture,South,6,150.0,0.0,90.0,900.0,900.0,540.0,360.0
O02179,2,2024-12-25,3,27,2,Notebook,Stationery,South,3,5.0,0.0,2.0,15.0,15.0,6.0,9.0
O02180,1,2024-12-25,1,27,3,Laptop,Electronics,East,3,800.0,0.0,500.0,2400.0,2400.0,1500.0,900.0
O02180,2,2024-12-25,3,27,3,Notebook,Stationery,East,5,5.0,0.15,2.0,25.0,21.25,10.0,11.25
O02181,1,2024-12-26,4,36,3,Mouse,Electronics,East,5,25.0,0.05,12.0,125.0,118.75,60.0,58.75
O02182,1,2024-12-26,4,22,4,Mouse,Electronics,West,6,25.0,0.0,12.0,150.0,150.0,72.0,78.0
O02183,1,2024-12-27,4,6,3,Mouse,Electronics,East,3,25.0,0.15,12.0,75.0,63.75,36.0,27.75
O02184,1,2024-12-27,2,8,3,Chair,Furniture,East,4,150.0,0.05,90.0,600.0,570.0,360.0,210.0
O02185,1,2024-12-28,4,29,4,Mouse,Electronics,West,2,25.0,0.0,12.0,50.0,50.0,24.0,26.0
O02186,1,2024-12-28,2,67,4,Chair,Furniture,West,5,150.0,0.1,90.0,750.0,675.0,450.0,225.0
O02186,2,2024-12-28,4,67,4,Mouse,Electronics,West,2,25.0,0.0,12.0,50.0,50.0,24.0,26.0
O02186,3,2024-12-28,1,67,4,Laptop,Electronics,West,6,800.0,0.15,500.0,4800.0,4080.0,3000.0,1080.0
O02187,1,2024-12-29,2,75,1,Chair,Furniture,North,3,150.0,0.1,90.0,450.0,405.0,270.0,135.0
O02187,2,2024-12-29,4,75,1,Mouse,Electronics,North,2,25.0,0.1,12.0,50.0,45.0,24.0,21.0
O02187,3,2024-12-29,2,75,1,Chair,Furniture,North,6,150.0,0.0,90.0,900.0,900.0,540.0,360.0
O02188,1,2024-12-29,4,56,1,Mouse,Electronics,North,5,25.0,0.15,12.0,125.0,106.25,60.0,46.25
O02188,2,2024-12-29,4,56,1,Mouse,Electronics,North,4,25.0,0.0,12.0,100.0,100.0,48.0,52.0
O02188,3,2024-12-29,2,56,1,Chair,Furniture,North,1,150.0,0.15,90.0,150.0,127.5,90.0,37.5
O02189,1,2024-12-30,4,8,2,Mouse,Electronics,South,2,25.0,0.05,12.0,50.0,47.5,24.0,23.5
O02190,1,2024-12-30,1,37,4,Laptop,Electronics,West,6,800.0,0.05,500.0,4800.0,4560.0,3000.0,1560.0
O02190,2,2024-12-30,3,37,4,Notebook,Stationery,West,2,5.0,0.1,2.0,10.0,9.0,4.0,5.0
O02191,1,2024-12-31,4,53,3,Mouse,Electronics,East,2,25.0,0.1,12.0,50.0,45.0,24.0,21.0
O02191,2,2024-12-31,2,53,3,Chair,Furniture,East,3,150.0,0.1,90.0,450.0,405.0,270.0,135.0
O02191,3,2024-12-31,2,53,3,Chair,Furniture,East,4,150.0,0.15,90.0,600.0,510.0,360.0,150.0
O02192,1,2024-12-31,1,31,1,Laptop,Electronics,North,3,800.0,0.0,500.0,2400.0,2400.0,1500.0,900.0
O02192,2,2024-12-31,3,31,1,Notebook,Stationery,North,2,5.0,0.0,2.0,10.0,10.0,4.0,6.0
